Seq_1_LinJ.28_plus,LinJ.28,,1001,795,1205018,,,,,580255,581255,,,plus,GAAGCGTACCGTGACCGCTAGCCGCGTCTCTTAGGTTCCCCTCCATCATTCCTTTTCACTCAGGGCCCCCGTATTTGTTATTATGGTCTGATGCGCCCCTTATTTATATGTGTGTTGAATTGTCAGCACAGCGCCCGCCCAGACCTGCCCGCCGACGCCAAGAGCCCACAGCCGTGGCCGGAAGCTGCTCTTTGTTTTCATAGCTGCCATCGCAGGAAAGGCGCCCCCTAATGACGCGGGGAACACCCCGGCGTGGTATGTGTCAGGGCCCTGTGCACCCCGCACTCTCTGTGGAGAAGCCGAGCCGCCGCCGTCCCCCTATCCCTGCCAATGCCGAGCCACCGCACCTGGCCCCGACAGGGTCCAGCGCCTGCGACACGGGGAGGCCAGTGTGATGTATCGCTACGGATGCCGGCGGTCAGGTCCTGGATGGCGCTGCGTGAGAGCCACCGGCAACAGTGGAGATGTTTGCACCATGGGTATGCTCGGCAGAGTGTCAGCGTGGCTCGAGCGTGTGTCGCTCGGCGCAACGGGAGCGGCTGTGAGGCTGCCTGCGGAGCGGGGGTGGGTGGGTGGGGAGACAGGAGCCGTGCTCAGATGGACGAGTCGGCGCATCGCTGTAACGCGCGTCTACCGCTGCTTCACGCCACGTGATGGGTGGCCTGTGACGGGCCTGGGGTGTAGAGTGGCATTCAGCTCATGTTGTGCGGTAGAGAACGAACGCGCCGAGAAGGAAGAAGCGCTGACTTGATGTCCTCTGCGTCGGTGCTGCATCTCTGTGCCCGGAGCGCAACAGAGATGGTGGGCTCTTCGTCTTGTTTGTTTTTCCGTGTTTTTTCTATGGTCGCATTGGCGTCGGTGCGTCAGCTGGAACATGGCAAAACGGTGACGCTTGTCGCCACACTCACGTTTTCCTCTTTCTTCGGTTGCCGTTGTTGCCTCTGCCAATGTGCTCTACACTGTCTTCCCGCGCCTCGTAACCGGTGCTGTTGCCGCGTACG
Seq_1_LinJ.28_plus,LinJ.28,,1001,561,1205018,,,,,951913,952913,,,plus,GTGGCATGAGTGTGGGTGATGATGTCATCCCATACGCTTCGTCCTTGGCTGCTTTCTTGCACTTCTTACGCACCGACGACTGTAGGCTGCTGGGCACGCGTGTCCATGCACCCTTCCCCCCCCTCCCTGCGCCACCTCACGCACATCCGCCGCACACACGCCTGCTGCTTCACTGCACTGCACTGCACACTCCCACTCCCGATCCATCCCTTTATCATTTGCCACGCCTACGACCCCCGCCCTCTACTCTCTCTCTCTCTGTGTTGTGGAGGAGGGGGCGGCGGAAGCCAGGCAGCTCCTCCCTCCTCCAGCCCTGCCGATTGCCGGACCCCACTTCTCGCTGTGGCAGGGCCGCGCGCATGAGACTTGGGGAGGTCAGTGCGATGCATCGCTACTGATGCCGGCGGTGAGGTCGTGGGTGGTGCTGCCTCGGAGCGACCTGCGACCGTGCACACGCTTGTGCCACCCATGTGACTGGGCAGCGTGACTCGAACGCATCCCACACCCGACCCTCACACGGCCCACTGGTGCTGCGGGGAGCCTGCGCCACTCGTGGAGATGCACCAGGTGGCGGCCGACATGATGCGGCTGGCTGCGAGGCGACGTGCGAAGCGCAGGGGTGGGTGGGGTTGGAGGCAAAGGCCGCGCCGATATGACCTTGCCTGCATTGTTATCGCGCATATGCACACGGCTGCCTCGCGCCGCGCGGATGGGCGTGTGTGTGTGTGTGACCGGCGGGGCAGAGTGCGGCGTTCAGCTCATGCTGCATGGCGGAGAAATGTTGGCGCTGCAAAGAAAATGTGTTGCCCTGGACAGCCTTCTTCTTCCGCCTCCCCTCCCGTCTCTCCTCCGTACCCAACTATTCACTGCTGCTAGCTCCCTTTGCGTTGTTGGAGGCACTCCATCATCTTGATGTGCGGCCGCGGTAGCGGCATCCGCACCACTCCACCATTTTTCTCTCTGCTTTCTCATATCCGTTGCACTCTCTACTGCTCTTTGTG
Seq_13_LinJ.28_plus,LinJ.28,,1000,674,1205018,,,,,28996,29995,,,plus,TAGCCGTGGTTTGGACCACTTCGTGGTAGTGAGCGATGTCGGCCTGGCGTCCTTCAAAGGCATAGCTGAGCCAGTGCACCTTGTCTCGTTGGTGCCGCGCTGTCTCGCTGGGCGGCAGTTTACGGAAAAGTTTACCAAAGTAGCGGAATAAATTTGTACCCCTGCCACCCAGCGCGCTACTCTCGGCTCTCTCGAAGTCTAGGGGATTGGTGCGTGTCTCTCTTCTCTGGTACTCTTATGTTGTCCTTGATGACGTGGGCGCGGGCACCTGGGGGCGTGGTATGAGGGCCCAGCCCCCGCTCTGTGAGGAAGCCAAGCAGCCCCCCTACCCTCGCCAACGCCGAACCACTGCCGGCCGTGACCGGGCCGTGTGCCTGCGATGTGTGGGGAAGTGAGAGCGATGCATCGCTGATGAAATGCTGACGACCAGGTCCTGAACGGCGTTGCGTCGAAGAGAACCGCGGTAGTGGACACACGTGTGCCACTCATATGATTAGGCAGAGTGTCAGCGGGACTCGACCTAATCGCACCCATACCTCACTTCCTACTGGTGCTGGGACCTGGGCGTCACCGCGAGGGGGCGCACTAAGTGGCGGCCGGCATAATGGGAGCGGCTTTGAGGCGACTTGCGTGCCAGTGGTGGGTGAGTATCGTTTGAGGCAGAGGCCGTGCTCTTCGATGATTGAGTCGGCGCACTGCTGTAGCGCGTGTGCCCACGACCGCTTCGCACGACGCGATGGGGCGTGTGACAGGCCTGGGTGGAGCTGAGTTGAATCGCTGCTGTATGGCAGAGAGTGGGCATGTTGAACAAAAGACAATGTATCATTTCATGTTTGGTAGCCCCTTACTCCGCACTGGAAAACAATAAAAGAACACCCAAAGCGACCCCGCGTTGTGTTTGTGGGCAGCCGGTGAAGTACACTCTGTGGCAGTTCCCCCATGAAGTGCTGTGGGGGCTGCACACACACAGCGGGGGAGTCTGCCGCGCCATTTGCATTGA
Seq_116_LinJ.30_minus,LinJ.28,,1001,979,1205018,,,,,304965,305965,,,plus,CAGTGGTTCATCTTTGCCATTCCCGTCGATGATTCCCAATCAAAAGAGGTTTCTGGGCTTCTCCGTCGTTCCTCTCCTCCTCTCCCCCTCCCGCTCCCCACCCTTTCGCCCACTGGCAGGAATTTTGTGTCTTTTTCGTGTCGCCAGGAGGCGCACAACGATGTGATGCGGTTGAACGCGTGCGGCCTCTTTTGCTTTCCTTTGCTGCACAGCCTCTTGTTCTTCTCGCCAGAGAAAGCTCACGCTTGTGATCTACGGTGTTTCCACTTGCGTGTGTACGTGCGCCTTCGCGTGTAGGTGTGGGGTGCCAGACGCCCCCTCTTCCCCCTCTTATCCCTGCCAATGCCGAACCCCGCTTCTGGTCGTCGCAGGGTCGGGTGCCTATGACGTAGCGAAGTCAGGGCTATGCATGGCTGCTCATGTGGGTGGCCAGGTCCTGGCTGGCGTTGCGTCGGAGCGACCTGCGACCTGCGACCGTGGACACGCCTGTGCCATCCATGCGATAGGCAAGGTGTCAGCGTGACTCGAACGCATCCGGCCCCCGGCCTGCGCTGCCTACTGGTGGGGAGCCTGGGCCGCCTTGAGGGATGCACCAGGTGGTGACCGGCACAATGGGAACGTCTGTGAGGCGACCTACTCCGCGGGTGTGGGTAGGGTTTGAGGCAGGGGTTGTGCTCCGACGGCTGAGTCAGCTCAGCGCTGTAAGGAATATGCACGTTGAAAAGATATTTTCGTTTCCGCTTGTGGGCCAAAGGCTTTGCTCTTCGATGCTCCCCACTCCCTGCTGCTGTCCTCTACTCGTCTGAAAAACTAATGGCCGTCGGTGGTCGACGTACGTGCGCACCCCGGATACGCTCTCGAAAGGAAGGAAAAGGAGCTGGCTTATGCATGTACCTCTAGTGAACACTGCTGCACCATTGTCTTTACTTGCGGGGCCTTCAATGCTCGAGTAATGCTCAAACGAGCATTCCTTTATGTCCCCCCTCCCCATCCCTCCTGTT
Seq_93_LinJ.28_plus,LinJ.28,,1000,1000,1205018,,,,,421592,422591,,,plus,TCCTCCTCTCGTCTACTCCCGCCCTCTTACCCGGACGCGTCGTGTCAACGGAGAAGGCGGTCTTGCGGTGCGGCAATTGTAGTCGGAGCGAGCTATGCGGCATTATAGGCCGGTGGGGTGGAGCCGCAAACGAACGCGCAAAAAAAGTCGGATGGCCACGAAACACGACAAGATTGCCACGACATACCGTCGCCTGTTTTATCATCCTTTCTTTTACCATTATTGTGGTTCCACCTCCCTTCCTCTATACCGTTAGGATGGTTGAACGCCTTAACGTGGTGTTTCAGGGCCCACTGCCCCTCCCCTTCCCTCTGCCACTCTCTCTGCCTGGGAAAGCCAGGCAGCCCCTCCCTACCCCTGCCAAATGCCGCGCCACTTCGGATGGTGCCAGTGCCTGGTGCCTGTGACGTAGATGTCAGAGCGATGCATCGCTGCTGACGTCGGTAGCCAGGCTCCGAATGGCGTTGCGTCGGAGCGACCTGCGACCGTGAGCACGCGTGCGCCATCCATGCGGTGGGCAGAGTGTCAGCGGGACTGGAGCGTGCATCATCCCCGGCCCTCGCCCTGCCTGCTGGTGCGGGGGGAGCCTGAGGGTTGCCCCGAGGGGGCTGCACCAGGTGGGGACAGGCATGATGGGCGAGCGGCCGTGCGGCGGCCTGCTCAGCGGAGGTGGATAGAGCTCGATGCAGGTGTGGCGCTGCGACGACTGCGTCGCCGTCGCGGTAGCACGTGTGTGCGGCTGCTTGGCATCACGCAAACGAGCCGGCGACGGGCCCGGGCCGAGTTCTGTTGGGCCCCATGCTCTGCAGCAGAGAGCGGGCACGTTGTCGTTAAAAGTCGTTATCAGCAGTCCTCGACAACTCAAAAATAGAAAAGGTAACCCCCAGCGTTAAAAGGAATGCCACCAGCCGCGTGCCCGCGGCGGGAGGGAGGCACCTCAGGTGGGTGATAGCCAGTAATCACCTTTAGCGTACCTCCAAGCACTGTCGATGGGCTTCCT
Seq_69_LinJ.28_minus,LinJ.28,,1001,560,1205018,,,,,996511,997511,,,plus,GCCCTCTCTCTCTCGGCGCTTATGGATGGCAAGCGCCGAGACCCCGCGCGATAGAACGAGCCGCTGCGTGTGTGTGTGTTTTCTGACGCTTTCCACTCTCTTCGTCTCTGCGCGTGTGTGGTTGGCCCGCCTCTCTCTTGCTGAAGAACGATATGTCGATGTTCTCATCGTTTTATTTCCGACGTTGATGACGGGACCCTGATGATGCCGGCTCATCTCCGTGTGTGAAATCCGAGTGCCCGCGCACGTCCCACACCCTCTACTCTCTCTCTCTGTGTTGTGGAGGAGGGGGCGGCGGAAGCCAGGCAGCCCCTCCCTCCTCCAGCCCTGCCGATTGCCGGACCCCACTTCTCGCTGTGGCAGGGCCGCGCGCATGAGACTTGGGGAGGTCAGTGCGATGCGTCGCTACTGATGCCGGCGGGTGAGGTCGTGGGTGGTGCTGCCTCGGAGCGACCTGCGACCGTGCACACGCTTGTGCCACCCATGTGACTAGGCCGCGTGACTCGAACGCATCCCACACCCGACCCTCACACGGCCCACTGGTGCTGCGGGGAGCCTGCGCCACTCGTGGGGACGCACCAGGTGGCGGCCGACATGATGCGGCTGGCTGCGAGGCGACGCGCGAAGCGCAGGGGTGGGTGGAGCTGGAGGCAGGGGCCTTGCGCAGGTCACCGAGTCGGTGCATTGCCGTACCTCTTGTCAACGTCTGCCTCGCGCCGCGCGGATGGGAGGGGGACCTGTGCCCGGCCCGCGGGCGATCGAGTGTGGCGTTCAGCTCATGTTCCGTGGCATCGAATGAACACGTTGATGCGAAAACGATTTCTCCTTTATTCTGTGCGTGTGGGGGCATGCTGTTGTTTGATGTGTTCTTGAGGAATTTCCTTTACTTCTGCGTTTCTGTTTTGCTTTTTTCGGTCGCGATTTTCGACTTCAGCGCGCGTGCCTGTGCATGAGCTTGTGCTGTGCCTGTGCTTTCCCCATTCCCCTCTCTTAAGAGGTGC
Seq_16_LinJ.28_plus,LinJ.28,,1000,1000,1205018,,,,,147863,148862,,,plus,TCTTCTTGCTCCCCCCTCTTTCCCCTGTGTCGTTGAAGAAGGGGGCCCCTCGCTTCTCTATCCCATTTCTCGCCCTGCGCTTTCCACCCGCTGCGCACGCGCTCAAAAAAAGCCTTCATACTTCCCCACTCTCCGCGCTTCTCCTTACCGTTCGCCTTTCCTTCCACACCTTTGCATCCCCGGCCGAGAGTTGGCCCAACGCTTCACCGCACGACATGACTCTTCACCTCCGCTCCAAGGAGACACCACATGATGTGGTAAGGTGAGGGGGGCGGGGCACTCGACATATTCTCCCCGAAGCTGCTCTTTGCGTCATGCGTGTGTGCGTGGACTGCACCCCCACTTCATCGTCCGCCCTCATGACGTGCGGGGGTGGGGAGGGGCCACTTCAGCGTGGCATCTCAGGACACAGGGGGGGGGCGCTCGCTCTCTCTCTCTCTGTGTGCGGAGGAGCGAAGCAGCCCCCCACCGCCCACCCTCTTCGCTATCCCTGCCAATGCGAGGCCACTTCTGGTGGTGGCAAGCTCAAACGCGCCCTCATGATGTGTCGGAGGCGCCAGAGCGATGCGTCGCTGCTGACGCCGGCGGCCAGGTCCCGGAGTGGGGCGGTGTCGGTGCGACCTGCGACCGTGAACACGTCTGTGCCGCCCACATCGATGGGCAAAGCGCCAGCGGGAGTCGAGCGAATCCCACCCAACCCTCACACCGCCCACTGCGGGGGGGGGCCGGGGTGTCGCCCCGCGAGGGGTGCACCGCAGGGGTGGCGGCCGGCATAATGGGCCGGCTGTGAGGCGGCCTGCGCACCGGCGGGTGCCGGGTGGAGAGAAGCTTGGCTCACGCTGTATGTTATAACGGACATGTAGAAGAGTCTGCTGGCTAAGTGTTTCGTGTGTATGTGTGTGCACGGTGAGTTTTCCCGAGTGCCCACCCCCTTCGGCTTCTCCCCTCCCCTTCCCTGAACTGCACCCGCTGTCTTCCTGTCGGTGTTACACAGGTTGTT
Seq_7_LinJ.28_plus,LinJ.28,,1000,342,1205018,,,,,142695,143694,,,plus,ATCGAGGATAGCGAGGAAGCTTCCGAGGATGCACCCAGAGCGTCACAGGGTGCGCCGGCAACATCCGTAGCGGCGGGTGACAACGATACCAAGGCAGCGGAGCCGGAGTTTAAACGGGCTAGAGCAGACGGAGCCGAGACTGCCCTGCCAACCTCGTTGTAGCCGAAAACGCCGCGGTAGGTGCATCCGGTGCGAAAAACAGCGAGGCGGCCGGGGACAGACATGCTCGGCAATGCTGCAGTGAGCCGCTTCCTCCCACCAAGCTCCTTCCCAACTTCTGGTCCCGCAACGCTTCAATACCGTGTGCCGTTGTTCTCCTTTCCATCGGCCGCCCTCATGATGTGTCGGAGGCGCCAGAGCGATGCGTCGCTGCTGACGCCGGCGGCCAGGTCCCGGAGTGGGGCGATGTCGGTGCGACCTGCGACCGTGAACACGTCTGTGCCGCCCACATCGATGGGCAAAGCGCCAGCGGGAGTCGAGCGAATCCCACCCAACCCTCACACCGCCCACTGCGGGGGGGGGGCCGGGGTGTCGCCCCGCGAGGGGTGCACCGCAGGGGTGGCGGCCGGCATAATGGGCCGGCTGTGAGGCGGCCTGCGCACCGGCGGGTGCCGGGTGGAGAGAAGCTTGGCTCATGTCGTGCGGCAGAGAACGGACACGTTGGACGAAATCGGGGTTGTTGCTTGGCGCCAGCTCTCTGAGAGCGCGTTTCGATCATCCTCCCCGAGTAATCGCGTAACCGTAGAGAGCGTAAAGGCAGTCAAACGGAAACAAGCGAAAAAAAGAAGTCAGTGACGCACCGAGGCGGACGCGTTGCACGTCCCCCTCTCCCTCTCTCTCGGACCCCCCTGCTTCTGCTCGTTGCGCACGTGTAGCCTCTCTGTGTGGCCGAGAGAGGAGAGAGCATGCGGGGCGGAGCGAAGGTGCAGGGCGAGTTAGACAAGCGTGGGGGGGGGAGGTCTTCGACTGCCTGTCGCCCCTTCCCCCCCCCCCACACGCA
Seq_38_LinJ.29_plus,LinJ.28,,1001,905,1205018,,,,,505130,506130,,,plus,TGATTCTCACCAGCGCCGAAGATGGAGTGGCAAAGAAGCTGCGAAGCGTGTTTCATCTTCCGCTCTAACGAAGCTATCGGAGATGGGAGCCAGTGGAGGAGGCTATGCTGCCCTCGCATCGCTTTTGGTGTGTCGACGCGCATAGATGTTGTCCACGGAGCGCTCACCTACCGTCTGGTGCTGCCTCGGTTTGTCTCCACCGCTGGGCTGTGCCCATGTATGGATATGCGTACCTAGGAGGCGCGTGGTGTTGTGTGCTGGATGTACCGCTCCCCCCCCCACACACACACACACACCCTGTCCATAATGCCGCGCGTCAAGCGCGCGCACACGTTCTCTGTGGCGTCTGCTCCCATTTCATTGCGTGCTGGTGTTGAGAGCCTGAATGTCACCCCCGAGAGGGGATGCAGCAGGGGGCGGCCAGCACAGTGCGGGTGCGGCTGTGAGGCGAACTGCGGAGCACGGTGTGGATGGGTAGAGGTTGGAGTCAGAGGCCGTTCTCCAGTGACTGAGTCGGCGCGCTGCCGCACAGCGTGTATCAACTGCTACTTCGCACCACGCGATGGGGGGCCTGTGACAGGGCGGGCGGTAGAGAGGCGCTTGCATCCATGCACTATGGTCGAGAAATGGACACGCTGCAGGAGAAGCCCCGCTCTGCAGACGCACACGCTCGCCTCTCGTAGGAGCAGAACTGCACCTGACCACAAACGGAAGGGACCGAAAGAAGAGGTGGAAAGCGTCACTTCTGCAGACCGTGTGTGGAAAGCAAAACAGGCGAGTGTTTCTGGAAGAGCACCGCCCACCCACCCTCCCATGTGTAACGTGTTGTGGTATCCCCTCCTTTTCGCGGATTTGCCGCGGTCCTGTGTTTTCGGAGAAGGGGGAGGGCTCTCACCGGTTGGCGCCCATCACCCACTCGCCATGCTCTTTCTGCTCGTTCTTTTCTTATGGTTATCGGTAACGCACCCCCTCACACGCTGGCACACCTGCACTTCATCGGA
Seq_14_LinJ.28_plus,LinJ.28,,1001,374,1205018,,,,,769636,770636,,,plus,ATATGCGTGTGCCTGTGCGGGAGAAGAGAATGTCAGCTCTCTTGTAGAGCGCAGGCCCAGAGACGCGGCAAAGGTCTCCAGAAGTGGCGTAAGCACACGCATCTCGCGTGTCTGTGTCGGCGTGCGTGCCCGCCTGACCCTCTCCATGAGTTATGCGGGACAACAAGGAGCAAGTAAGGGGAGGAGAGAGACGCCGCAGAGAGCTTTTCAGCATGAGCCGGAGACGGTGACACGAACAAAACAGATGAAAAGAGAAGTTCGCCCAATGCGAGCACGTTTCTTTGTTGAACGTGTTCATGGTTGAGCGAACACGTAAACAGATATACACGCATACACAATCACAGGTCTCGTGTCTCTGTGGCACTGCAGCTATGCCAGGGAGCCGGCCCCGCTAGCACCGCGTGGCGTCGTTCCGTCCATTGCAACGTCACTGCCTCACAGCGCAGCCGAGGTCCCGGATCACGCTCAACATCACTGCAGCGCAGCAAAGGCAGAAAAGCGGTAGGCGGGTGCATATGTTTTCCGAATCGTCGCGCGGGGTTCGTAGTGCGCCGGCCCAAGCGTGACCATCACGACGGCGCATCTCTTCCGCACAGCGCCGCCCCAGACCCGTCCGCCGACACCGAGAGTGGGTACTACGCCCTGATTCCGCGGTGAGGTGGTTAGTATCATGAGGGCCAGCGCTACGGTCAAGAACATCAAAAACGAGAAAAGGAAAGGTAAAGGATGACAGCGCGGTGGAAAGGTGAAGGGGCGGTAGTAGAGCATGGCGACTCAAGGAAAGAATGGGGGAAGAGAAGGAAAGGAGGGAAGAGCCGCACATGCAGCTCGAGGCGCGAAAATGGCCTCTACACAAAGAAAAGGCGGACGCGTAACACAAAACAAACCCCAGCCGGGCACCCGCTACCAAAACAAAAACAAAACACAAAAATAAAGAGACGGACCAGCACTCACACACAAGCACACCCGCGCAGAGAAAGAAGCGGACACACAAAAACTCA
Seq_30_LinJ.28_plus,LinJ.28,,1000,1000,1205018,,,,,607302,608301,,,plus,AGCCGTTGGGTTGGACCGCTGCGCATCTGCCGAAACCGCCGCAGCTGTCTTTGAGAGCGACGATTCGGCGTTTACGCTCACTGCCGCCGTCGATCGCAGCCTTGGCAGTCGTGTTCGATAGTGGTGCTTACTAGAGCAGGTGTGCACCGCGGTGCTGCCAGCATGAGTCAGGTGGCCCAAGCGGGCCTGATTCAGTGGCGTAGCCACTGAGTAAGTTAAAGCGCCCGTGCTCTGCTTAATGCTGGTGGTGCTGGCAGAGCTCCTGGAAGCTCCCGAGGCGAGCACAACCGCAGGTGGGAGCGAATCGTCTGTGGCGACTTGGACGGTGTCGCTACACTTTTCAACCGCCGTCGCAAGCGGCGTTGCACTGTGCATTGAAGTGCCTGAAGAATGCTGGCGCGCCTGCTGATGCTCCAGCTCATCTTCGCACTCTCGATGCAAGAGAATGCCCTTGAGCCGATCTGGCATATGTACGCGAGCGGGTGTGTGTGTGTGTATGTGTGTGTGTGCGCGCGTCTGTCTGTAATGAGCTCAAGCAACACAGTGAGTAGTCACGAGGCCGATCTGCCCATGCCCTCTCCCTTTTCTTCCTCGCTCCGCCGCAACCCCCCCCCCCTCTTCTCACCGCTTCGCTGCTCTGCGCTCGGTGCGGCGGGGAGAGACGGATAGAGGTGGACCCGATGGAGCGAGTGCAGGTAAGCGTATCTAGGTCGGTGCGAATACGCGGAGGAGATGAAGAAAATCCCCGCACCGAGTACGCTCACGGCAACGGGAGAAGCGCACACATGCAACCGAGACGAATAACAGGCGTCGCGGCACAACGTTCCCTCCTCCTCTCTCTCCTTGCACGCGCGCTTTACCTTCTGTGGTCTGGGCTCTGAACTGGTGAGCCGCGCGCGCCGGATGGTCAAAAGATGGCAGCGGCAGCGGCGGCGAAAAGAGGAGCGCGGGAGCACCGTGAGGCACACAGAACGAAAAAGAAGCCGATGAAGAATGATGA
Seq_7_LinJ.28_plus,LinJ.28,,1000,598,1205018,,,,,946998,947997,,,plus,GCAGTGGGCGCGAATTGGGCGAATGCATGCGCGCGGGGGGGGAGAGGCGGTGGCGGGTCTTTCATCATTTCGCTGTGCGAGACACTCTGTGTTGTGTCCTGGTGCATGCTCGGGTTTGCCTTCTTATTTCTTGACTTGGCGAGAACTGCGGCCGATTCCGTGCTTTTTTCTTTATCCGCTTCTTGCGTGTGCCTCTGCTGACGTGTGTGAAATTCGAGTGTCCGCGTACGCCCCCCACCCTCTACTCTCTCTCTCTCTGTGTTGTGGAGGAGGGGGCGGCGGAAGCCAGGCAGCTCCTCCCTCCTCCAGCCCTGCCGATTGCCGGACCCCACTTCTCGCTGTGGCAGGGCCGCGCGCATGAGACTTGGGGAGGTCAGTGCGATGCATCGCTACTGATGCCGGCGGTGAGGTCGTGGGTGGTGCTGCCTCGGAGCGACCTGCGACCGTGCACACGCTTGTGCCACCCATGTGACTGGGCAGCGTGACTCGAACGCATCCCACACCCGACCCTCACACGGCCCACTGGTGCTGCGGGGAGCCTGCGCCACTCGTGGAGATGCACCAGGTGGCGGCCGACATGATGCGGCTGGCTGCGAGGCGACGTGCGAAGCGCAGGGGTGGGTGGGGTTGGAGGCAAAGGCCGCGCCGATATGACCTTGCCTGCATTGTTATCGTGCATATGCACACGGCTGCCTCGCGCCGCACGGATGGGCGTGTGTGTGTGTGTGACCGGCGGGGCAGAGTGCGGCGTTCAGCTCATGCTGCATGGCGGAGAAATGGCATCGCTGAACGAACAAGAAATGAAGTGAGTCGAACTCTCCCTTTCGCGTTGCTCTTTCCTGGCTTCACGCAGGCAGACGCACGAGCGTCCACAAGGCGTACGCGGCGTTGGTATGAGGGGCGGCTCGAGGCCTTTTCGTTCGTTACTCTTCGTGCACGGATCTCGTCCGGCTGACTTCTTGTGCACCGCCTCGCCACTGTGCAACGTGAAGAAGCAGAG
Seq_8_LinJ.28_plus,LinJ.28,,1000,599,1205018,,,,,926975,927974,,,plus,GAGGCAGTGGGCCTGAGCGGCATCTGCTTCTGAGGGTGCATGCCGTCGTCGTCGGCGGGCAACGCCGTGTCCGTGCCGTTTGCCTCCTCGAATTTGCTCTCCTTGCGTGTCTGTATCGGTTCTCGGACTCTTCTTCACGTCTCTACCGCAGACGTGCGCTCTTTCTTTACTTGTCTTTCCGCCTCCTTTCCCCCTCTTCCTCCGTGCTGCGATATCCGAGTGCCCACGTACGCCCCCCACCCTCTACTCTCTCTCTCTCTGTGTTGTGGAGGAGGGGGCGGCGGAAGCCAGGCAGCCCCTCCCTCCTCCAGCCCTGCCGATTGCCGGACCCCACTTCTCGCTGTGGCAGGGCCGCGCGCATGAGACTTGGGGAGGTCAGTGCGATGCATCGCTACTGATGCCGGCGGTGAGGTCGTGGGTGGTGCTGCCTCGGAGCGACCTGCGACCGTGCACACGCTTGTGCCACCCATGTGACTGGGCAGCGTGACTCGAACGCATCCCACACCCGACCCTCACACGGCCCACTGGTGCTGCGGGGAGCCTGCGCCACTCGTGGAGATGCACCAGGTGGCGGCCGACATGATGCGGCTGGCTGCGAGGCGACGTGCGAAGCGCAGGGGTGGGTGGAGTTGGAGGCAAAGGCCGCGCCGATATGACCTTGCCTGCATTGTTATCGCGCATATGCACACGGCTGCCTCGCGCCGCGCGGATGGGCGTGTGTGTGTGTGTGACCGGCGGGGCAGAGTGCGGCGTTCAGCTCATGCTGCATGGCGGAGAAATGGCATCGCTGAATGAACAAGGAGTTGTTTCCGCCTCCTCCCCGTCCCCGGCTGTGACTGTGGCTCCGTGTGGGCCATCGGCCCGAAGAAGGGACAGGGCTAAGCGGAGGTGGCTGGACGAAGTGCGACGCGGCCGTGCATGTGTAGTGTGATAGGGAGACGCTCTTAGTTTTGCCTCTTCTGTGTTCTCCCCCTTGTCTACGTGTGTATGTGCAAGCGCG
Seq_1_LinJ.25_minus,LinJ.28,,1001,1000,1205018,,,,,849313,850313,,,plus,TTTGCACTTTTTACTCTTGTTTTTGACAATTGTTTTCCCCCTTTTTTTTACCACGGCGATCAGCAAAACAAAGAAAAAGTTCGTGGATCTCGGACTGTTTCTTGTTCGACTATGATCGATTTGCGTGCACCTAGCACCAAATCCCATCACAGGGTAGAACATCCTCGCCAAAGCAAAGCGTGAATTGTAGAAACTCTTTCGTTCGTACGTACTTCAAGACCAAGGTGATGGGCGACACCTCAGCGTGGTATCTGGGCCCAGTGCCCACTCTCTCTGTGGGGAAGCCAAGCAGCCCCTATTCCTGCCACTGCACAACCACCTCTGGTGGTGACAGGGTCAGGTGCGCGTGACGTAGGGACGTCAGAGCGATGTATCACTGCCGATGCCCGCAGTGTCCGGTGCTGGACGGCGTGGCGCCGGAGCGACCCGCGGCCGCGCACACGTTTTCGCCATCCACAGGATGGGCGGAGTGTCGGCGTGACTCGAACGCGTCCCACCCCCGGCCCTCACTGCCCACTGGGGGCGGGGTGAGTCTGGGCCCCCCGAGAGGGATGCCCCGGGTGATGGCCAGCATAATGTGCGTGGCTGTGGGGCGACCTGTGGGGCGGGGTTGGGTAAGGTTCGAGGAAGAAGCCATGCACCGATGACCGGGTCTGGGCATTGCTGCACCTCGTGTGCCTACGGCTGTCTCGCGCCGCGCGACGGGGCCTGTGACCGGCCGGGCAGAGATGAGCTTAGCTCTTGTTGTGTGGTGGCATGGACACGTTGAAAAAAAAATCTTTACTTTGCTCCCCTTCTGTGACTCTTTTGTCATGTGCCACTTATGCCTACATATTCGCATGAAAACGAAGGTAGGTTTGCCTCTGTGTCGTAGATCACCTTTTCTCAACTGCTGATCAAAGACATGAGCTGCTGTAGGGAGCTCGAGCACTCTCTGAACGATCTTTTGATCGATTCAGTTTCCGTGCCTTTTGACTTCCCCAACTTGTGGAAAGAAGTTG
Seq_4_LinJ.16_plus,LinJ.28,,1000,314,1205018,,,,,200590,201589,,,plus,TCCACGAGCACACGACCAAATACTGTGATTCTGAACTCGTGTTCCACACCCCACGGCACATCTGCTTTCATGCAGAAAAACTTCTTCGCGGGAGACGCAGACCCCAACGACGGTGCCAAGTTGCACACCGGCTTTCGGGGGAGGAGTGAAGTCGTCACTTTCCAACGCAAACTATTAGCACTGGCAGGCAACGGCTGCATCAGAGCGATTCAATAGGAAACGAAGTAGGACCCTCCGTGATTTCTGCGTTTTACAGCGCTTCCAGCAGAGCACCACTGCTGTTCCACAAAGGCACGACTCCTTCACCCCTTTCAAAAAGCATTTATTCTGCCGCTAGTCAGCCCGTACACGCATGCACAACCACTGCTAACCTAACTCTGCGGCTCTGTGGCTACATCATGCTTGTCCAACATAAACCGTCTGCCGTCGAGCCGGGCTGCACGTCACGCAGGTTCTTCCTCTTCTTCCTCACCCCTTCCTCTCGCATAGATGCAGCGCAACCGGCGCCGGTAGAAACTTAAGTGAGCTGCAGGCCGTGATCAGAGCGGGCCGCGTCCAGAGACCTGTTACAGGGCGGCGGCGGTGAATTAATTCATGTGCACAGTAGGAATCTCGGCGTGATGACTGAGACCGGTAACAAGGGCCCTGATCCATGCTGATGCGTCTGCTTCTCTGGCGGTGCTGCTGCAACAAGCTGGCACCCCTCCGCTCTGTGATATGATGAAAATATGTCGAGAAGACTAGTTCAAATCAGCACCGCACGAAACGCGCGAGTGACCGCAGATTTTGCACCACCATACGTCGTAAAGCGCCATCCTCCGATGTTACTGCGTCTGCGTTGAGAGCACCATGAAGAAGCGCACGTCATCCTTGTCTTACTGCGCGTTGGTAGCGACCGTTGACGTCACTGAACCTCCCGCATATCATCCGTTGCGCGGGGAGTAGAACAGAGCAACACTGAATAGCCGCACGCTTCTGTTACGCGGCAAGCTTCACTCCA
Seq_10_LinJ.16_plus,LinJ.28,,1000,630,1205018,,,,,894393,895392,,,plus,TACGGACTCTCGTCCGCTTGCACGTTAGGCACACACATACGCACACAAAAAGGTCGTGTACTTACACGCAAAACCTCTAGCATGTGTGTCGCGCGGTGCACCTACACTATGGCGAGGGCGTGCATTGAACTGTGAATGCTGACGGCTGACTCTCGCTCGCTCCTCCTTACCTCTTCGCCTTTCCGCGCCTGCAAGCGAGTGGGCAGTCCGACTCTGCGGGCATAGCGGTACGACGAGATCGGGTGCACGGCCGCGTTTTGCTTTTCATTGTCCAGTGGAAGCGGCGTCACGATTCTGCCTGTCAGCGCTGGCTCTGGTTTTCGGTTTCTCTGCGAATGACAGCTTCTCTCTCGTTGTTTCTACTCTCCGTGTCCCCAGAGGCAGTCCCGCCCACCCGGACCCCCCTTCCCCACCACTACTTCATATCTTCACTCGGTGAGGCAGGAAGCTGGTATAGCAGGCGACCCTGCCCTCTCGTCTGCGCACACCAAGCACAGTCGTGCATACGTATCGATGCCTTTGTAAAAAAGAAGACGCGCTCTATTTTTGCCGGTGCGGCCTCTGTGTAAGCGGCGCGGTCACACCCACACCCACACACCCACCCACCCACCCACACACACACACACACACGCCACCCCAGTAGTCCGGCCGATGGAGGAGAACATTCTGACTCGCCTCCCGGCCTCGGTGTAACTCTTTCTCCCGTGTTCCGTTTCGCGCCTTCTTACTCTCCCTCTCCCCTCTCTTGCACCGGAAACGGAAGGGAGGCATTCCCATACGCACGCACGGCATATCGGAGCAGCGCCAGCGAATGCGCATGGCTTCACTTTCCCTGTCTTTTGGCCCGAGTGACGATACACGCACACATGCGCGTGCGCTGCTGTCACCCAACGAAGCACCCTCCTCCCTAACGCAGAACTGAACATCCCCAACCCCCCACCACGTACGTGCAGGCTAAAGAATCAAAGGCGAGATGCTCCAGCGAACTATCGCGTACACA
Seq_34_LinJ.36_plus,LinJ.28,,1001,456,1205018,,,,,532445,533445,,,plus,CAACTCTCTCTCTCCATCCGACCTTCTCCTTCTCGTTCCTCCACCTCTCTTTGCTCTCTCTCTCCCCCACACACACGCACACTCTCCATATGTGTTCTCCGCATGTTTTCTCCTCTGACCCGCGACCTCCTGCTGTTTCGTATGCCTTCGTTCAGTTTCCTTGCTTCTCAGCTCCCTCTTCTCCCTCATATGCGCCTGAGCCCCCATGCGTCTGCACGGGCTCCTTTTTCGTTCCTTGTCGCTTTTTCCTCAAATATGACGGCACGAACCTGCCGCGTGCTTTCTTTGTTTTTTTTTTAATCCCTCTTCTCCCTTGGTTATGCCGGCCACCTCAGTGTGGTATCAGGGTCTAGCGCTCCCGTTGTGGAGAAGCCAAGCAGCTTGGACAGCCTGCCCTCGGGCACGGCTTCGGACTCGTGGTGTTGGAGAAGAGAGCTGTGCCGAAGAGGCTTGCGGTCACGATAACGCTTGGACCAGCTGACGGCGAATCTTGCCGACGATTCGACAGTTGCACGCATCCGCCGCCTGTTTTTATGCGTTAGGTGCGCCGCGGCGGTGATGCGGGACTCAAACCGGAACCCAGCCGGCGCTGTCTGCCGTGGAATCGCAGCGGGCCTGAACGACGCCCAACAGTCTTGGTTGGCCCCGTTCCTTGATGTAACCGTAGCGCAGACGAGGTAGGCGCATAGCCGCGGGCTTGTGCGCGTCTGTTTCTCGATTTGTTCACGGTAGAATAAGGTCATAGCAAAGAGAAACATGTTAAAGTCCTTTTTCCATTCTGCCGATTCAGTCTCTTCCCTCACCCGTCCCCCGTCCCCTACACTCATCCTGTGAGTGGAGCACCACGCGCACACACACACAGCAGAAACAGAGACTGGTCTCTATAGGTGTGTCGCTTCGATTGTGGTGAACTCGTGAGCGAGCACCAGAGCACACCCCATCCCGCGCTGCCTCGCTCGCTCGCTCTCTCCCCTTCTGTCCGAAAACGCTGTGCTGTGCCT
Seq_12_LinJ.28_plus,LinJ.28,,1000,580,1205018,,,,,895377,896376,,,plus,AACTATCGCGTACACACCCGTACGCGAAAATATCGACTTGGTGCAGCCAACAAGACATCGCCGACGTGGCGCAGCCTCGACAGGCCGATAGTGGGTGTTAAAGCATCTGCCTAATCCACGATCTGTGGCGTGCTCCTTCGCGGTCTCTCCGTACTCCCACCCCAGCGTCACCTCACCCATTTATTGCTTTTCTTTCAGCTCCTCTCTCGCTCTCCCCGACGACGACGCGGGGGGGGCACATGCCTCTGTGCGTTGTGTCTCTGGGCCCAGTGCCCACTCTCTCTGTGGGGAAGCCAAGCAGCCCCTATTCCTGCCACTGCACAACCACCTCTGGTGGTGACAGGGTCAGGCGCGCGTGACGTAGGGACGTCAGAGCGATGTATCACTGCCGATGTCCGCAGTGTCCGGTGCTGGACGGCGTGGCGCCGGAGCGACCCGCGGCCGCGCACACGTTTTCGCCATCCACAGGATGGGCGGAGTGTCGGCGTGACTCGAACGCGTCCCACCCCCGGCCCTCACTGCCCACTGGGGGCGGGGTGAGCCTGGCCCCCCCCCGAGAGGGATGCCCCGGGTGATGGCCAGCATAATGTGCGTGGCTGTGGGGCGACCTGTGGGGCGGGGTTGGGTAAGGTTCGAGGCAGAAGCCATGCACCGATGACCGGGTCTGGGCATTGCTGCACCTCGTGTGCCTACGGCTGTCTCGCGCCGCGCGACGGGGCCTGTGACCGGCCGGGCAGAGATGAGCCTAAGCTATTGTTGTGTGGTGACATGGGCGTGGAAGGAAAACGAAGTCTTCACGCACACTCTGCGCTCTCTTCATCGGTGGGCTTTGTTTGCCGCTTTTGTCGTGGCCGCTGGCCTGCGGTGTGCTGCCGGCGGGGGGGGAGAGCTTTCTCGGTTCTCCGTTCCCTGCTCGGTGTGTGTCCTCTCTACGCATTCCGATGGAGGACGGCTCAGACTCTGCTGCTGCTGAGGCAGACCGCAACGTGAGGAGTCGACC
Seq_15_LinJ.28_plus,LinJ.28,,1000,374,1205018,,,,,811142,812141,,,plus,CAGACTCAACTACGCACTCCAATGTGCTGAAAGACCTCGGGCAGTCGATCACGTCGCACGAGAAGACAGTCATCGCCGATGTCGCAAAAAAGCATACAGCAAAACAAAACAGGCTTCATCAGGTAGAGCTCTAGCATCCGCCACCTCAACTGCCAAGGGCCGTAAGAAAGGGAATCCACGCATACGGGAAAAGAGAGAGACCAACGGGTGCGTATGCCCAGATACGCACAAATGCAAGCAAACACGAAGATGGTTAAAGTTATCAGTCAGGCAACATAAAATTTCCAACGTGTCATTCTACAGCCGGAAAGTCAGCAAATAGACGCATACACAATCACAGGTCTCGTGTCTCTGTGGCACTGCAGCTATGCCAGGGAGCCGGCCCCGCTAGCACCGCGTGGCGTCGTTCCGTCCATTGCAACGTCACTGCCTCACAGCGCAGCCGAGGTCCCGGATCACGCTCAACATCACTGCAGCGCAGCAAAGGCAGAAAAGCGGTAGGCGGGTGCATATGTTTTCCGAATCGTCGCGCGGGGTTCGTAGTGCGCCGGCCCAAGCGTGACCATCACGACGGCGCATCTCTTCCGCACAGCGCCGCCCCAGACCCGTCCGCCGACACCGAGAGTGGGTACTACGCCCTGATTCCGCGGTGAGGTGGTTAGTATCATGAGGGCCAGCGCTACGGTCAAGATTGAAAACAAAGAAGTCAAGGTATGGATGAGAGTTAATAATCTGAGGAGCCCACGCACAAACGGTAGTAGTCAGAGGCGGGAGGCTAACGGCAGAAGAGTCCAAAATCGAAAAGCAAAGTCCAAAAAGAAAAGTGAGACTGATGTCAGCGAAGACGCACTGAAGAACGGGAAAAGGGGAAAAACACATATACTCTCACATCTGCACACACTTGTGTACTTCAGCACAGCGAGACGTTTCGGCAATGGATAGTTTTGTTGTTGCTCGGCTTGCTTTCTTAGATGTATGTGCCTTGTATTCGATATGCATA
Seq_15_LinJ.28_plus,LinJ.28,,1000,572,1205018,,,,,787343,788342,,,plus,ATCAGCAAGATGCAAAAAGCACGTGGAAGGGAGGAAAACGAAAGCAAGAGCGCTCGGTTAATGGTTCCTTGCCACCCGTCACTTCACGGGTGTGTGCTTATGCACCTCTGCACGGGTGAGAGGCACACCACCACACAGAAAAAGCAAAACTCCTACCTAGTCGCTGCGTTGCCGAGCCGCGAGAAAGGGGAGGAGGGCACCCCCATCGATTTTCTTCCTTCCACGCCCATGCCACCACACAACAATAGCTTAGGCTCATCTCTGCCCGGCCGGTCACAGGCCCCGTCGCGCGGCGCGAGGCAGCCGTAGGCACACGAGGTGCAGCAATGCCCAGACCCGGTCATCGGTGCATGGCTTCTGCCTCGAACCTTACCCAACCCCGCCCCACAGGTCGCCCCACAGCCACGCACATTATGCTGGCCATCACCCGGGGCATCCCTCTCGGGGGGCCCAGACTCACCCCGCCCCCAGTGGGCAGTGAGGGCCGGGGGTGGGACGCGTTCGAGTCACGCCGACACTCCGCCCATCCTGTGGATGGCGAAAACGTGTGCGCGGCCGCGGGTCGCTCCGGCGCCACGCCGTCCAGCACCGGACACTGCGGGCATCGGCAGTGATACATCGCTCTGACGTCCCTACGTCACGCGCGCCTGACCCTGTCACCACCAAAGGTGGTTGTGCAGTGGCAGGAATAGGGGCTGCTTGGCTTCCCCACAGAGAGAGTGGGCACTGGGCCCAGAGACACAACGCACAGAGGCATGTGCCCCCCCCCCGCGTCGTCACCAGGGAGCACCACGAACAAACGGGGAACCAGCGCTGGAAGACACGCACGGCCGTGTGCGACACCAAGACAACTGCCAAGTGTAAGAGGTGAGGGGACCGAAAAAAAAAAGGAAGGTCAGGTCGAAACGCATGAGGGAAAACGAGAGCCCTAAGCAAGAACCGCATGGGCGACCGCCCATGACGAGGCGCGCTGCAACGTGGGAAGTCAAAAATGTCGAGA
Seq_20_LinJ.34_minus,LinJ.28,,1001,1000,1205018,,,,,76194,77194,,,plus,AGGCGAAGAGTCCGAGATGCTCACGCGGAGAAGATTGAGAACGGAGTGAGCGGAACAGGGAGACATGAGAGACGTCGCCTGTCTTTTGCCCTGTCCCGCTTCTGCTACGGCCACCAGCCAGAGGCGTCGAGTACTTTCCCTTGCCCATAGCGTCTCTGATTTGCCCAATCGGCACACTCTGTAAGACCCCAATGTCGTGCGGGGGTGGGGAGGGGCCACCTCAGCGTGGCATCTCAGGACACAGGGGGGGGCGCTCGCTCGCTCTCTCTCTGTGTGCGGAGGAGCGAAGCAGCCCCCCACCGCCCACCCTCTTCGCTATCCCTGCCAATGCGAGGCCACTTCTGGTGGTGGCAAGCTCAAACGCGCCCTCATGATGTGTCCGGAGGCGCCAGAGCGATGCGTCGCTGCTGACGCCGGCGGCCAGGTCCCGGAGTGGGGCGGTGTCGGTGCGACCTGCGACCGTGAACACGTCTGTGCCGCCCACATCGATGGGCAAAGCGCCAGCGGGAGTCGAGCGAATCCCACCCAACCCTCACACCGCCCACTGCGGGGGGGGGCCGGGGTGTCGCCCCGCGAGGGGTGCACCGCAGGGGTGGCGGCCGGCATAATGGGCCGGCTGTGAGGCGGCCTGCACAGCGGCGGGGGTAGTGCGTAGAGTGCGAGCGGCGGTTGCCGTGGGCAGATGGCTGGGTCTGCGCATTGCCGTAGCGCGTGTGTCTGGCGCTGCTTGGCACCACGTGCATAGGGGAGGGGGGCCGTCAGAGGCCAGGCAGCGTGGGTTGGAGAGGTGCTTGACGCCTGTCGTATGGCGGAATAGCCGTGTTGGAATGCGAGAAGAGAAAGCGGGTGTGCGTTTCACGAGTTTTTTTTTATGTATGCCGCTCTCTCGTTTCCTGTTGTCTGTGTGTTTTGCTTGTTTGTTTGTTTGTTGTTGTTGGCCCCTCTGTTTTACTCCTCCATATCTCGTTCTCGCTTTACCTTCTTTTTTTTTCCCGTCCTGA
Seq_38_LinJ.28_plus,LinJ.28,,1000,560,1205018,,,,,601230,602229,,,plus,GCGTGAGTGGCATATCAACTCAGTGGGATATCAGTGAGAAAAAGGGCATGGAAGCGAAGAGTTTTGCTTTTCTTGTTGTTCGATCGGCAGCCTCTCGCCCTCTCGCACACACACACTCGCCCCTTTCACTGGAGGGCTGGTGAACCCACGTGAAAACAACGTCGAGAAGCGAAAGCGCACGGGAGAGGCGCGCACGTGCCGATGACGACCACACCAGCAGCCGTCGCACGGCGACGAGAACGTCTTTTCTCTTTTTTTTTTCATTTTAACGCGTTCGTTCTCTGCCGCACAGCATGAGCTGAATGCCACTCTACACCCCAGGCCCGTCACAGGCCACCCATCACGTGGCGTGAAGCAGCGGTAGACGCGCGTTACAGCGATGCGCCGACTCGTCCATCTGAGCACGGCTCCTGTCTCCCCACCTACCCACCCCCGCTCCGCAGGCAGCCTCGCAGCCGCTCCCGTTGCGCCGAGCGACACACGCTCGAGCCACGCTGACACTCTGCCGAGCATACCCATGGTGCAAACATCTCCACTGTTGCCGGTGGCTCTCACGCAGCGCCATCCAGGACCTGACCGCCGGCATCCGTAGCGATACATCACACTGGCCTCCCCGTGTCGCAGGCGCTGGACCCTGTCGGGGCCAGGTGCGGTGGCTCGGCATTGGCAGGGATAGGGGGACGGCGGCGGCTCGGCTTCTCCACAGAGAGTGCGGGGTGCACAGGGCCCTGACACATACCACGCCGGGGTGTTCCCCGCGTCATTAGGGGGCGCCTTTCGCCTTGACTCTGGAGAAAAAGAGGGATCACTCTCACCCCCCTCCGGCGCTGCCGATAGACACGGTGAGGAGAAACGCGGACGGTGTCTGGGGGTGACGGCACTGGCCAGCCAGCAGCAGCAGGCCCTTCTCTGTGTTCACCACAGTCGGTGTGTAGCGCCAGTGAGGTAGCTTCCCACTCACCACTGCCGGTGTCGCACAGCGCGCGCGAGCCTCCATTGT
Seq_72_LinJ.28_minus,LinJ.28,,1000,555,1205018,,,,,591252,592251,,,plus,CAGTCGCATTCGTTGGCCCAACCCTGGAAAAGGGCGAACGAGGCGGCAAGACAAGAAAGGTACAGAGAGGGGGCAGCGCATGTGGTGAGAAAACCCAGATCGACCCCCCTGTGCAATGCCATGTGGCCGCAGATGGCCTCAGCTTCCCCGCCCTTTCCTCGCGATACCGCCGTTGCAGTGGGCATGCAACTCACAACACCGTCGCACGGCGACGAGAACGTCTTTTCTCTTTTTTTTTTCATTTTAACGCGTTCGTTCTCTGCCGCACAGCATGAGCTGAATGCCACTCTACACCCCAGGCCCGTCACAGGCCACCCATCACGTGGCGTGAAGCAGCGGTAGACGCGCGTTACAGCGATGCGCCGACTCGTCCATCTGAGCACGGCTCCTGTCTCCCCACCCACCCACCCCCGCTCCGCAGGCAGCCTCACAGCCGCTCCCGTTGCGCCGAGCGACACACGCTCGAGCCACGCTGACACTCTGCCGAGCATACCCATGGTGCAAACATCTCCACTGTTGCCGGTGGCTCTCACGCAGCGCCATCCAGGACCTGACCGCCGGCATCCGTAGCGATACATCACACTGGCCTCCCCGTGTCGCAGGCGCTGGACCCTGTCGGGGCCAGGTGCGGTGGCTCGGCATTGGCAGGGATAGGGGGACGGCGGCGGCTCGGCTTCTCCACAGAGAGTGCGGGGTGCACAGGGCCCTGACACATACCACGCCGGGGTGTTCCCCGCGTCATTAGGGGGCGCCTTTCCTGCGATGGCAGCTATGAAAACAAAGAGCAGCTTCCGGCTACGGCAAGTGCCACATCTCTTCGTGTCCCTCTCTCCCAGTCCCAAAGACACCATGGTTACTTCTTTCCCTCCCCTCCCCTCCGCATCGGCCCGCTTCTATGTGAGTGCGTGCGTGCGTGTGTGCTTGATGCGTTCGCTCCGCCCTCCTCCTCAACTTCAAACAGCAGAAGAAGTGGTGCAGGTGTGCCGTACCGCATACCAGA
Seq_43_LinJ.19_minus,LinJ.28,,1000,575,1205018,,,,,538539,539538,,,plus,TGCCTCTGCTCCTGTCCCCGTCACCTGCCGCATCACCATCGCACAGAGGCAGGGTACAGGGTCTCAGTCGGCCCTGAGCGGGAGACCGGCCAACGTCCTCCTCGGGCTCATCCGGCATGCGCCTCTAAGCCACCACCCCCTGTTACCCGCACGGCAGACGCCACCACCCTCGCCCCAAAACAGGGCCCGGGGCCGCGGCCCCGCTTCGGATCAAGGCACGCAATCCGGCCCGGTCGGTGTGGCTGCTGATCGCGCAGCACGCATGCGAGGCAGAGGGACGAGGCAAGGGCAAGAGGAGCCCGTGAGGCGCACGGCCCGGTTCGGGGGCAGGACGGCTCGTCCTAGACGACCAGGACCGAGCCGCGGTGCAACACGCGGGTAGGTGCACCGTGTCGTTGTGTGCGTGTATATATACACACATACATGTATATAGGTGATGACGTGTTTGTGCCATGAGGGCGTTTCTTCTTCCTTCTCGGCGCGTTCGTTCTCTACCGCACAACATGAGCTGAATGCCACTCTACACCCCAGGCCCGTCACAGGCCACCCATCACGTGGCGTGAAGCAGCGGTAGACGCGCGTTACAGCGATGCGCCGACTCGTCCATCTGAGCACGGCTCCTGTCTCCCCACCCACCCACCCCCGCTCCGCAGGCAGCCTCACAGCCGCTCCTGTTGCGCCGAGCGACACACGCTCGAGCCACGCTGACACTCTGCCGAGCATACCCATGGTGCAAACATCTCCACTGTTGCCGGTGGCTCTCACGCAGCGCCATCCAGGACCTGACCGCCGGCATCCGTAGCGATACATCACACTGGCCTCCCCGTGTCGCAGGCGCTGGACCCTGTCGGGGCCAGGTGCGGTGGCTCGGCATTGGCAGGGATAGGGGGACGGCGGCGGCTCGGCTTCTCCACAGAGGGCGGTTCTGGATTCCGATACCACTTTGAGGTCTTTCCCCTCATCAGGGGTATAATGACGCGTGAAAGAAGAGGTGCATAAG
Seq_76_LinJ.35_minus,LinJ.28,,1000,1000,1205018,,,,,524208,525207,,,plus,CTCAGGGTTGTCCTGAGCTTTTACCTTTTGTTGCTGTTTTGTGGCGTTCTTGCCATCCATAGAGCTCTCGTCCTCGTCCCTCTTTTTTTTTATGCGCGTCTCCTGGCGCGGGTGCATGATCTGCTGGTCTTTGCACATAGAACGCTGTATGCTGCTGCTGCTGTATCCAATCTTGTATCTCTTCGGTTACTTGTTTTCCTTTCATTTCTGTGCTCGTCGTGATCTTGATGACGATGCCCTCAGATGACGTGCGGACGCACCTCCATGCTGGTGGTTTCTCAGGCAGCCGGGGCCCCCTCCATCCTGTGATGTAAGAGCTCCTTGTCGCTACTACTTCGCGGCGGTCGGGCCCCGAATGGCGTTGCCTCGGAGCGACGCTCGACGGTGCGTACGTCTGTGTCATCCACAAGATTGGGCAGAGTGTCGGCATGACTCGAGCACAGCCCACCCCCACCCCTCACACCGCCTGCTGGTGTGGGAAGCCTGAATGCCACCCCCGAGAAGGGATGCACCAGGTGGCAACCTCCATGATGAGAGCGGCTGTGAGGCGGCCTGCGAGGGGCGGGGTGGGTGGGTAGAGGTTGGGGTCAGAGGTCGTGCTCCGGCGCCTGAGTCGGCGCACTGCTGTAGCACCTGCCATTCGCTGCTTCGCATCACGCGACGGGGGGCCTGTGACAGGGCGGGAGGTAGAGTGGCGCTTGAACGGATGCGCTAAGGCAACGAATTGGTCGCGGTGGAGACGCAATCGGTGGTTAGGTTTGAACGGTGTGTTCTTCGAATGCTGCTCGCGTGGCGTTCGGCACACGGGCAACCGTACACGCATGGAGATGAGAGTGCACGTTCTTGGGCGGGTGGGTCCTTAGTGTACGGGGTTTTCTTCGAATGCGATGGCCATGAGCGGCTGCTTTTTAAACAGAAGCCGGCGCTCACCACGTGTGGTCATGCGGAGACGGCGTGGAACTGGGCGAAACCTATTCACCGAGGCCGTTCCTCTGCCGCT
Seq_66_LinJ.19_minus,LinJ.28,,1000,914,1205018,,,,,1153634,1154633,,,plus,TTCCCACTCGATAACGCCAGCGGGACGCATGCCTCCCGTGGGCACCCTCATTTTTTTCTTCTCCGATGTGCCCATCCGACCACCAGCAGGTCAGTCAACCGACATACACACATGCGCGCACACCACCACACACCACCAGCTTCTGCTGCACCGCGGCTAAATCGTGGTCGCCTAGGATGCACCGTCTTGCTGTAGAATCAGCGCCATGCGTCGGCCGGACTCATCGTGTCCGTCCTTGTCCATTCATCGCACGTGTGCTGCGCGATCGGCGCCACACGGAGGCTCGGGTGTACGGCATGCCTTCATTCGAATCGGGCCGCGTGCAGGGTCCTGTTCAAGGGCGGAAGCAGTGGCGTCTGTCGTGCGGAGTAGCAGTGGGGTGGTGGTCTCTCGGTGCATGCCGGATGCGCGCAGGGAGGAAGTTGGCCAGCTGCAGGCCATATCCCTCGGAGACCCTGCGCACCCTGCCCGTGTGCCGTGCTTCGCTCTCTCAGTCGCCTAAAGCCGCCGCATCCCGTTAATACGGTGTGGTGACTCGCAACAGGAGAGTCGGGAGGGCTTGATGGTGGAACTCGAGGGCACTCTCGTCATGCTTCCGGCGTCTGTGCCTCATGAGCCCTCCAGGTTGAATGCAGCAGATGCAGCACGCTCCGCACACATGCGCTTGGGGGCTGATCCGTATATTGGGTCTCCTCGCGCCTTGTTCGTCCACCACTCCTGCTCTTTGGACCTCTGAGTGCCTTGCTTGGATGCGATTCACCACGCCAGTTGTGCTTCACAGCGCCTGCGCACAGTGCTTGCATTTTTGCATCCCGGGGCCTGCTTCAGAACGACTTCGGAGTCTGAGGAAAGGGGGGCTTCTGTCTTCATCCTCCATTTCCGTCCATGTCACAAAGGGGGGGGGGCTGTCTGGATGTTGTGTCCGCACATCTCTCGACAGGTTGGACGCCGCTATAAGCCTGTGTGGCGGGAGGGTCAAGCGGAAGGGGCCTGCGGCCGA
Seq_17_LinJ.36_plus,LinJ.28,,1000,540,1205018,,,,,843546,844545,,,plus,AAAGCACATCATGTGCCACTTTACCGCACGCAACTACATTTTCTTATACTTGCAAACACAATTCACACACATTTTTTTATCCGCTCTGTCCTGGGTGCGAAACAGAAAGGACGCCACCCTTTTCAAAAAAAGAAGCAGCCCACCTGTGCACCCCCGCCAAAAAAGTCACCCGAGGGCCCAGCAGAGAGACAGCAAACACCCGTTTACCCCACCAGCCGTCTTCAAATTTTCAACTTCAAAAGCAGAACAGTACTTACTTTCATCACACAAAGAGCCCCACAAAAACACTGAGCTGAACTCGTCTCCGCCCGGCCGGTCACAGGCCCCGTCGCGCGGCGCGAGACAGCCGTAGGCACACGAGGTGCAGCAATGCCCAGACCCGGTCATCGGTGCATGGCTTCTGCCTCGAACCTTACCCAACCCCGCCCCACAGGTCGCCCCACAGCCACGCACATTATGCTGGCCATCACCCGGGGCATCCCTCTCGGGGGGCCCAGACTCACCCCGCCCCCAGTGGGCAGTGAGGGCCGGGGGTGGGACGCGTTCGAGTCACGCCGACACTCCGCCCATCCTGTGGATGGCGAAAACGTGTGCGCGGCCGCGGGTCGCTCCGGCGCCACGCCGTCCAGCACCAGACACTGCGGGCATCGGCAGTGATACATCGCTCTGACGTCCCTACGTCACGCGCACCTGACCCTGTCACCACCAGAGGTGGTTGTGCTTTGGCTTCAATGAGAAATTGAGAGGTTTCAGAAGAGTAAGGACAAATTATATGGATGCAGATTGCTCCGTGCGAAAGTGGTCTGGACTTTTCTGTTTGCGCCCGGAGTGGTTTCAGGAGCGGTGAAGTACTTGGCGCAAAGGATGATTATGACAGTTGAAAGCGAGAGATTGTTGTGCGAGTTGCGTCTTTTCCTTACAGAGTGCCGGCTTGCTAGCCAAAAAGAAATACGGTGTGGGCGCGGGTTTTGCTTTTTGTGCAATAAGAAAAAAGCTCCGA
Seq_16_LinJ.05_plus,LinJ.28,,1000,541,1205018,,,,,835396,836395,,,plus,ACCACCACCCTCATAGAGAAAGCCGCAAAAAATACTTCTGAGAAGATATGCTTGCCGCGCAGGGTGCATGGCTTGACTACAGCAACGTTTGCTCGTCCCATACAGACAGTTTTGTTCCTCTGTTCAAAAAAGCACACGCCGTCATGCTATCTACAAACTGCACACTCCACTCAAGATACATGGTGCCTGAGACACGAGAACCGGAAACTGAATTTTTTTGTCGTCTCCTCTCTGCCACACAACAAGAGCTAAGCTCATCTCTGCCCGGCCGGTCACAGGCCCCGTCGCGCGGCGCGAGACAGCCGTAGGCACACGAGGTGCAGCAATGCCCAGACCCGGTCATCGGTGCATGGCTTCTGCCTCGAACCTTACCCAACCCCGCCCCACAGGTCGCCCCACAGCCACGCACATTATGCTGGCCATCACCCGGGGCATCCCTCTCGGGGGGGGGGGGCCAGGCTCACCCCGCCCCCAGTGGGCAGTGAGGGCCGGGGGTGGGACGCGTTCGAGTCACGCCGACACTCCGCCCATCCTGTGGATGGCGAAAACGTGTGCGCGGCCGCGGGTCGCTCCGGCGCCACGCCGTCCAGCACCGGACACTGCGGACATCGGCAGTGATACATCGCTCTGACGTCCCTACGTCACGCGCGCCTGACCCTGTCACCACCAGAGGTGGTTGTGCAGTGGCAGGAATAGGGGCTGCTTGGCTTCCCCACAGAGAGAGTGGGTACTGGACCCTGATACCACGCTGAGGTGTCCCCCGTTATCAGGGAGACAGAGAGAAGGAAAGAAGCGGAAGAAAAAAGGTCATATGAAAAACAGGGAGGAAGAAGAAACTCCTCAGGAGACCAACAATAAAACAATCGAAGAACCGCGGAGCTCTAAGGGACAAGGAATCGGATGGAGAACCTTGATAGCGGGAGATTCACAGGTCACGTATTGGACGGCCCTCCAAGTACTAAAGGGTAGCGGTTTGTGCCGAAGCACTGCGTTAAACTAA
Seq_22_LinJ.07_minus,LinJ.28,,1000,596,1205018,,,,,651458,652457,,,plus,CTGTTGCTTGTTTGTTTTTCTTTTTTGTTTCGGCTCTGGTTGACGCTTGCATCATGCAGTGTTGCGTTACTTGGTTTTGTCTCCTGTATTTGCTACTTCGCGCTGTATGAAGGGGGAAGGGCGTGCGCAGGCGCTTCAGGAGCACACAAAAGGCAAAGACCCTTTTCTCCCGTGTCTTCCCCTCGGCGCGTCTCCTTCCTGCCATAGCGCATCCGTTCGAACGCCACACCACTCCACTTTACCATCACAACCACCAGGTCCTGGCACAGTCCCCACCCGCGTGATGCAAAGCAGCGCTAGACACGTGGTGCAGCGTTGCGCAGACTCAGTCATCGGAGCGCGCCCCCTGTCCCAAGTACAACTCACCCGCCCACCCACGCTTCGCAGGTCGCCTCATAGCCGCTTCCCGCCATGCCGGTCGCCACCTGGTGCATCCCCTCCCCTCGGGGGGTGACACGCACGCTCCCCACACCAGTAGGCAGCGAGGGCCGAGGGTGAGATACGATCGAGTCGCGCTGACACTCTGCCTCGTCGTAGAAATGATAGCAACGCGCTCACTGTCGCAGGTTTCTCCGATGCAGCTCCATGCACATAGCGGCTGGCATGAGTACGGATACATCGCCCTGGGCTCCCTAAGCCGCAGGCACTTGACCCTGTCAACACCTGAAATGGGTTTGGCATTGGCAAGGATATGGAGAAGCTGCTCAACCCCCACCCACCCAGAGAGAGCGGCATTACTGGGCCCTGATATGCCACGCGCTGAGAGGCGCGAGCGGCAGCACTACCCCCTCCACTCCCCACCACCGCCTCCTATCCCTGTGCCATTAGGGAGAAAACCACACACCACAAGAAAAAAAAAGTATTGGGCTGGTCCGAATAGAGGAGGGTTGGCCGGCAACCGCGAGGCAGAGGAACCGCTTCGCATAGTCGCATGAGACTCAGGCATTCGAGCAGACAAAGAAAGGACGCCAGAGGCAGCACGACAGAGTTGCGTCATCGA
Seq_48_LinJ.28_plus,LinJ.28,,1000,460,1205018,,,,,519781,520780,,,plus,TAGGGGGCTCTGTTCATACATCATGTTGCCCAGGAAGAAGCGCCTGCGGGTCGGCTGCTGGGGGGCAGGACAGGGCGAGCATAGACGCATCTATGTCGCCGAAGTCTACAGCATACCGTTTTGCATGGATTCTGCTCTTAGTCCCTCCTGCTTCTTCGTGACGACGGGGGGGGGCGTCTCGCCGTGGTATGAGGGTCGAGTACGCTCACTCTGAGTTGAATCCGAGCAGGACCCTGCCCCATGTTTCCCATGCCAAATGCCGAACCACCTCTGGTGGTTTCTCAGGCAGCCGGGGCCCCCTCCATCCTGTGATGTAAGAGCTCCTTGTCGCTACTACTTCGCGGCGGTCGGGCCCCGAATGGCGTTGCCTCGGAGCGACGCTCGACGGTGCGTACGTCTGTGTCATCCACAAGATTGGGCAGAGTGTCGGCATGACTCGAGCACAGCCCACCCCCACCCCTCACACCGCCTGCTGGTGTGGGAAGCCTGAATGCCACCCCCGAGAAGGGATGCACCAGGTGGCAACCTCCATGATGAGAGCGGCTGTGAGGCGGCCTGCGAGGGGCGGGGTGGGTGGGTAGAGGTTGGGGTCAGAGGTCGTGCTCCGGCGCCTGAGTCGGCGCACTGCTGTAGCACCTGCCATTCGCTGCTTCGCATCACGCGACGGGGGGGGGCCTGTGACAGGGCGGGAGGTAGAGTGGCGCTTGAACGGATGTGCTAAGGCAGCGAGTGGAAGCGTTAGAAAAGAAGCATCCCCGCCTCCTTTTACCGGTCGCCTCCCTGTCGCCTTGCGTAACATCGGCAACGGTGCTTCTCTCTTGCCCTCCGCCCCTTTCCTTTTTTGTGCCCTCTTTGGTGTTCTGTCTGAAAGCAGCCTACGCGTGGTAGAGCGTTGTCCTTGACTGCAAGTGCTGTCGCATGCGGACGAATTAGCCGGGCATCGTGTGCGCCGCTTTCTGCGTGCTTGATGATGCTGGTGTTTTTTTTATGACAAATAGGA
Seq_51_LinJ.28_plus,LinJ.28,,1001,295,1205018,,,,,509210,510210,,,plus,GTAGCGCAACGAAAGGAAGACGAATACCCTCCACTGCCCCCTTCTCCCATCCCCACAACAACGCGTCTGCGCATCCCTACAAGGAAAGCCATGACGGGAGCAAAATGAGGGTCTGCGGCCTCTACAGCGAAAGTGCTCGAGCAATATATTTTGCAGCGTGAGCACGTAATGCCCGTGTCGTGCATCGCCAGCGACTCTCGCCTCGATACCCTGTGCGATAACCTTTCCCTGTTTCCTTCCCAGACGCACCCCTGCTCAGCAAGAACGGGGCGGGTAGCGCTTCTCTCCCCGTCATCCATTCGGCCAACGGACTTCTCCTCCGATTTTCCTCACTGAGCAGAGGTCAACCCCAGCCACCGCCACCGCCTCCGCCCCGAAACAGGGCCCGGGGCCGCGGCCCCGCTTCGGATCAAGGCACGCAGTCCGGCCCGGTCGGTGTGGCTGCTGATCGCGCAGCACGCATGCGAGGCAGAGGGACGAGGCAAGGGCAAGAGGAGCCCGTGAGGCGCACGGCCCGGTTCGGGGGCAGGACGGCTCGTCCTAGACGACCAGGACCGAGCCGCGGTGCAACACGCGGGTAGGTGCACCGTGTCGTTGTGTGCGTGTATATATACACACATACATGTATATAGGTGATGACGTGTTCGTGGCAGGAATGACACGCTAATCGAACAAAGGTGCGTGATGGTCCTGAGGCGGGGCGTGCTTTCCGTTCCTTCTCGAATGCACACCACGGGCCCATTTCATTATCCGCGGGTTGCATAGCTTTCCACGTGAACGAACTCGTGACGGTGTCCGGGTCTTTCGCGTCGCGCTGAGTCTAGCTTCCTCTAGTCGTTTCGGCGTACCATGACGTGTAGTTGCCGTCTCTGGTGTATCGCCTCACCGCTTCGTCTGCCTGTGTGCCGTGCGTGACCCGGACTCACCTATGCGCCCTCTCGTGTGTCGGCTATGTCATGTCTTTGCGGTATGCGCACCGCTTTTCTGTCGCGGAGTCTTTC
Seq_11_LinJ.28_plus,LinJ.28,,1000,174,1205018,,,,,432897,433896,,,plus,CTGGACAGCTGTTATGCGACAGGGCAAAGAGGTTCTCCAAGGGCTGAACACAGGTATGTGTCTGGGTGAGTGGGCCATGAGTGTGTCTCCTTATGTATGTTCGGCTTGTATGGCAAACACGCACTCGTGGCGCACCCATCGACCCGAACCCTCTCCCGCGTTTTTACACCTTTTTTTTTTGCTTGCGGCTCCATGCTCCTGACACGACGGTGGCCCGTCGCGTGCATCTCTCCCGTTCAGAGTGTCGGTGGCCATTGTGACATGGTGTACAACGACGAGGTGGTCGTGACTGCAAAGCCAGCCATGCCAGAGGCGCCGACGCTAAGTGCATGGACGGCGGATCTGGTCGCCGGCCTCAGACGCCAGGCCGCCATCCCCCGAAACCGCGCCACATGCTGAGACAAGAGGTTCTTGGCAGCAACGGTCCCACATCAAAAGAGCGCGGATGCTGAGCTTGCAAGACGACAGGCGACCATGCTCCCCTGGCTCCGCACGGGCACGCGCCCGCACTTTGGATCGCTGCAGCGGCGGGTGGCTGTCAGCGACCACCATGGGGGGCGAGGATGGCGTGCTGCCTGCTGTTCTGCTAGCACCGCAGTACTCCCCCCCTCCACCGCCGGAGCCTCTGCCCCGAAACAGGGCCCGGGGCCGCGGCCCCGCTTCGGATCAAGGCACGCAATCCGGCCCGGTCGGTGTGGCTGCTGATCGCGCAGCACGCATGCGAGGCAGAGGGACGAGGCAAGGGCAAGAGGAGCCCGTGAGGCGCACGGCCCGGCTTGACGGCAGGAAGGCTCGGAGTTACTCGTGGTGCAGCACGAATAGGAAAAGTGTGTTTGCATGTGCGGAGTTGTTGGCATGTTGGTGGCAGAGCGGCTACGTCGCCGAGAAAACTGTGTTTCTCCGAAGGAGATGCCCCATGATTTCGCAAAGAAAAAGATGTGAGGTGGCGCGCAACCTGTGAGTGAAAGGCATGCTGTCTACGCATCGCCGGCTTCCCCAA
Seq_75_LinJ.27_plus,LinJ.28,,1000,555,1205018,,,,,276237,277236,,,plus,CTTCAACCTTAAGGCTCTTCTCTGCTCAGTGTAGGATCATATATATCAAAAGCGTATCCGTTACATCGCCTTGGTACTCTGAAGAAGTGCGCAGTGTCTTCTTCCATAAAGTGGGGCAGAAACTATCCGCACCTGCAGATACTAATGCACGTGCGAACGCATGCATACGCTAAGCGCATTGCCAGAAGACATTTTTTTTGGGTTCCAACGGATCCGTTCTGCCTTTCAGCATGACGCCAACGCCACTCTACCCGGCCTGCCACAGGCCTATACGCCTAGTGCAAAGGAGCACGAGAGCCGCGTTTTCACCGCGATGCGCCGACTCAGCCATCGGAGCACAACCCCTGCCTCAAACCCTACCCACACCCGCGGAGTAGGTCGCCTCACAGACGTTCCCATTGTGCCGGTCACCACCTGGTGCATCCCTCAAGGCGGCCCAGGCTCCCCACCAGTAGGCAGCGCAGGCCGGGGGCCGGATGCGTTCGAGTCACGCTGACACCTTGCCTATCGCATGGATGGCACAGGCGTGTCCACGGTCGCAGGTCGCAGGTCGCTCCGACGCAACGCCAGCCAGGACCTGGCCACCCACATGAGCAGCCATGCATAGCCCTGACTTCGCTACGTCATAGGCACCCGACCCTGCGACGACCAGAAGCGGGGTTCGGCATTGGCAGGGATAAGAGGGGGAAGAGGGGGCGTCTGGCACCCCACACCCACGCACACACACACACCGAGCGGGCACTGGGCCCTGCGATGCCACGCGCTGAGGTGCCCCCCTCCCCCGCGCCATCCAGGACAGGGGGAGTAGAGATGGACAAAAGAAGCAAAGCGCGCAAACCCAATGCAGCACTGACGACACAAGCGGCGACGGCGGCTTCGGAGGCGCCTCAGATGGATAGTGACGCCGCTTCCTCAGCGAAAAAAAAACCCTCTATGGGGCCAGTACCACACCGTGCGCCCGCGCACACCACCCCGCCTCTTGGCTGTTTCTTTGAACCTA
Seq_54_LinJ.28_plus,LinJ.28,,1001,505,1205018,,,,,166261,167261,,,plus,GTAAAAGCGTAAGAGATGAACGCAGAGAGAGAGGGCGGGTTAGCCACACTGTCCAGTAGGGACGAGCAGAAGCGTGCGGGATGGATTCACTCAGGTCTGGTGGATCCTGATGACCGGACGAGGACCCTCACAACACCCGCTAAAAGGCAAAGAAAAAATGAAGAGGAGGAGGGAGGCCGATGCCGGAAAAACTACACATTTTGTTTTTCCAACGTGTTCGTTCTCTGCCGTACGGCATGAGCCAAGCTTCTCTCCACCCGGCACCCGCCGCTCGCACTCTACGCACTACCCCCGCCGCTGTGCAGGCCGCCTCACAGCCGGCCCATTATGCCGGCCGCCACCCCTGCGGTGCACCCCTCGCGGGGCGACACCCCGGCCCCCCCCCGCAGTGGGCGGTGTGAGGGTTGGGTGGGATTCGCTCGACTCCCGCTGGCGCTTTGCCCATCGATGTGGGCGGCACAGACGTGTTCACGGTCGCAGGTCGCACCGACACCGCCCCACTCCGGGACCTGGCCGCCGGCGTCAGCAGCGACGCATCGCTCTGGCGCCTCCGACACATCATGAGGGCGCGTTTGAGCTTGCCACCACCAGAAGTGGCCTCGCATTGGCAGGGATAGCGAAGAGGGTGGGCGGTGGGGGGCTGCTTCGCTCCTCCGCACACAGAGAGAGAGAGAGCGAGCGCCCCCCCTGTGTCCTGAGATGCCACGCTGAAGTGGCCCCTCCCCACCCCCGCACGTCATGAGTGGAGTCGAGTCAGCGAAAGCAACGCAAAAGCACAGGATAAAGAATGGAGACATTCTCTCGGTTTATTTTTTATTGTTCTTTTGGTGTGGCGTGTGTGTGTGGGAGCAGAAGTGATAAAGTTGGTGTTGGGGTGGGAGATAAGTAGGTTGTTGTGTCGGCCTTGTGTGTGTGTGTATATGTGTGATCGTGTATAGACGGAACGGAGGTCGCGAGGGAAGAAAAAGCAATAAGACGATGAAAAATAAGAATAATGAAAT
Seq_54_LinJ.28_plus,LinJ.28,,1000,505,1205018,,,,,155057,156056,,,plus,CTGCCCGAATCAAAGTCGGAAGAAACCAAAGCAAGCGAAAAGGGAGACACGGAGCCGCTGAGCCTGTGCGTGTGTGCGTGTGCGTTTCTGTAACAGCAAAATGGAAGCACCGACTATGAGCACAAAAGAGGAGGAGACACTACGTATGTGCAGCTATGCGCCTGTGTTCATGTGCTGGAGTGCAGACCAGAAACGAAAGTCAGGTGAAGAGGCCAAAGAGAGATCAGTGAACACACAAACGGCTTTTGTCCAACGTGTCCGCTCTCTGTCGTACAACATGAGCCAAGCTTCTCTCCACCCGGCACCCGCCGGTGCGCAGGCCGCCTCACAGCCGGCCCATTATGCCGGCCGCCACCCCTGCGGTGCACCCCTCGCGGGGCGACACCCCGGCCCCCCCCCGCAGTGGGCGGTGTGAGGGTTGGGTGGGATTCGCTCGACTCCCGCTGGCGCTTTGCCCATCGATGTGGGCGGCACAGACGTGTTCACGGTCGCAGGTCGCACCGACACCGCCCCACTCCGGGACCTGGCCGCCGGCGTCAGCAGCGACGCATCGCTCTGGCGCCTCCGACACATCATGAGGGCGCGTTTGAGCTTGCCACCACCAGAAGTGGCCTCGCATTGGCAGGGATAGCGAAGAGGGTGGGCGGTGGGGGGCTGCTTCGCTCCTCCGCACACAGAGAGAGAGAGAGCGAGCGCCCCCCCTGTGTCCTGAGATGCCACGCTGAAGTGGCCCCTCCCCACCCCCGCACGTCATGAGCGGGTGGGGGTGCAGAGACGTGCGAGAAGAGAAGAGGGAGAGGTTACCAAACGGAAAGGCAGAATAGACTAACAGGGAAGAGAAGGTGGAAGACACAGCCACACACACACACCAGCGTGGTTCGCGCGTGAGGGAGGGGCGGGGGTAGCGTTGCCGACCGGCATCTTGCTGCGCGTCGAGACATATATAGGGGACAACAAGACGAGCAAAGCAGGAGGCGTGCAGACGAGGAGCGACGGCGTC
Seq_55_LinJ.28_plus,LinJ.28,,1001,510,1205018,,,,,151670,152670,,,plus,AGGAAAAGAAGTGGCGCGCCCAAAGAGACGAGAAACATGGCGGGCGTCACGGCGTGCGTGCGCGCTTCGCTCCACGAGTGCCTCGGCCACTGCGCCGAAAGGGTGGCACAATGTGAGGCGACGTGGAAAGAGCGGTCTATCTGCCATCGCACATAATTGCGATCTTAATTGATCCATTCGTCTTGCTGCGTCTCCTCCTCACGTCCACACACTTCGGGCTAATGAGCAGCCGACAAAGTTTTTCGTCCTGTACGTGTCCGCTCTCTGCCGTACGACATGAGCCCAGCTTCTCTCCACCCGGCACCCGCCGGCGCGCAGGCCGCCTCACAGCCGGCCCGTTATGCCGGCCGCCACCCCTGCGGTGCACCCCTCGCGGGGCGACACCCCGGCCCCCCCCCGCAGTGGGCGGTGTGAGGGTTGGGTGGGATTCGCTCGACTCCCGCTGGCGCTTTGCCCATCGATGTGGGCGGCACAGACGTGTTCACGGTCGCAGGTCGCACCGACACCGCCCCACTCCGGGACCTGGCCGCCGGCGTCAGCAGCGACGCATCGCTCTGGCGCCTCCGACACATCATGAGGGCGCGTTTGAGCTTGCCACCACCAGAAGTGGCCTCGCATTGGCAGGGATAGCGAAGAGGGTGGGCGGTGGGGGGCTGCTTCGCTCCTCCGCACACAGAGAGAGAGAGAGAGCGAGCGCCCCCCCCCTGTGTCCTGAGATGCCACGCTGAAGTGGCTCCTCCCCACCCCCGCACGTCATGAGGGCGGACGATGAACAAGAAAAAAGAGGAGCGTTGCGAGACGTTTTTCCTTCACAAGTCGTAAGCGTCGCCTGCCAACATGTCCTTCACCCATGTGCACGAACGCGGACAGAGGCCGTACTGGGCATCCGCGAGATCGTGTCTGCCGCCTAGCAGTTCCTCCCACTGCTCCGCTTGCATCGTCCACCTCTGTTGCAAGCGTTGACACTCCACGGCAACATCCGACGCCAGCGCATCCTCATC
Seq_59_LinJ.28_plus,LinJ.28,,1000,515,1205018,,,,,1132659,1133658,,,plus,AGCGTGAGTATCCCGGTGCCTTTGTCCGTCGTGCACGGCTTACGAGTGATGTGGATCACAGGCCCCCCCCTTTGCCTTCCCACGCCCGCATATGCCCCGTTCCCTCGCTTCCCATAACCTCCCCCCCTCTGCCCCGACCACCCCACCCTCACACTCTCGCTCGGTAGAGGAGGGCACTTTTACCTCTTCACGTGCTCATTCTCTGCCATGTAGCACAGAGGTCAAACTCAGCTTGACCCGGCATATCCAGAGGTGCGAAGCTACCGTGGGCACGCATTACAGCAATGCCGACTCAGTCCTCGAGAAAGGCCCCTGACTCAAACGCTAACCAAGCCCTGCACTGCACGTCACCTCACGACCTCTCCCATTGTGCCGGTCGCCACCTGGTGCATCCCCCCTCATGGTGTCCCAGGCTTACCCCGCCAGGAGGCAGTGAGGGCCCGGCGGACTACGTTCCAGTCATTCGGGCACTTTGCCTATCATATGGACGGCACAAGCGTGTTCACAGTCGCAGGTCGCCCCACAATGCAACGCCATCCAGAACCTCACCGCCGACATCAGTGGCGATACATCGCTCTGGCCTCCCCCCAAGTCGTAGGTGCCTAGCCTTGTCACCACCAGAGGCTTGCTCGGCATCGGCATTGGATAGGTGGGAGCTGCGTCGCTTCTGCCCTGAGATAGGGTAGGGGGTGTGCAATACCCTGAGGTGCCACGCTGAGGTGTCCCCCTCCCCCACCACTGTCATGAGGGGAGGGGGTCCGACACTCGAAGGAAAGCGACAAAAAGCGCGTGTAAAAGCACAAGAAAGAGCAAAGATGAGAAAAACAGTGGAGAACGCACACACGCACACACACGCACGGACGTGTTTGCGTGCTGTGCTCTCTGCGCGAGCGGGTGCGTCGTCCCGATGCAGCAGTGTATAAAGATTGCTGACGCGATGCGCAGAGAATGGGCGCAGAAGTTTGACTTCGATGTCGCCCTTCTCGCCATTTTTCCCCTC
Seq_78_LinJ.29_minus,LinJ.28,,1001,535,1205018,,,,,407315,408315,,,plus,CTCCCTCTTTCTGAGTTTTCTCTTTTTTTACTCTTTGCCTTCTCTCTCCACGGATCCTTCCTCAGAGGGTGCACCTCGCTGTAGAAGGTCGTTGTAAGGGGAGGGGGGCGTTGAGGGTGGAGGGGCGGCCAGCACCACGCCGACCCGCATTTCTCCCCTTGTGGTTTCAAATCTCTGCGGATGCCGAAGATGGACCAGATAGCGTTCACAGGTTGCTGGGCTTTTATAGATTTGCAAGTAGGGACCCACGGTAAAGGAATCCTCCTTTTCTGGTACCCAGGACAGGGCCGCGAGGTGCGCGTTCTCATGATCCAGCAGCCCACCCCCTCCTTGCCTGCATGGCCTCTGGCGTCTATCCTGTCCTCTGCTCGCACAGCGTGGCAGCTGCAATGCACACACACGCCCCTCTCGCTCCGCGCACTCTCTCTTCCCCTCTCTTTCTGCAGACGATGCCCCAGCTCAACGGAACGAGTGTTTCGGCTCATCGCTTCACCAGTCACCACCCCGACAGAGACCGCCACCGTCAAGCATGTTGGGTGCACCGAGTCCGGCAGCAGGCGAATTCAGACGCCGTCTTGCACGGCTTCAGAGGTGAAGGGCGGACTAGGCAGCAGAGGCACTAACGGGCCGAGGATCCTGGCAGTTCTCTCCGCGCTGAGGAGCTCCAGCCGCAATAGCAACCCTCAGAGAGTTTGGAAGACAGGGCTGCCCGTCGGGTGGTCCGGTGATCGGCCGTACAAAGACAAGATAGTGCGATGCTCACAGGGGTGGAAGCTTGCCACGCGGGAAGACGACACGCCACGGAGCTGCATTTTCTTCTGCTAGAATGCACGCCGGTGCAGCTGTGTTGCACGTGCACACGGGATGTCAGTGTGTCAGTTTGATTGCCCTGATCATGTGCATAAGATGCACACGACGACATTGCACCTAGCCGACACAAACTGCCTCCAGAAGCGTTTGTGTGTAGACGTGGAAAAAGCGACCCTTCGCTATCAAACTCA
Seq_16_LinJ.28_minus,LinJ.28,,1001,455,1205018,,,,,844545,843545,,,minus,TCGGAGCTTTTTTCTTATTGCACAAAAAGCAAAACCCGCGCCCACACCGTATTTCTTTTTGGCTAGCAAGCCGGCACTCTGTAAGGAAAAGACGCAACTCGCACAACAATCTCTCGCTTTCAACTGTCATAATCATCCTTTGCGCCAAGTACTTCACCGCTCCTGAAACCACTCCGGGCGCAAACAGAAAAGTCCAGACCACTTTCGCACGGAGCAATCTGCATCCATATAATTTGTCCTTACTCTTCTGAAACCTCTCAATTTCTCATTGAAGCCAAAGCACAACCACCTCTGGTGGTGACAGGGTCAGGTGCGCGTGACGTAGGGACGTCAGAGCGATGTATCACTGCCGATGCCCGCAGTGTCTGGTGCTGGACGGCGTGGCGCCGGAGCGACCCGCGGCCGCGCACACGTTTTCGCCATCCACAGGATGGGCGGAGTGTCGGCGTGACTCGAACGCGTCCCACCCCCGGCCCTCACTGCCCACTGGGGGCGGGGTGAGTCTGGGCCCCCCGAGAGGGATGCCCCGGGTGATGGCCAGCATAATGTGCGTGGCTGTGGGGCGACCTGTGGGGCGGGGTTGGGTAAGGTTCGAGGCAGAAGCCATGCACCGATGACCGGGTCTGGGCATTGCTGCACCTCGTGTGCCTACGGCTGTCTCGCGCCGCGCGACGGGGCCTGTGACCGGCCGGGCGGAGACGAGTTCAGCTCAGTGTTTTTGTGGGGCTCTTTGTGTGATGAAAGTAAGTACTGTTCTGCTTTTGAAGTTGAAAATTTGAAGACGGCTGGTGGGGTAAACGGGTGTTTGCTGTCTCTCTGCTGGGCCCTCGGGTGACTTTTTTGGCGGGGGTGCACAGGTGGGCTGCTTCTTTTTTTGAAAAGGGTGGCGTCCTTTCTGTTTCGCACCCAGGACAGAGCGGATAAAAAAATGTGTGTGAATTGTGTTTGCAAGTATAAGAAAATGTAGTTGCGTGCGGTAAAGTGGCACATGATGTGCTTTC
Seq_92_LinJ.28_minus,LinJ.28,,1000,1000,1205018,,,,,411261,410262,,,minus,CTACGCGGAGAGGAGGAGCAGGGAAGGATGAGCTGCACCGGGGGCGGCTGCAGTGATGCGTCACCTGTGTCAAAGAGACATTACCGAGGACACGGAAGAAAGCAACAAAAAAGTACGTGAGAGGCACGCAGGCAGGCCGGCGTTCGCCCCCCGCCCCGCCCCAGCTTTCCCTACGATTGGCGACTTTTCGTTCCTTTTTGTCCTTTCTCTCCTGCTCTTCCCTCCACGAAGGGCCAGGAGGCGCGGGGGAGGGAGGGCACCCACTCCTTCAATGGGCGGCATAGCAGGGCCCACTGCCCCTCCCCTTCCCTCTGCCACTCTCTCTGCCTGGGAAAGCCAGGCAGCCCCTCCCTACCCCTGCCAAATGCCGCGCCACTTCGGATGGTGCCAGTGCCTGGTGCCTGTGACGTAGATGTCAGAGCGATGCATCGCTGCTGACGTCGGTAGCCAGGCTCCGAATGGCGTTGCGTCGGAGCGACCTGCGACCGTGAGCACGCGTGCGCCATCCATGCGGTGGGCAGAGTGTCAGCGGGACTGGAGCGTGCATCATCCCCGGCCCTCGCCCTGCCTGCTGGTGCGGGGGGAGCCTGAGGGTTGCCCCGAGGGGGCTGCACCAGGTGGGGACAGGCATGATGGGCGAGCGGCCGTGCGGCGGCCTGCTCAGCGGAGGTGGATAGAGCTCGATGCAGGTGTGGCGCTGCGACGACTGCGTCGCCGTCGCGGTAGCACGTGTGTGCGGCTGCTTGGCATCACGCAAACGAGCCGGCGACGGGCCCGGGCCGAGTTCTGTTGGGCCCCATGCTCTGCAGCAGAGAGCGGGCACGCTTGGGAAAAGAAACATTGTCCTCTCTTCCGTCTTTCCGCATACCCCTTCACATGTACGTTGAATAGAATGCAGGCACCACCGTGTGGTCGTGCGCAGGGTGAGGGGTTCGTCCAGCTCGTGCACCAGTGACGCTGTGCCCGCTTCGTTATTGTCTAGGTAGGCGTCGCCCAATAG
Seq_17_LinJ.28_minus,LinJ.28,,1000,1000,1205018,,,,,152780,151781,,,minus,GTGAGGCCGTGCAGGCGTTCTTTGAGCATGCGTTCTGCGGTGCTCTGCCGATAACACACACCGACCTCGTCCACAGCGCCTACAGCCCACTCATGGAGGATGCCCCGCACGATGAGGATGCGCTGGCGTCGGATGTTGCCGTGGAGTGTCAACGCTTGCAACAGAGGTGGACGATGCAAGCGGAGCAGTGGGAGGAACTGCTAGGCGGCAGACACGATCTCGCGGATGCCCAGTACGGCCTCTGTCCGCGTTCGTGCACATGGGTGAAGGACATGTTGGCAGGCGACGCTTACGACTTGTGAAGGAAAAACGTCTCGCAACGCTCCTCTTTTTTCTTGTTCATCGTCCGCCCTCATGACGTGCGGGGGTGGGGAGGAGCCACTTCAGCGTGGCATCTCAGGACACAGGGGGGGGGCGCTCGCTCTCTCTCTCTCTCTGTGTGCGGAGGAGCGAAGCAGCCCCCCACCGCCCACCCTCTTCGCTATCCCTGCCAATGCGAGGCCACTTCTGGTGGTGGCAAGCTCAAACGCGCCCTCATGATGTGTCGGAGGCGCCAGAGCGATGCGTCGCTGCTGACGCCGGCGGCCAGGTCCCGGAGTGGGGCGGTGTCGGTGCGACCTGCGACCGTGAACACGTCTGTGCCGCCCACATCGATGGGCAAAGCGCCAGCGGGAGTCGAGCGAATCCCACCCAACCCTCACACCGCCCACTGCGGGGGGGGGCCGGGGTGTCGCCCCGCGAGGGGTGCACCGCAGGGGTGGCGGCCGGCATAACGGGCCGGCTGTGAGGCGGCCTGCGCGCCGGCGGGTGCCGGGTGGAGAGAAGCTGGGCTCATGTCGTACGGCAGAGAGCGGACACGTACAGGACGAAAAACTTTGTCGGCTGCTCATTAGCCCGAAGTGTGTGGACGTGAGGAGGAGACGCAGCAAGACGAATGGATCAATTAAGATCGCAATTATGTGCGATGGCAGATAGACCGCTCTTTCCACGTCGCCTCACA
Seq_18_LinJ.28_minus,LinJ.28,,1000,1000,1205018,,,,,156168,155169,,,minus,CTCTCCATAATAACGGGCTCTGAGGGAAAGCACCGGGTCCTTTACGCCCCTCCCTTTCACCTTTCGGGTCTCTCTCTTTCTCTTACTCCGCACTTCTCCGGCCCCCATCACCGACGCCGTCGCTCCTCGTCTGCACGCCTCCTGCTTTGCTCGTCTTGTTGTCCCCTATATATGTCTCGACGCGCAGCAAGATGCCGGTCGGCAACGCTACCCCCGCCCCTCCCTCACGCGCGAACCACGCTGGTGTGTGTGTGTGGCTGTGTCTTCCACCTTCTCTTCCCTGTTAGTCTATTCTGCCTTTCCGTTTGGTAACCTCTCCCTCTTCTCTTCTCGCACGTCTCTGCACCCCCACCCGCTCATGACGTGCGGGGGTGGGGAGGGGCCACTTCAGCGTGGCATCTCAGGACACAGGGGGGGCGCTCGCTCTCTCTCTCTCTGTGTGCGGAGGAGCGAAGCAGCCCCCCACCGCCCACCCTCTTCGCTATCCCTGCCAATGCGAGGCCACTTCTGGTGGTGGCAAGCTCAAACGCGCCCTCATGATGTGTCGGAGGCGCCAGAGCGATGCGTCGCTGCTGACGCCGGCGGCCAGGTCCCGGAGTGGGGCGGTGTCGGTGCGACCTGCGACCGTGAACACGTCTGTGCCGCCCACATCGATGGGCAAAGCGCCAGCGGGAGTCGAGCGAATCCCACCCAACCCTCACACCGCCCACTGCGGGGGGGGGCCGGGGTGTCGCCCCGCGAGGGGTGCACCGCAGGGGTGGCGGCCGGCATAATGGGCCGGCTGTGAGGCGGCCTGCGCACCGGCGGGTGCCGGGTGGAGAGAAGCTTGGCTCATGTTGTACGACAGAGAGCGGACACGTTGGACAAAAGCCGTTTGTGTGTTCACTGATCTCTCTTTGGCCTCTTCACCTGACTTTCGTTTCTGGTCTGCACTCCAGCACATGAACACAGGCGCATAGCTGCACATACGTAGTGTCTCCTCCTCTTTTGTGCTCATAGT
Seq_19_LinJ.28_minus,LinJ.28,,1000,1000,1205018,,,,,167358,166359,,,minus,TTTCACCTCCTTCCCTTCGTTTTTCCTCTGTGCGGGCGGATCTGTGTAGTGTTGGTCTCTTCTATACCCCCTCTCTCTCTTTCTCTTGTTTTAGCTGATTTCATTATTCTTATTTTTCATCGTCTTATTGCTTTTTCTTCCCTCGCGACCTCCGTTCCGTCTATACACGATCACACATATACACACACACACAAGGCCGACACAACAACCTACTTATCTCCCACCCCAACACCAACTTTATCACTTCTGCTCCCACACACACACGCCACACCAAAAGAACAATAAAAAATAAACCGAGAGAATGTCTCCATTCTTTATCCTGTGCTTTTGCGTTGCTTTCGCTGACTCGACTCCACTCATGACGTGCGGGGGTGGGGAGGGGCCACTTCAGCGTGGCATCTCAGGACACAGGGGGGGCGCTCGCTCTCTCTCTCTCTGTGTGCGGAGGAGCGAAGCAGCCCCCCACCGCCCACCCTCTTCGCTATCCCTGCCAATGCGAGGCCACTTCTGGTGGTGGCAAGCTCAAACGCGCCCTCATGATGTGTCGGAGGCGCCAGAGCGATGCGTCGCTGCTGACGCCGGCGGCCAGGTCCCGGAGTGGGGCGGTGTCGGTGCGACCTGCGACCGTGAACACGTCTGTGCCGCCCACATCGATGGGCAAAGCGCCAGCGGGAGTCGAGCGAATCCCACCCAACCCTCACACCGCCCACTGCGGGGGGGGGCCGGGGTGTCGCCCCGCGAGGGGTGCACCGCAGGGGTGGCGGCCGGCATAATGGGCCGGCTGTGAGGCGGCCTGCACAGCGGCGGGGGTAGTGCGTAGAGTGCGAGCGGCGGGTGCCGGGTGGAGAGAAGCTTGGCTCATGCCGTACGGCAGAGAACGAACACGTTGGAAAAACAAAATGTGTAGTTTTTCCGGCATCGGCCTCCCTCCTCCTCTTCATTTTTTCTTTGCCTTTTAGCGGGTGTTGTGAGGGTCCTCGTCCGGTCATCAGGATCCACC
Seq_28_LinJ.28_minus,LinJ.28,,1000,342,1205018,,,,,143693,142694,,,minus,GCGTGTGGGGGGGGGGGAAGGGGCGACAGGCAGTCGAAGACCTCCCCCCCCCACGCTTGTCTAACTCGCCCTGCACCTTCGCTCCGCCCCGCATGCTCTCTCCTCTCTCGGCCACACAGAGAGGCTACACGTGCGCAACGAGCAGAAGCAGGGGGGTCCGAGAGAGAGGGAGAGGGGGACGTGCAACGCGTCCGCCTCGGTGCGTCACTGACTTCTTTTTTTCGCTTGTTTCCGTTTGACTGCCTTTACGCTCTCTACGGTTACGCGATTACTCGGGGAGGATGATCGAAACGCGCTCTCAGAGAGCTGGCGCCAAGCAACAACCCCGATTTCGTCCAACGTGTCCGTTCTCTGCCGCACGACATGAGCCAAGCTTCTCTCCACCCGGCACCCGCCGGTGCGCAGGCCGCCTCACAGCCGGCCCATTATGCCGGCCGCCACCCCTGCGGTGCACCCCTCGCGGGGCGACACCCCGGCCCCCCCCCCGCAGTGGGCGGTGTGAGGGTTGGGTGGGATTCGCTCGACTCCCGCTGGCGCTTTGCCCATCGATGTGGGCGGCACAGACGTGTTCACGGTCGCAGGTCGCACCGACATCGCCCCACTCCGGGACCTGGCCGCCGGCGTCAGCAGCGACGCATCGCTCTGGCGCCTCCGACACATCATGAGGGCGGCCGATGGAAAGGAGAACAACGGCACACGGTATTGAAGCGTTGCGGGACCAGAAGTTGGGAAGGAGCTTGGTGGGAGGAAGCGGCTCACTGCAGCATTGCCGAGCATGTCTGTCCCCGGCCGCCTCGCTGTTTTTCGCACCGGATGCACCTACCGCGGCGTTTTCGGCTACAACGAGGTTGGCAGGGCAGTCTCGGCTCCGTCTGCTCTAGCCCGTTTAAACTCCGGCTCCGCTGCCTTGGTATCGTTGTCACCCGCCGCTACGGATGTTGCCGGCGCACCCTGTGACGCTCTGGGTGCATCCTCGGAAGCTTCCTCGCTATCCTCGATG
Seq_29_LinJ.28_minus,LinJ.28,,1000,459,1205018,,,,,525202,524203,,,minus,CAGAGGAACGGCCTCGGTGAATAGGTTTCGCCCAGTTCCACGCCGTCTCCGCATGACCACACGTGGTGAGCGCCGGCTTCTGTTTAAAAAGCAGCCGCTCATGGCCATCGCATTCGAAGAAAACCCCGTACACTAAGGACCCACCCGCCCAAGAACGTGCACTCTCATCTCCATGCGTGTACGGTTGCCCGTGTGCCGAACGCCACGCGAGCAGCATTCGAAGAACACACCGTTCAAACCTAACCACCGATTGCGTCTCCACCGCGACCAATTCGTTGCCTTAGCGCATCCGTTCAAGCGCCACTCTACCTCCCGCCCTGTCACAGGCCCCCCGTCGCGTGATGCGAAGCAGCGAATGGCAGGTGCTACAGCAGTGCGCCGACTCAGGCGCCGGAGCACGACCTCTGACCCCAACCTCTACCCACCCACCCCGCCCCTCGCAGGCCGCCTCACAGCCGCTCTCATCATGGAGGTTGCCACCTGGTGCATCCCTTCTCGGGGGTGGCATTCAGGCTTCCCACACCAGCAGGCGGTGTGAGGGGTGGGGGTGGGCTGTGCTCGAGTCATGCCGACACTCTGCCCAATCTTGTGGATGACACAGACGTACGCACCGTCGAGCGTCGCTCCGAGGCAACGCCATTCGGGGCCCGACCGCCGCGAAGTAGTAGCGACAAGGAGCTCTTACATCACAGGATGGAGGGGGCCCCGGCTGCCTGAGAAACCACCAGCATGGAGGTGCGTCCGCACGTCATCTGAGGGCATCGTCATCAAGATCACGACGAGCACAGAAATGAAAGGAAAACAAGTAACCGAAGAGATACAAGATTGGATACAGCAGCAGCAGCATACAGCGTTCTATGTGCAAAGACCAGCAGATCATGCACCCGCGCCAGGAGACGCGCATAAAAAAAAAGAGGGACGAGGACGAGAGCTCTATGGATGGCAAGAACGCCACAAAACAGCAACAAAAGGTAAAAGCTCAGGACAACCCTGAGAACCG
Seq_17_LinJ.28_minus,LinJ.28,,1001,598,1205018,,,,,927974,926974,,,minus,CGCGCTTGCACATACACACGTAGACAAGGGGGAGAACACAGAAGAGGCAAAACTAAGAGCGTCTCCCTATCACACTACACATGCACGGCCGCGTCGCACTTCGTCCAGCCACCTCCGCTTAGCCCTGTCCCTTCTTCGGGCCGATGGCCCACACGGAGCCACAGTCACAGCCGGGGACGGGGAGGAGGCGGAAACAACTCCTTGTTCATTCAGCGATGCCATTTCTCCGCCATGCAGCATGAGCTGAACGCCGCACTCTGCCCCGCCGGTCACACACACACACACGCCCATCCGCGCGGCGCGAGGCAGCCGTGTGCATATGCGCGATAACAATGCAGGCAAGGTCATATCGGCGCGGCCTTTGCCTCCAACTCCACCCACCCCTGCGCTTCGCACGTCGCCTCGCAGCCAGCCGCATCATGTCGGCCGCCACCTGGTGCATCTCCACGAGTGGCGCAGGCTCCCCGCAGCACCAGTGGGCCGTGTGAGGGTCGGGTGTGGGATGCGTTCGAGTCACGCTGCCCAGTCACATGGGTGGCACAAGCGTGTGCACGGTCGCAGGTCGCTCCGAGGCAGCACCACCCACGACCTCACCGCCGGCATCAGTAGCGATGCATCGCACTGACCTCCCCAAGTCTCATGCGCGCGGCCCTGCCACAGCGAGAAGTGGGGTCCGGCAATCGGCAGGGCTGGAGGAGGGAGGGGCTGCCTGGCTTCCGCCGCCCCCTCCTCCACAACACAGAGAGAGAGAGAGTAGAGGGTGGGGGGCGTACGTGGGCACTCGGATATCGCAGCACGGAGGAAGAGGGGGAAAGGAGGCGGAAAGACAAGTAAAGAAAGAGCGCACGTCTGCGGTAGAGACGTGAAGAAGAGTCCGAGAACCGATACAGACACGCAAGGAGAGCAAATTCGAGGAGGCAAACGGCACGGACACGGCGTTGCCCGCCGACGACGACGGCATGCACCCTCAGAAGCAGATGCCGCTCAGGCCCACTGCCTCC
Seq_18_LinJ.28_minus,LinJ.28,,1000,598,1205018,,,,,947996,946997,,,minus,TCTGCTTCTTCACGTTGCACAGTGGCGAGGCGGTGCACAAGAAGTCAGCCGGACGAGATCCGTGCACGAAGAGTAACGAACGAAAAGGCCTCGAGCCGCCCCTCATACCAACGCCGCGTACGCCTTGTGGACGCTCGTGCGTCTGCCTGCGTGAAGCCAGGAAAGAGCAACGCGAAAGGGAGAGTTCGACTCACTTCATTTCTTGTTCGTTCAGCGATGCCATTTCTCCGCCATGCAGCATGAGCTGAACGCCGCACTCTGCCCCGCCGGTCACACACACACACACGCCCATCCGTGCGGCGCGAGGCAGCCGTGTGCATATGCACGATAACAATGCAGGCAAGGTCATATCGGCGCGGCCTTTGCCTCCAACCCCACCCACCCCTGCGCTTCGCACGTCGCCTCGCAGCCAGCCGCATCATGTCGGCCGCCACCTGGTGCATCTCCACGAGTGGCGCAGGCTCCCCGCAGCACCAGTGGGCCGTGTGAGGGTCGGGTGTGGGATGCGTTCGAGTCACGCTGCCCAGTCACATGGGTGGCACAAGCGTGTGCACGGTCGCAGGTCGCTCCGAGGCAGCACCACCCACGACCTCACCGCCGGCATCAGTAGCGATGCATCGCACTGACCTCCCCAAGTCTCATGCGCGCGGCCCTGCCACAGCGAGAAGTGGGGTCCGGCAATCGGCAGGGCTGGAGGAGGGAGGAGCTGCCTGGCTTCCGCCGCCCCCTCCTCCACAACACAGAGAGAGAGAGAGTAGAGGGTGGGGGGCGTACGCGGACACTCGAATTTCACACACGTCAGCAGAGGCACACGCAAGAAGCGGATAAAGAAAAAAGCACGGAATCGGCCGCAGTTCTCGCCAAGTCAAGAAATAAGAAGGCAAACCCGAGCATGCACCAGGACACAACACAGAGTGTCTCGCACAGCGAAATGATGAAAGACCCGCCACCGCCTCTCCCCCCCCGCGCGCATGCATTCGCCCAATTCGCGCCCACTGCC
Seq_17_LinJ.28_minus,LinJ.28,,1000,598,1205018,,,,,952912,951913,,,minus,ACAAAGAGCAGTAGAGAGTGCAACGGATATGAGAAAGCAGAGAGAAAAATGGTGGAGTGGTGCGGATGCCGCTACCGCGGCCGCACATCAAGATGATGGAGTGCCTCCAACAACGCAAAGGGAGCTAGCAGCAGTGAATAGTTGGGTACGGAGGAGAGACGGGAGGGGAGGCGGAAGAAGAAGGCTGTCCAGGGCAACACATTTTCTTTGCAGCGCCAACATTTCTCCGCCATGCAGCATGAGCTGAACGCCGCACTCTGCCCCGCCGGTCACACACACACACACGCCCATCCGCGCGGCGCGAGGCAGCCGTGTGCATATGCGCGATAACAATGCAGGCAAGGTCATATCGGCGCGGCCTTTGCCTCCAACCCCACCCACCCCTGCGCTTCGCACGTCGCCTCGCAGCCAGCCGCATCATGTCGGCCGCCACCTGGTGCATCTCCACGAGTGGCGCAGGCTCCCCGCAGCACCAGTGGGCCGTGTGAGGGTCGGGTGTGGGATGCGTTCGAGTCACGCTGCCCAGTCACATGGGTGGCACAAGCGTGTGCACGGTCGCAGGTCGCTCCGAGGCAGCACCACCCACGACCTCACCGCCGGCATCAGTAGCGATGCATCGCACTGACCTCCCCAAGTCTCATGCGCGCGGCCCTGCCACAGCGAGAAGTGGGGTCCGGCAATCGGCAGGGCTGGAGGAGGGAGGAGCTGCCTGGCTTCCGCCGCCCCCTCCTCCACAACACAGAGAGAGAGAGAGTAGAGGGCGGGGGTCGTAGGCGTGGCAAATGATAAAGGGATGGATCGGGAGTGGGAGTGTGCAGTGCAGTGCAGTGAAGCAGCAGGCGTGTGTGCGGCGGATGTGCGTGAGGTGGCGCAGGGAGGGGGGGGAAGGGTGCATGGACACGCGTGCCCAGCAGCCTACAGTCGTCGGTGCGTAAGAAGTGCAAGAAAGCAGCCAAGGACGAAGCGTATGGGATGACATCATCACCCACACTCATGCCAC
Seq_26_LinJ.28_minus,LinJ.28,,1000,1000,1205018,,,,,1112899,1111900,,,minus,CGGCGGTGCGTCCTCTGGCCCCAAGGTCGAGGAGGTCGACTAAATCGCCCGAGTGCGCCGGAGGTGCTGCAGAGCGCCTGCTCACCTCGTCCCTGCTGGCTGCTCCAGCCTGCGGGGGTGAGGGCTCTCTCTCTCTTGCATCTTCGCTCTCCTGTGCGTGCTGATGTGTACTTGGGCGTGGTGGTGGGTGGTGTGCACCGCCGTTGCGCCGGCGCCGCTGCGGCTGTGGCGCGTGATACGGGGTTTGTGGCATGGACCATGGCATGAAGACCCAGAAGGCGCCACGCGGAGGAGGCGGCAGCCGCAGCGCGCAGGGGCATTGTGCACCTCCCTCCCCCCTTTCACCCCCCGATTCCTAGCAGATGCGAGCTGCCGGAGTGCGTGTGATGCGCGTGTGAGCGCATCTGCTCGTTTGCGAGCGAGCATGGCGGGCGTGCGGCAGCGGCGGCGTGTTGGCCGGTAGTGGTGGAGAGGCGGCGTGCTGGCAGCTGTGTGTGTGTGTGTGTGTATGTGCGTGCGAAGCAGGTGTGCTCGGCGTGGAATGCCCGCACACACACTGCTGCGCAAGCACTGCCTCTATCGTTGGCCTCTGTGCTGCTGCTCTTCCTCTACACTTCGCATGTGTGACTGGTGCGGTGTGCGTGTCCCTCCCGTGTGTGTGTGTGTGTGTGTGTGTATGTGTGTCTGTGCATCTCCTCGAACTGCACCGCCGCGGCTGAGGGCGCACACACGCAGTCCCATGTGCGCGTTGAGCGAGAGCGCTTGAGGCCGACCCTCTTTCCTCCCCCTACCCGTGTTCCGCGCTCCGTGTCCTACGACACCGACGAGGACCGCGCACACGGCCAGCACTCACCCTGACTGCCCGCCGCGCCTTTCTCTCCCTTGATGGAGTCCCTGTTAACCTTTACCGTCGCGCACGCACATGCCGATGCCGCACCATCAGCGTACGGCATCCCCCTTCGCTTTTGTGCGTGCGCGTGTGCGCTTCTCCTTTGTCTCT
Seq_36_LinJ.28_minus,LinJ.28,,1000,1000,1205018,,,,,1087773,1086774,,,minus,GCCGGCGGTGCGTCCTCTGGCCCCAAGGTCGAGGAGGTCGACTAAATCGCCCGAGTGCGCCGGAGGTGCTGCAGAGCGCCTGCTCACCTCGTCCCTGCTGGCTGCTCCAGCCTGCGGGGGTGAGGGCTCTCTCTTTCTTGCATCTTCGCTCTCCTGTGCGTGCTGATGTGTACTTGGGCGTGGTGGTGGGTGGTGTGCACCGCCGTTGCGCCGGCGCCGCTGCGGCTGTGGCGCGTGATACGGGGTTTGTGGCATGGACCATGGCATGAAGACCCAGAAGGCGCCACGCGGAGGAGGCGGCAGCCGCAGCGCGCAGGGGCATTGTGCACCTCCCTCCCCCCTTTCACCCCCCGATTCCTAGCAGATGCGAGCTGCCGGAGTGCGTGTGATGCGCGTGTGAGCGCATCTGCTCGTTTGCGAGCGAGCATGGCGGGCGTGCGGCAGCGGCGGCGTGTTGGCCGGTAGTGGTGGAGAGGCGGCGTGCTGGCAGCTGTGTGTGTGTGTGTATGTGCGTGCGAAGCAGGTGTGCTCGGCGTGGAATGCCCGCACACACACTGCTGCGCAAGCACTGCCTCTATCGTTGGCCTCTGTGCTGCTGCTCTTCCTCTACACTTCGCATGTGTGACTGGTGCGGTGTGCGTGTCCCTCCCGTGTGTGTGTGTGTGTGTGTGTGTATGTGTGTCTGTGCATCTCCTCGAACTGCACCGCCGCGGCTGAGGGCGCACACACGCAGTCCCATGTGCGCGTTGAGCGAGAGCGCTTGAGGCCGACCCTCTTTCCTCCCCCTACCCGTGTTCCGCGCTCCGTGTCCTACGACACCGACGAGGACCGCGCACACGGCCAGCACTCACCCTGACTGCCCGCCGCGCCTTTCTCTCCCTTGATGGAGTCCCTGTTAACCTTTACCGTCGCGCACGCACATGCCGATGCCGCACCATCAGCGTACGGCATCCCCCTTCGCTTTTGTGCGTGCGCGTGTGCGCTTCTCCTTTGTCTCTTC
Seq_36_LinJ.28_minus,LinJ.28,,1000,1000,1205018,,,,,1091362,1090363,,,minus,GCCGGCGGTGCGTCCTCTGGCCCCAAGGTCGAGGAGGTCGACTAAATCGCCCGAGTGCGCCGGAGGTGCTGCAGAGCGCCTGCTCACCTCGTCCCTGCTGGCTGCTCCAGCCTGCGGGGGTGAGGGCTCTCTCTTTCTTGCATCTTCGCTCTCCTGTGCGTGCTGATGTGTACTTGGGCGTGGTGGTGGGTGGTGTGCACCGCCGTTGCGCCGGCGCCGCTGCGGCTGTGGCGCGTGATACGGGGTTTGTGGCATGGACCATGGCATGAAGACCCAGAAGGCGCCACGCGGAGGAGGCGGCAGCCGCAGCGCGCAGGGGCATTGTGCACCTCCCTCCCCCCTTTCACCCCCCGATTCCTAGCAGATGCGAGCTGCCGGAGTGCGTGTGATGCGCGTGTGAGCGCATCTGCTCGTTTGCGAGCGAGCATGGCGGGCGTGCGGCAGCGGCGGCGTGTTGGCCGGTAGTGGTGGAGAGGCGGCGTGCTGGCAGCTGTGTGTGTGTGTGTATGTGCGTGCGAAGCAGGTGTGCTCGGCGTGGAATGCCCGCACACACACTGCTGCGCAAGCACTGCCTCTATCGTTGGCCTCTGTGCTGCTGCTCTTCCTCTACACTTCGCATGTGTGACTGGTGCGGTGTGCGTGTCCCTCCCGTGTGTGTGTGTGTGTGTGTGTGTATGTGTGTCTGTGCATCTCCTCGAACTGCACCGCCGCGGCTGAGGGCGCACACACGCAGTCCCATGTGCGCGTTGAGCGAGAGCGCTTGAGGCCGACCCTCTTTCCTCCCCCTACCCGTGTTCCGCGCTCCGTGTCCTACGACACCGACGAGGACCGCGCACACGGCCAGCACTCACCCTGACTGCCCGCCGCGCCTTTCTCTCCCTTGATGGAGTCCCTGTTAACCTTTACCGTCGCGCACGCACATGCCGATGCCGCACCATCAGCGTACGGCATCCCCCTTCGCTTTTGTGCGTGCGCGTGTGCGCTTCTCCTTTGTCTCTTC
Seq_36_LinJ.28_minus,LinJ.28,,1000,1000,1205018,,,,,1084184,1083185,,,minus,GGCCGGCGGTGCGTCCTCTGGCCCCAAGGTCGAGGAGGTCGACTAAATCGCCCGAGTGCGCCGGAGGTGCTGCAGAGCGCCTGCTCACCTCGTCCCTGCTGGCTGCTCCAGCCTGCGGGGGTGAGGGCTCTCTCTTTCTTGCATCTTCGCTCTCCTGTGCGTGCTGATGTGTACTTGGGCGTGGTGGTGGGTGGTGTGCACCGCCGTTGCGCCGGCGCCGCTGCGGCTGTGGCGCGTGATACGGGGTTTGTGGCATGGACCATGGCATGAAGACCCAGAAGGCGCCACGCGGAGGAGGCGGCAGCCGCAGCGCGCAGGGGCATTGTGCACCTCCCTCCCCCCTTTCACCCCCCGATTCCTAGCAGATGCGAGCTGCCGGAGTGCGTGTGATGCGCGTGTGAGCGCATCTGCTCGTTTGCGAGCGAGCATGGCGGGCGTGCGGCAGCGGCGGCGTGTTGGCCGGTAGTGGTGGAGAGGCGGCGTGCTGGCAGCTGTGTGTGTGTGTGTATGTGCGTGCGAAGCAGGTGTGCTCGGCGTGGAATGCCCGCACACACACTGCTGCGCAAGCACTGCCTCTATCGTTGGCCTCTGTGCTGCTGCTCTTCCTCTACACTTCGCATGTGTGACTGGTGCGGTGTGCGTGTCCCTCCCGTGTGTGTGTGTGTGTGTGTGTATGTGTGTCTGTGCATCTCCTCGAACTGCACCGCCGCGGCTGAGGGCGCACACACGCAGTCCCATGTGCGCGTTGAGCGAGAGCGCTTGAGGCCGACCCTCTTTCCTCCCCCTACCCGTGTTCCGCGCTCCGTGTCCTACGACACCGACGAGGACCGCGCACACGGCCAGCACTCACCCTGACTGCCCGCCGCGCCTTTCTCTCCCTTGATGGAGTCCCTGTTAACCTTTACCGTCGCGCACGCACATGCCGATGCCGCACCATCAGCGTACGGCATCCCCCTTCGCTTTTGTGCGTGCGCGTGTGCGCTTCTCCTTTGTCTCTTCT
Seq_36_LinJ.28_minus,LinJ.28,,1000,1000,1205018,,,,,1094949,1093950,,,minus,GGCCGGCGGTGCGTCCTCTGGCCCCAAGGTCGAGGAGGTCGACTAAATCGCCCGAGTGCGCCGGAGGTGCTGCAGAGCGCCTGCTCACCTCGTCCCTGCTGGCTGCTCCAGCCTGCGGGGGTGAGGGCTCTCTCTTTCTTGCATCTTCGCTCTCCTGTGCGTGCTGATGTGTACTTGGGCGTGGTGGTGGGTGGTGTGCACCGCCGTTGCGCCGGCGCCGCTGCGGCTGTGGCGCGTGATACGGGGTTTGTGGCATGGACCATGGCATGAAGACCCAGAAGGCGCCACGCGGAGGAGGCGGCAGCCGCAGCGCGCAGGGGCATTGTGCACCTCCCTCCCCCTTTCACCCCCGATTCCTAGCAGATGCGAGCTGCCGGAGTGCGTGTGATGCGCGTGTGAGCGCATCTGCTCGTTTGCGAGCGAGCATGGCGGGCGTGCGGCAGCGGCGGCGTGTTGGCCGGTAGTGGTGGAGAGGCGGCGTGCTGGCAGCTGTGTGTGTGTGTGTATGTGCGTGCGAAGCAGGTGTGCTCGGCGTGGAATGCCCGCACACACACTGCTGCGCAAGCACTGCCTCTATCGTTGGCCTCTGTGCTGCTGCTCTTCCTCTACACTTCGCATGTGTGACTGGTGCGGTGTGCGTGTCCCTCCCGTGTGTGTGTGTGTGTGTGTGTGTATGTGTGTCTGTGCATCTCCTCGAACTGCACCGCCGCGGCTGAGGGCGCACACACGCAGTCCCATGTGCGCGTTGAGCGAGAGCGCTTGAGGCCGACCCTCTTTCCTCCCCCTACCCGTGTTCCGCGCTCCGTGTCCTACGACACCGACGAGGACCGCGCACACGGCCAGCACTCACCCTGACTGCCCGCCGCGCCTTTCTCTCCCTTGATGGAGTCCCTGTTAACCTTTACCGTCGCGCACGCACATGCCGATGCCGCACCATCAGCGTACGGCATCCCCCTTCGCTTTTGTGCGTGCGCGTGTGCGCTTCTCCTTTGTCTCTTCT
Seq_91_LinJ.28_minus,LinJ.28,,1000,1000,1205018,,,,,135069,134070,,,minus,CAGGAGGAGAGGGAGGTGCGGAGTCCACAGTAGACATAGGCCACAGAAAGGCAAACGGAGCAGTTGGCATACGGACACGCACACCCAAGACGCGTGTGTTCGTGGCGAGCGGTTGGGTCGGGAAGAAACGGCAAGACAGGAGCTGCGCTCTTTTCCTTCTTCTTTGGTGGTGGTTTAAATGCCGGCGCGCGCACGCACCCGTTACACGTAGAAACTAGTTGAAAGTTACCGAGAGCAGCAGTCACTAGCCCACGCCCCGGCACACCACCTTCAGTGCCATCGCTTAGGGGACTCCACACGCTCTCTCCCTTGCGTCGTGGAATCTCCACCACCCTCCGCAGAGAAGGGAGGTGGAGGGGGGATGCGCCGCGCAGTTGGTGGCGCTTATATTACCACTCTTACTCGGTGCGGTGACGCGGTTCGTAGAAGCCGCCGCCCATGCCACCGCGTCCTCGGGCGCCATCAAGCAACCGGCCGAAGCCGAAGCCGCGGTCGCGGCCCATGCCACGACCACGCATCGGACTACCGTTTTCGCCGAGGCCGTCGCGCTGACGCTTGCGGGCGATCCGCACCGCATCGGCATCGTGGCGGAAACTGCACCGCGTCCCCTTATCGCACTCCCCAAACCGGAGAAACGTGCGGCACACTGGAATCTCGTTTGGCGTGCAGTGCCAGTAGGGGCACTCCTCGGCGTTCAGGCAGCGGCCCTGAAGGAAGCGCCGGCACGGCACGCGACTCAGACGCTCCAATTCCTCCGGCTCCATCTCGCTCCGCTTGCGCATCTGCGGCCGCTCGCGCGGCACGCGAGTCTTCTTCGAGCGGAAACTGCTGCGAATTGCCTCCTTGTCTTCCTCCGTTACGAGGGTGAAGCGGTGCAGCTCGGATGCATGCACGACAACGAACACAGGGAACTCGCTGACGAAGAAAAGCCGGCGCAGATTCTCGTTGAGGGTATCGTAAGGGTCGAGCAAGAAGTACCGCGCGTTGTTGCCCAGCCGTT
Seq_45_LinJ.29_minus,LinJ.28,,1001,1000,1205018,,,,,1193745,1192745,,,minus,CTTTCATTTGGGGGATTCTCTGTTGTTTAGTTTGACAACATTAGCGACGGAAGGTCGGGTGGCAGTTTGCAAAGTGGCTGCGCATGCCTTAGTGAAAAGGTGCCCTAGCATTCTCACATGCATCGCAGCAACGAGAGTACGTCCCTCAATTCGCCTTCTGCTTGGTGCACCTGAGGATGGCGTGGATGTATGGAATGTCTTCACTGTTCTTTGCTCTCTCTTCCTTCATTGCTAGCCTCCTGATGAGAAGGAATACGCCAGCATGGTATCAGGGTACGGTGACTACTCTGTGAAGAGGCGACGCAGCTCCCACCTATCCAATGCCGATGCCGAGCAAGCCTCTGGTGGTGACAAGGCTAGGCACCTACGACTTGGGGGGAGGCCAGAGCGATGTATCGCCACTGATGTCGGCGGTGAGGTTCTGGATGGCGTTGCATTGTGGGGCGACCTGCGACTGTGAACACGCTTGTGCCGTCCATATGATAGGCAAAGTGCCCGAATGACTGGAACGTAGTCCGCCGGGCCCTCACTGCCTCCTGGCGGGGTAAGCCTGGGACACCATGAGGGGGGATGCACCAGGTGGCGACCGGCACAATGGGAGAGGTCGTGAGGTGACGTGCAGTGCAGGGCTTGGTTAGCGTTTGAGTCAGGGGCCTTTCTCGAGGACTGAGTCGGCATTGCTGTAATGCGTGCCTACGGTAGCTTCGCACCTCTGGATATGCCGGGTCAAGCTGAGTTTGACTCATGCTCGGTGTCAAAAGGGACGAGTGAAAACAGCAAGTCTTGCACTTAAATTTTTTCTTCCTTTGTTCGTCGCCTCTCTTTCTTGCGCTCCACGAAATTCTCCTGGTTGGACAAGCAAGCGAACGCGCGCCGTCGCTGTCATTCATTGGAGCATACACTCAGTTCTCTTTGCTGATTATCAGCTTTGCTATAGCTCCTGTTCAATTTTTTTTTTTGATTAGCTTTGCTTCTCTCTCGAAAGGAGCCGATAAACAAAT
Seq_97_LinJ.28_minus,LinJ.28,,1000,512,1205018,,,,,1171406,1170407,,,minus,CACCTCTGAGCGGCAAACATAAAGCACTCCGAAAAGCTGAAACTTCATCACTGCAATATGGCGCCGTGTGTGCATGTTATTGTGCGTGTGTGTGTGTGTGTGTGGCTGTGTTGATGTTTTTTTTTTTCGCTGTTGCCGCTCCTCGTCTGACATCCTCTCAGCGTCTGCGTGCGTGCATGCTTGTGTGCTCGCGTCTCGTTTTCCTTAGAGTGTCGGACCCCCTCCCCTCATGACAGTGGTGGGGGAGGGGGACACCTCAGCGTGGCACCTCAGGGTATTGCACACCCCCTACCCTATCTCAGGGCAGAAGCGACGCAGCTCCCACCTATCCAATGCCGATGCCGAGCAAGCCTCTGGTGGTGACAAGGCTAGGCACCTACGACTTGGGGGGAGGCCAGAGCGATGTATCGCCACTGATGTCGGCGGTGAGGTTCTGGATGGCGTTGCATTGTGGGGCGACCTGCGACTGTGAACACGCTTGTGCCGTCCATATGATAGGCAAAGTGCCCGAATGACTGGAACGTAGTCCGCCGGGCCCTCACTGCCTCCTGGCGGGGTAAGCCTGGGACACCATGAGGGGGGATGCACCAGGTGGCGACCGGCACAATGGGAGAGGTCGTGAGGTGACGTGCAGTGCAGGGCTTGGTTAGCGTTTGAGTCAGGGGCCTTTCTCGAGGACTGAGTCGGCATTGCTGTAATGCGTGCCTACCGCTGCTTTGCGCCACACGACGGGCCTGTGACAGGGCCAGGTCAAGCGGAGTTTGATTTATATTGTATGGGCGAACAAACGCGCTGGTAAAGAAAAGTGCATGCCCTCTTGAGCAGCATCGCACGGACCTAGACAGACGAGAAAGAGGGCTGACTGCTTCACATCGTGCTAAAGGCAGAGGCAGGCAGCCTACTTGCCTGCCGGTACCCTGCGCCGTGCAGAGGCTGTTCTCTTTATCTGGGAGTGGTTCTATTCACGCCGTTGCCGTCGGAAGGAGCTGCGTGCATGTGT
Seq_97_LinJ.28_minus,LinJ.28,,1000,512,1205018,,,,,1133654,1132655,,,minus,GGAAAAATGGCGAGAAGGGCGACATCGAAGTCAAACTTCTGCGCCCATTCTCTGCGCATCGCGTCAGCAATCTTTATACACTGCTGCATCGGGACGACGCACCCGCTCGCGCAGAGAGCACAGCACGCAAACACGTCCGTGCGTGTGTGTGCGTGTGTGCGTTCTCCACTGTTTTTCTCATCTTTGCTCTTTCTTGTGCTTTTACACGCGCTTTTTGTCGCTTTCCTTCGAGTGTCGGACCCCCTCCCCTCATGACAGTGGTGGGGGAGGGGGACACCTCAGCGTGGCACCTCAGGGTATTGCACACCCCCTACCCTATCTCAGGGCAGAAGCGACGCAGCTCCCACCTATCCAATGCCGATGCCGAGCAAGCCTCTGGTGGTGACAAGGCTAGGCACCTACGACTTGGGGGGAGGCCAGAGCGATGTATCGCCACTGATGTCGGCGGTGAGGTTCTGGATGGCGTTGCATTGTGGGGCGACCTGCGACTGTGAACACGCTTGTGCCGTCCATATGATAGGCAAAGTGCCCGAATGACTGGAACGTAGTCCGCCGGGCCCTCACTGCCTCCTGGCGGGGTAAGCCTGGGACACCATGAGGGGGGATGCACCAGGTGGCGACCGGCACAATGGGAGAGGTCGTGAGGTGACGTGCAGTGCAGGGCTTGGTTAGCGTTTGAGTCAGGGGCCTTTCTCGAGGACTGAGTCGGCATTGCTGTAATGCGTGCCCACGGTAGCTTCGCACCTCTGGATATGCCGGGTCAAGCTGAGTTTGACCTCTGTGCTACATGGCAGAGAATGAGCACGTGAAGAGGTAAAAGTGCCCTCCTCTACCGAGCGAGAGTGTGAGGGTGGGGTGGTCGGGGCAGAGGGGGGGAGGTTATGGGAAGCGAGGGAACGGGGCATATGCGGGCGTGGGAAGGCAAAGGGGGGGGCCTGTGATCCACATCACTCGTAAGCCGTGCACGACGGACAAAGGCACCGGGATACTCACGCTAGCG
Seq_24_LinJ.16_minus,LinJ.28,,1000,636,1205018,,,,,895392,894393,,,minus,TGTGTACGCGATAGTTCGCTGGAGCATCTCGCCTTTGATTCTTTAGCCTGCACGTACGTGGTGGGGGGTTGGGGATGTTCAGTTCTGCGTTAGGGAGGAGGGTGCTTCGTTGGGTGACAGCAGCGCACGCGCATGTGTGCGTGTATCGTCACTCGGGCCAAAAGACAGGGAAAGTGAAGCCATGCGCATTCGCTGGCGCTGCTCCGATATGCCGTGCGTGCGTATGGGAATGCCTCCCTTCCGTTTCCGGTGCAAGAGAGGGGAGAGGGAGAGTAAGAAGGCGCGAAACGGAACACGGGAGAAAGAGTTACACCGAGGCCGGGAGGCGAGTCAGAATGTTCTCCTCCATCGGCCGGACTACTGGGGTGGCGTGTGTGTGTGTGTGTGTGGGTGGGTGGGTGGGTGTGTGGGTGTGGGTGTGACCGCGCCGCTTACACAGAGGCCGCACCGGCAAAAATAGAGCGCGTCTTCTTTTTTACAAAGGCATCGATACGTATGCACGACTGTGCTTGGTGTGCGCAGACGAGAGGGCAGGGTCGCCTGCTATACCAGCTTCCTGCCTCACCGAGTGAAGATATGAAGTAGTGGTGGGGAAGGGGGGTCCGGGTGGGCGGGACTGCCTCTGGGGACACGGAGAGTAGAAACAACGAGAGAGAAGCTGTCATTCGCAGAGAAACCGAAAACCAGAGCCAGCGCTGACAGGCAGAATCGTGACGCCGCTTCCACTGGACAATGAAAAGCAAAACGCGGCCGTGCACCCGATCTCGTCGTACCGCTATGCCCGCAGAGTCGGACTGCCCACTCGCTTGCAGGCGCGGAAAGGCGAAGAGGTAAGGAGGAGCGAGCGAGAGTCAGCCGTCAGCATTCACAGTTCAATGCACGCCCTCGCCATAGTGTAGGTGCACCGCGCGACACACATGCTAGAGGTTTTGCGTGTAAGTACACGACCTTTTTGTGTGCGTATGTGTGTGCCTAACGTGCAAGCGGACGAGAGTCCGTA
Seq_27_LinJ.16_plus,LinJ.28,,1000,318,1205018,,,,,201589,200590,,,minus,TGGAGTGAAGCTTGCCGCGTAACAGAAGCGTGCGGCTATTCAGTGTTGCTCTGTTCTACTCCCCGCGCAACGGATGATATGCGGGAGGTTCAGTGACGTCAACGGTCGCTACCAACGCGCAGTAAGACAAGGATGACGTGCGCTTCTTCATGGTGCTCTCAACGCAGACGCAGTAACATCGGAGGATGGCGCTTTACGACGTATGGTGGTGCAAAATCTGCGGTCACTCGCGCGTTTCGTGCGGTGCTGATTTGAACTAGTCTTCTCGACATATTTTCATCATATCACAGAGCGGAGGGGTGCCAGCTTGTTGCAGCAGCACCGCCAGAGAAGCAGACGCATCAGCATGGATCAGGGCCCTTGTTACCGGTCTCAGTCATCACGCCGAGATTCCTACTGTGCACATGAATTAATTCACCGCCGCCGCCCTGTAACAGGTCTCTGGACGCGGCCCGCTCTGATCACGGCCTGCAGCTCACTTAAGTTTCTACCGGCGCCGGTTGCGCTGCATCTATGCGAGAGGAAGGGGTGAGGAAGAAGAGGAAGAACCTGCGTGACGTGCAGCCCGGCTCGACGGCAGACGGTTTATGTTGGACAAGCATGATGTAGCCACAGAGCCGCAGAGTTAGGTTAGCAGTGGTTGTGCATGCGTGTACGGGCTGACTAGCGGCAGAATAAATGCTTTTTGAAAGGGGTGAAGGAGTCGTGCCTTTGTGGAACAGCAGTGGTGCTCTGCTGGAAGCGCTGTAAAACGCAGAAATCACGGAGGGTCCTACTTCGTTTCCTATTGAATCGCTCTGATGCAGCCGTTGCCTGCCAGTGCTAATAGTTTGCGTTGGAAAGTGACGACTTCACTCCTCCCCCGAAAGCCGGTGTGCAACTTGGCACCGTCGTTGGGGTCTGCGTCTCCCGCGAAGAAGTTTTTCTGCATGAAAGCAGATGTGCCGTGGGGTGTGGAACACGAGTTCAGAATCACAGTATTTGGTCGTGTGCTCGTGGA
Seq_41_LinJ.28_minus,LinJ.28,,1000,373,1205018,,,,,770635,769636,,,minus,GAGTTTTTGTGTGTCCGCTTCTTTCTCTGCGCGGGTGTGCTTGTGTGTGAGTGCTGGTCCGTCTCTTTATTTTTGTGTTTTGTTTTTGTTTTGGTAGCGGGTGCCCGGCTGGGGTTTGTTTTGTGTTACGCGTCCGCCTTTTCTTTGTGTAGAGGCCATTTTCGCGCCTCGAGCTGCATGTGCGGCTCTTCCCTCCTTTCCTTCTCTTCCCCCATTCTTTCCTTGAGTCGCCATGCTCTACTACCGCCCCTTCACCTTTCCACCGCGCTGTCATCCTTTACCTTTCCTTTTCTCGTTTTTGATGTTCTTGACCGTAGCGCTGGCCCTCATGATACTAACCACCTCACCGCGGAATCAGGGCGTAGTACCCACTCTCGGTGTCGGCGGACGGGTCTGGGGCGGCGCTGTGCGGAAGAGATGCGCCGTCGTGATGGTCACGCTTGGGCCGGCGCACTACGAACCCCGCGCGACGATTCGGAAAACATATGCACCCGCCTACCGCTTTTCTGCCTTTGCTGCGCTGCAGTGATGTTGAGCGTGATCCGGGACCTCGGCTGCGCTGTGAGGCAGTGACGTTGCAATGGACGGAACGACGCCACGCGGTGCTAGCGGGGCCGGCTCCCTGGCATAGCTGCAGTGCCACAGAGACACGAGACCTGTGATTGTGTATGCGTGTATATCTGTTTACGTGTTCGCTCAACCATGAACACGTTCAACAAAGAAACGTGCTCGCATTGGGCGAACTTCTCTTTTCATCTGTTTTGTTCGTGTCACCGTCTCCGGCTCATGCTGAAAAGCTCTCTGCGGCGTCTCTCTCCTCCCCTTACTTGCTCCTTGTTGTCCCGCATAACTCATGGAGAGGGTCAGGCGGGCACGCACGCCGACACAGACACGCGAGATGCGTGTGCTTACGCCACTTCTGGAGACCTTTGCCGCGTCTCTGGGCCTGCGCTCTACAAGAGAGCTGACATTCTCTTCTCCCGCACAGGCACACGCATAT
Seq_92_LinJ.32_minus,LinJ.28,,1001,869,1205018,,,,,1154674,1153674,,,minus,CGGTCGCTTGATCTTCTCTTGCCACGTCGGTGCTGGGCTGCTCGGCCGCAGGCCCCTTCCGCTTGACCCTCCCGCCACACAGGCTTATAGCGGCGTCCAACCTGTCGAGAGATGTGCGGACACAACATCCAGACAGCCCCCCCCCCTTTGTGACATGGACGGAAATGGAGGATGAAGACAGAAGCCCCCCTTTCCTCAGACTCCGAAGTCGTTCTGAAGCAGGCCCCGGGATGCAAAAATGCAAGCACTGTGCGCAGGCGCTGTGAAGCACAACTGGCGTGGTGAATCGCATCCAAGCAAGGCACTCAGAGGTCCAAAGAGCAGGAGTGGTGGACGAACAAGGCGCGAGGAGACCCAATATACGGATCAGCCCCCAAGCGCATGTGTGCGGAGCGTGCTGCATCTGCTGCATTCAACCTGGAGGGCTCATGAGGCACAGACGCCGGAAGCATGACGAGAGTGCCCTCGAGTTCCACCATCAAGCCCTCCCGACTCTCCTGTTGCGAGTCACCACACCGTATTAACGGGATGCGGCGGCTTTAGGCGACTGAGAGAGCGAAGCACGGCACACGGGCAGGGTGCGCAGGGTCTCCGAGGGATATGGCCTGCAGCTGGCCAACTTCCTCCCTGCGCGCATCCGGCATGCACCGAGAGACCACCACCCCACTGCTACTCCGCACGACAGACGCCACTGCTTCCGCCCTTGAACAGGACCCTGCACGCGGCCCGATTCGAATGAAGGCATGCCGTACACCCGAGCCTCCGTGTGGCGCCGATCGCGCAGCACACGTGCGATGAATGGACAAGGACGGACACGATGAGTCCGGCCGACGCATGGCGCTGATTCTACAGCAAGACGGTGCATCCTAGGCGACCACGATTTAGCCGCGGTGCAGCAGAAGCTGGTGGTGTGTGGTGGTGTGCGCGCATGTGTGTATGTCGGTTGACTGACCTGCTGGTGGTCGGATGGGCACATCGGAGAAGAAAAAAATGAGGGTGCC
Seq_43_LinJ.28_minus,LinJ.28,,1000,578,1205018,,,,,896377,895378,,,minus,TGGTCGACTCCTCACGTTGCGGTCTGCCTCAGCAGCAGCAGAGTCTGAGCCGTCCTCCATCGGAATGCGTAGAGAGGACACACACCGAGCAGGGAACGGAGAACCGAGAAAGCTCTCCCCCCCCGCCGGCAGCACACCGCAGGCCAGCGGCCACGACAAAAGCGGCAAACAAAGCCCACCGATGAAGAGAGCGCAGAGTGTGCGTGAAGACTTCGTTTTCCTTCCACGCCCATGTCACCACACAACAATAGCTTAGGCTCATCTCTGCCCGGCCGGTCACAGGCCCCGTCGCGCGGCGCGAGACAGCCGTAGGCACACGAGGTGCAGCAATGCCCAGACCCGGTCATCGGTGCATGGCTTCTGCCTCGAACCTTACCCAACCCCGCCCCACAGGTCGCCCCACAGCCACGCACATTATGCTGGCCATCACCCGGGGCATCCCTCTCGGGGGGGGGCCAGGCTCACCCCGCCCCCAGTGGGCAGTGAGGGCCGGGGGTGGGACGCGTTCGAGTCACGCCGACACTCCGCCCATCCTGTGGATGGCGAAAACGTGTGCGCGGCCGCGGGTCGCTCCGGCGCCACGCCGTCCAGCACCGGACACTGCGGACATCGGCAGTGATACATCGCTCTGACGTCCCTACGTCACGCGCGCCTGACCCTGTCACCACCAGAGGTGGTTGTGCAGTGGCAGGAATAGGGGCTGCTTGGCTTCCCCACAGAGAGAGTGGGCACTGGGCCCAGAGACACAACGCACAGAGGCATGTGCCCCCCCCGCGTCGTCGTCGGGGAGAGCGAGAGAGGAGCTGAAAGAAAAGCAATAAATGGGTGAGGTGACGCTGGGGTGGGAGTACGGAGAGACCGCGAAGGAGCACGCCACAGATCGTGGATTAGGCAGATGCTTTAACACCCACTATCGGCCTGTCGAGGCTGCGCCACGTCGGCGATGTCTTGTTGGCTGCACCAAGTCGATATTTTCGCGTACGGGTGTGTACGCGATAGT
Seq_38_LinJ.28_plus,LinJ.28,,1001,560,1205018,,,,,997521,996521,,,minus,TGCACAAGGAGCACCTCTTAAGAGAGGGGAATGGGGAAAGCACAGGCACAGCACAAGCTCATGCACAGGCACGCGCGCTGAAGTCGAAAATCGCGACCGAAAAAAGCAAAACAGAAACGCAGAAGTAAAGGAAATTCCTCAAGAACACATCAAACAACAGCATGCCCCCACACGCACAGAATAAAGGAGAAATCGTTTTCGCATCAACGTGTTCATTCGATGCCACGGAACATGAGCTGAACGCCACACTCGATCGCCCGCGGGCCGGGCACAGGTCCCCCTCCCATCCGCGCGGCGCGAGGCAGACGTTGACAAGAGGTACGGCAATGCACCGACTCGGTGACCTGCGCAAGGCCCCTGCCTCCAGCTCCACCCACCCCTGCGCTTCGCGCGTCGCCTCGCAGCCAGCCGCATCATGTCGGCCGCCACCTGGTGCGTCCCCACGAGTGGCGCAGGCTCCCCGCAGCACCAGTGGGCCGTGTGAGGGTCGGGTGTGGGATGCGTTCGAGTCACGCGGCCTAGTCACATGGGTGGCACAAGCGTGTGCACGGTCGCAGGTCGCTCCGAGGCAGCACCACCCACGACCTCACCCGCCGGCATCAGTAGCGACGCATCGCACTGACCTCCCCAAGTCTCATGCGCGCGGCCCTGCCACAGCGAGAAGTGGGGTCCGGCAATCGGCAGGGCTGGAGGAGGGAGGGGCTGCCTGGCTTCCGCCGCCCCCTCCTCCACAACACAGAGAGAGAGAGTAGAGGGTGTGGGACGTGCGCGGGCACTCGGATTTCACACACGGAGATGAGCCGGCATCATCAGGGTCCCGTCATCAACGTCGGAAATAAAACGATGAGAACATCGACATATCGTTCTTCAGCAAGAGAGAGGCGGGCCAACCACACACGCGCAGAGACGAAGAGAGTGGAAAGCGTCAGAAAACACACACACACGCAGCGGCTCGTTCTATCGCGCGGGGTCTCGGCGCTTGCCATCCATAAGCGCCGAGA
Seq_22_LinJ.09_minus,LinJ.28,,1000,286,1205018,,,,,1000,1,,,minus,GCTGTGCGGCACAAAGGCCCACATGTTTCTGTGCACGGGCTAAGCTTGAGGTGCGGGCGCGGCTCAGCGCATGCGAGGCCACGTCTCGCTCCGACGCCACTGTCAAAGATTATAGCTCGCCATGGACTCTGCGACGGTTTTTGCAGCACCGTGAGCTCGACAGCGGTGCCATCGTCAACGCCACGAAGCATTACAACGGCTTTGGTGAGCTTCTCCTTTATCGCTGGCACGCTACTCCGTTCTGCAACCATAAGAGTCCCAATAAGCAGTCTGCATTGACGCTCCCCTATGCGACTGGTGGCCACATGCGACAGCCGCGTTCTTACGCAGCTTCGGCGCCGAGGATTTCGGTTTACCAACCTCTTCCGGAGCACCATTTTGCCGTTTGTACCCCCCAATATCATTTCAGTGCTCCCTGAAAAGGCTGTGAAAAGCCTGACGGCCTGTACGGCGTGTTATCCCGAGCCCTTTCCTTTGCTGATGATGCTGTTATCCTTTTAGGAGTTCCTGTGCAACGCTCGCTGAGCGTTTTTGCTCATGCCCTTTATCGTTGCCTAGGAGAACCATTGGGGTTTTTATGCGGCAAGCGATAAAAACCGCCGTGCTGCAGGTCACAAAAAGCTCGCTATTGTGTGGCCCAGCGCAGTTCTCCCACAACGCATTCCGCCCTACATCCTCAGTGCCACCTGTGTGGCTATCATCAGCGTCTGTGATCGCTTACGCCGTAAAGGTTCTCCGCTACATTCTTTCTGCGCCAAATCACCTGTGGCTAATACTTAATACGGCAAAACCCTCAAAAGGCATGGCTGCGATCACATGTACGTGCACGGTTGCGTTTATGGTTGCGGGGGGACGGTTAGGGTTAGGGTTAGGGTTAGGGTTAGGGTTAGGGTTAGGGTTAGGGTTAGGGTTAGGGTTAGGGTTAGGGTTAGGGTTAGGGTTAGGGTTTTTTTCTCCACTGATTCCTTGCACAGCGACACCCTCTCCAACAGGACGGGGG
Seq_11_LinJ.29_plus,LinJ.28,,1000,580,1205018,,,,,850311,849312,,,minus,ACTTCTTTCCACAAGTTGGGGAAGTCAAAAGGCACGGAAACTGAATCGATCAAAAGATCGTTCAGAGAGTGCTCGAGCTCCCTACAGCAGCTCATGTCTTTGATCAGCAGTTGAGAAAAGGTGATCTACGACACAGAGGCAAACCTACCTTCGTTTTCATGCGAATATGTAGGCATAAGTGGCACATGACAAAAGAGTCACAGAAGGGGAGCAAAGTAAAGATTTTTTTTTCAACGTGTCCATGCCACCACACAACAAGAGCTAAGCTCATCTCTGCCCGGCCGGTCACAGGCCCCGTCGCGCGGCGCGAGACAGCCGTAGGCACACGAGGTGCAGCAATGCCCAGACCCGGTCATCGGTGCATGGCTTCTTCCTCGAACCTTACCCAACCCCGCCCCACAGGTCGCCCCACAGCCACGCACATTATGCTGGCCATCACCCGGGGCATCCCTCTCGGGGGGCCCAGACTCACCCCGCCCCCAGTGGGCAGTGAGGGCCGGGGGTGGGACGCGTTCGAGTCACGCCGACACTCCGCCCATCCTGTGGATGGCGAAAACGTGTGCGCGGCCGCGGGTCGCTCCGGCGCCACGCCGTCCAGCACCGGACACTGCGGGCATCGGCAGTGATACATCGCTCTGACGTCCCTACGTCACGCGCACCTGACCCTGTCACCACCAGAGGTGGTTGTGCAGTGGCAGGAATAGGGGCTGCTTGGCTTCCCCACAGAGAGAGTGGGCACTGGGCCCAGATACCACGCTGAGGTGTCGCCCATCACCTTGGTCTTGAAGTACGTACGAACGAAAGAGTTTCTACAATTCACGCTTTGCTTTGGCGAGGATGTTCTACCCTGTGATGGGATTTGGTGCTAGGTGCACGCAAATCGATCATAGTCGAACAAGAAACAGTCCGAGATCCACGAACTTTTTCTTTGTTTTGCTGATCGCCGTGGTAAAAAAAAGGGGGAAAACAATTGTCAAAAACAAGAGTAAAAAGTGCAAAA
Seq_11_LinJ.05_minus,LinJ.28,,1000,544,1205018,,,,,836395,835396,,,minus,TTAGTTTAACGCAGTGCTTCGGCACAAACCGCTACCCTTTAGTACTTGGAGGGCCGTCCAATACGTGACCTGTGAATCTCCCGCTATCAAGGTTCTCCATCCGATTCCTTGTCCCTTAGAGCTCCGCGGTTCTTCGATTGTTTTATTGTTGGTCTCCTGAGGAGTTTCTTCTTCCTCCCTGTTTTTCATATGACCTTTTTTCTTCCGCTTCTTTCCTTCTCTCTGTCTCCCTGATAACGGGGGACACCTCAGCGTGGTATCAGGGTCCAGTACCCACTCTCTCTGTGGGGAAGCCAAGCAGCCCCTATTCCTGCCACTGCACAACCACCTCTGGTGGTGACAGGGTCAGGCGCGCGTGACGTAGGGACGTCAGAGCGATGTATCACTGCCGATGTCCGCAGTGTCCGGTGCTGGACGGCGTGGCGCCGGAGCGACCCGCGGCCGCGCACACGTTTTCGCCATCCACAGGATGGGCGGAGTGTCGGCGTGACTCGAACGCGTCCCACCCCCGGCCCTCACTGCCCACTGGGGGCGGGGTGAGCCTGGCCCCCCCCCCCCGAGAGGGATGCCCCGGGTGATGGCCAGCATAATGTGCGTGGCTGTGGGGCGACCTGTGGGGCGGGGTTGGGTAAGGTTCGAGGCAGAAGCCATGCACCGATGACCGGGTCTGGGCATTGCTGCACCTCGTGTGCCTACGGCTGTCTCGCGCCGCGCGACGGGGCCTGTGACCGGCCGGGCAGAGATGAGCTTAGCTCTTGTTGTGTGGCAGAGAGGAGACGACAAAAAAATTCAGTTTCCGGTTCTCGTGTCTCAGGCACCATGTATCTTGAGTGGAGTGTGCAGTTTGTAGATAGCATGACGGCGTGTGCTTTTTTGAACAGAGGAACAAAACTGTCTGTATGGGACGAGCAAACGTTGCTGTAGTCAAGCCATGCACCCTGCGCGGCAAGCATATCTTCTCAGAAGTATTTTTTGCGGCTTTCTCTATGAGGGTGGTGGT
Seq_29_LinJ.28_minus,LinJ.28,,1001,374,1205018,,,,,812141,811141,,,minus,TATGCATATCGAATACAAGGCACATACATCTAAGAAAGCAAGCCGAGCAACAACAAAACTATCCATTGCCGAAACGTCTCGCTGTGCTGAAGTACACAAGTGTGTGCAGATGTGAGAGTATATGTGTTTTTCCCCTTTTCCCGTTCTTCAGTGCGTCTTCGCTGACATCAGTCTCACTTTTCTTTTTGGACTTTGCTTTTCGATTTTGGACTCTTCTGCCGTTAGCCTCCCGCCTCTGACTACTACCGTTTGTGCGTGGGCTCCTCAGATTATTAACTCTCATCCATACCTTGACTTCTTTGTTTTCAATCTTGACCGTAGCGCTGGCCCTCATGATACTAACCACCTCACCGCGGAATCAGGGCGTAGTACCCACTCTCGGTGTCGGCGGACGGGTCTGGGGCGGCGCTGTGCGGAAGAGATGCGCCGTCGTGATGGTCACGCTTGGGCCGGCGCACTACGAACCCCGCGCGACGATTCGGAAAACATATGCACCCGCCTACCGCTTTTCTGCCTTTGCTGCGCTGCAGTGATGTTGAGCGTGATCCGGGACCTCGGCTGCGCTGTGAGGCAGTGACGTTGCAATGGACGGAACGACGCCACGCGGTGCTAGCGGGGCCGGCTCCCTGGCATAGCTGCAGTGCCACAGAGACACGAGACCTGTGATTGTGTATGCGTCTATTTGCTGACTTTCCGGCTGTAGAATGACACGTTGGAAATTTTATGTTGCCTGACTGATAACTTTAACCATCTTCGTGTTTGCTTGCATTTGTGCGTATCTGGGCATACGCACCCGTTGGTCTCTCTCTTTTCCCGTATGCGTGGATTCCCTTTCTTACGGCCCTTGGCAGTTGAGGTGGCGGATGCTAGAGCTCTACCTGATGAAGCCTGTTTTGTTTTGCTGTATGCTTTTTTGCGACATCGGCGATGACTGTCTTCTCGTGCGACGTGATCGACTGCCCGAGGTCTTTCAGCACATTGGAGTGCGTAGTTGAGTCTGC
Seq_66_LinJ.28_minus,LinJ.28,,1001,580,1205018,,,,,788342,787342,,,minus,TCTCGACATTTTTGACTTCCCACGTTGCAGCGCGCCTCGTCATGGGCGGTCGCCCATGCGGTTCTTGCTTAGGGCTCTCGTTTTCCCTCATGCGTTTCGACCTGACCTTCCTTTTTTTTTTCGGTCCCCTCACCTCTTACACTTGGCAGTTGTCTTGGTGTCGCACACGGCCGTGCGTGTCTTCCAGCGCTGGTTCCCCGTTTGTTCGTGGTGCTCCCTGGTGACGACGCGGGGGGGGGGCACATGCCTCTGTGCGTTGTGTCTCTGGGCCCAGTGCCCACTCTCTCTGTGGGGAAGCCAAGCAGCCCCTATTCCTGCCACTGCACAACCACCTTTGGTGGTGACAGGGTCAGGCGCGCGTGACGTAGGGACGTCAGAGCGATGTATCACTGCCGATGCCCGCAGTGTCCGGTGCTGGACGGCGTGGCGCCGGAGCGACCCGCGGCCGCGCACACGTTTTCGCCATCCACAGGATGGGCGGAGTGTCGGCGTGACTCGAACGCGTCCCACCCCCGGCCCTCACTGCCCACTGGGGGCGGGGTGAGTCTGGGCCCCCCGAGAGGGATGCCCCGGGTGATGGCCAGCATAATGTGCGTGGCTGTGGGGCGACCTGTGGGGCGGGGTTGGGTAAGGTTCGAGGCAGAAGCCATGCACCGATGACCGGGTCTGGGCATTGCTGCACCTCGTGTGCCTACGGCTGCCTCGCGCCGCGCGACGGGGCCTGTGACCGGCCGGGCAGAGATGAGCCTAAGCTATTGTTGTGTGGTGGCATGGGCGTGGAAGGAAGAAAATCGATGGGGGTGCCCTCCTCCCCTTTCTCGCGGCTCGGCAACGCAGCGACTAGGTAGGAGTTTTGCTTTTTCTGTGTGGTGGTGTGCCTCTCACCCGTGCAGAGGTGCATAAGCACACACCCGTGAAGTGACGGGTGGCAAGGAACCATTAACCGAGCGCTCTTGCTTTCGTTTTCCTCCCTTCCACGTGCTTTTTGCATCTTGCTGATG
Seq_12_LinJ.07_plus,LinJ.28,,1000,596,1205018,,,,,652465,651466,,,minus,TGTGTGTGTCGATGACGCAACTCTGTCGTGCTGCCTCTGGCGTCCTTTCTTTGTCTGCTCGAATGCCTGAGTCTCATGCGACTATGCGAAGCGGTTCCTCTGCCTCGCGGTTGCCGGCCAACCCTCCTCTATTCGGACCAGCCCAATACTTTTTTTTTCTTGTGGTGTGTGGTTTTCTCCCTAATGGCACAGGGATAGGAGGCGGTGGTGGGGAGTGGAGGGGGTAGTGCTGCCGCTCGCGCCTCTCAGCGCGTGGCATATCAGGGCCCAGTAATGCCGCTCTCTCTGGGTGGGTGGGGGTTGAGCAGCTTCTCCATATCCTTGCCAATGCCAAACCCATTTCAGGTGTTGACAGGGTCAAGTGCCTGCGGCTTAGGGAGCCCAGGGCGATGTATCCGTACTCATGCCAGCCGCTATGTGCATGGAGCTGCATCGGAGAAACCTGCGACAGTGAGCGCGTTGCTATCATTTCTACGACGAGGCAGAGTGTCAGCGCGACTCGATCGTATCTCACCCTCGGCCCTCGCTGCCTACTGGTGTGGGGAGCGTGCGTGTCACCCCCCGAGGGGAGGGGATGCACCAGGTGGCGACCGGCATGGCGGGAAGCGGCTATGAGGCGACCTGCGAAGCGTGGGTGGGCGGGTGAGTTGTACTTGGGACAGGGGGCGCGCTCCGATGACTGAGTCTGCGCAACGCTGCACCACGTGTCTAGCGCTGCTTTGCATCACGCGGGTGGGGACTGTGCCAGGACCTGGTGGTTGTGATGGTAAAGTGGAGTGGTGTGGCGTTCGAACGGATGCGCTATGGCAGGAAGGAGACGCGCCGAGGGGAAGACACGGGAGAAAAGGGTCTTTGCCTTTTGTGTGCTCCTGAAGCGCCTGCGCACGCCCTTCCCCCTTCATACAGCGCGAAGTAGCAAATACAGGAGACAAAACCAAGTAACGCAACACTGCATGATGCAAGCGTCAACCAGAGCCGAAACAAAAAAGAAAAACAAACA
Seq_69_LinJ.28_minus,LinJ.28,,1000,560,1205018,,,,,602228,601229,,,minus,CAATGGAGGCTCGCGCGCGCTGTGCGACACCGGCAGTGGTGAGTGGGAAGCTACCTCACTGGCGCTACACACCGACTGTGGTGAACACAGAGAAGGGCCTGCTGCTGCTGGCTGGCCAGTGCCGTCACCCCCAGACACCGTCCGCGTTTCTCCTCACCGTGTCTATCGGCAGCGCCGGAGGGGGGTGAGAGTGATCCCTCTTTTTCTCCAGAGTCAAGGCGAAAGGCGCCCCCTAATGACGCGGGGAACACCCCGGCGTGGTATGTGTCAGGGCCCTGTGCACCCCGCACTCTCTGTGGAGAAGCCGAGCCGCCGCCGTCCCCCTATCCCTGCCAATGCCGAGCCACCGCACCTGGCCCCGACAGGGTCCAGCGCCTGCGACACGGGGAGGCCAGTGTGATGTATCGCTACGGATGCCGGCGGTCAGGTCCTGGATGGCGCTGCGTGAGAGCCACCGGCAACAGTGGAGATGTTTGCACCATGGGTATGCTCGGCAGAGTGTCAGCGTGGCTCGAGCGTGTGTCGCTCGGCGCAACGGGAGCGGCTGCGAGGCTGCCTGCGGAGCGGGGGTGGGTAGGTGGGGAGACAGGAGCCGTGCTCAGATGGACGAGTCGGCGCATCGCTGTAACGCGCGTCTACCGCTGCTTCACGCCACGTGATGGGTGGCCTGTGACGGGCCTGGGGTGTAGAGTGGCATTCAGCTCATGCTGTGCGGCAGAGAACGAACGCGTTAAAATGAAAAAAAAAAGAGAAAAGACGTTCTCGTCGCCGTGCGACGGCTGCTGGTGTGGTCGTCATCGGCACGTGCGCGCCTCTCCCGTGCGCTTTCGCTTCTCGACGTTGTTTTCACGTGGGTTCACCAGCCCTCCAGTGAAAGGGGCGAGTGTGTGTGTGCGAGAGGGCGAGAGGCTGCCGATCGAACAACAAGAAAAGCAAAACTCTTCGCTTCCATGCCCTTTTTCTCACTGATATCCCACTGAGTTGATATGCCACTCACGCG
Seq_1_LinJ.28_plus,LinJ.28,,1001,556,1205018,,,,,592251,591251,,,minus,TCTGGTATGCGGTACGGCACACCTGCACCACTTCTTCTGCTGTTTGAAGTTGAGGAGGAGGGCGGAGCGAACGCATCAAGCACACACGCACGCACGCACTCACATAGAAGCGGGCCGATGCGGAGGGGAGGGGAGGGAAAGAAGTAACCATGGTGTCTTTGGGACTGGGAGAGAGGGACACGAAGAGATGTGGCACTTGCCGTAGCCGGAAGCTGCTCTTTGTTTTCATAGCTGCCATCGCAGGAAAGGCGCCCCCTAATGACGCGGGGAACACCCCGGCGTGGTATGTGTCAGGGCCCTGTGCACCCCGCACTCTCTGTGGAGAAGCCGAGCCGCCGCCGTCCCCCTATCCCTGCCAATGCCGAGCCACCGCACCTGGCCCCGACAGGGTCCAGCGCCTGCGACACGGGGAGGCCAGTGTGATGTATCGCTACGGATGCCGGCGGTCAGGTCCTGGATGGCGCTGCGTGAGAGCCACCGGCAACAGTGGAGATGTTTGCACCATGGGTATGCTCGGCAGAGTGTCAGCGTGGCTCGAGCGTGTGTCGCTCGGCGCAACGGGAGCGGCTGTGAGGCTGCCTGCGGAGCGGGGGTGGGTGGGTGGGGAGACAGGAGCCGTGCTCAGATGGACGAGTCGGCGCATCGCTGTAACGCGCGTCTACCGCTGCTTCACGCCACGTGATGGGTGGCCTGTGACGGGCCTGGGGTGTAGAGTGGCATTCAGCTCATGCTGTGCGGCAGAGAACGAACGCGTTAAAATGAAAAAAAAAAGAGAAAAGACGTTCTCGTCGCCGTGCGACGGTGTTGTGAGTTGCATGCCCACTGCAACGGCGGTATCGCGAGGAAAGGGCGGGGAAGCTGAGGCCATCTGCGGCCACATGGCATTGCACAGGGGGGTCGATCTGGGTTTTCTCACCACATGCGCTGCCCCCTCTCTGTACCTTTCTTGTCTTGCCGCCTCGTTCGCCCTTTTCCAGGGTTGGGCCAACGAATGCGACTGA
Seq_20_LinJ.28_plus,LinJ.28,,1000,454,1205018,,,,,581209,580210,,,minus,GAGCACATTGGCAGAGGCAACAACGGCAACCGAAGAAAGAGGAAAACGTGAGTGTGGCGACAAGCGTCACCGTTTTGCCATGTTCCAGCTGACGCACCGACGCCAATGCGACCATAGAAAAAACACGGAAAAACAAACAAGACGAAGAGCCCACCATCTCTGTTGCGCTCCGGGCACAGAGATGCAGCACCGACGCAGAGGACATCAAGTCAGCGCTTCTTCCTTCTCGGCGCGTTCGTTCTCTACCGCACAACATGAGCTGAATGCCACTCTACACCCCAGGCCCGTCACAGGCCACCCATCACGTGGCGTGAAGCAGCGGTAGACGCGCGTTACAGCGATGCGCCGACTCGTCCATCTGAGCACGGCTCCTGTCTCCCCACCCACCCACCCCCGCTCCGCAGGCAGCCTCACAGCCGCTCCCGTTGCGCCGAGCGACACACGCTCGAGCCACGCTGACACTCTGCCGAGCATACCCATGGTGCAAACATCTCCACTGTTGCCGGTGGCTCTCACGCAGCGCCATCCAGGACCTGACCGCCGGCATCCGTAGCGATACATCACACTGGCCTCCCCGTGTCGCAGGCGCTGGACCCTGTCGGGGCCAGGTGCGGTGGCTCGGCATTGGCAGGGATAGGGGGACGGCGGCGGCTCGGCTTCTCCACAGAGAGTGCGGGGTGCACAGGGCCCTGACACATACCACGCCGGGGTGTTCCCCGCGTCATTAGGGGGCGCCTTTCCTGCGATGGCAGCTATGAAAACAAAGAGCAGCTTCCGGCCACGGCTGTGGGCTCTTGGCGTCGGCGGGCAGGTCTGGGCGGGCGCTGTGCTGACAATTCAACACACATATAAATAAGGGGCGCATCAGACCATAATAACAAATACGGGGGCCCTGAGTGAAAAGGAATGATGGAGGGGAACCTAAGAGACGCGGCTAGCGGTCACGGTACGCTTCTGTAATGCGAAGTGGTGCTGGGGTGTGGAGGGATAGGAGTGAAAA
Seq_29_LinJ.22_minus,LinJ.28,,1001,380,1205018,,,,,117069,116069,,,minus,ACTGAGTGCAACGTCGCTTGGCACCTGATCGAGAGAACTTTCCATGCCGCGAGGACACCCTTGGCAGTGTGGCCGGGCGTGAGGTGACTATCCGTCGAGCACGGTCACCGCAGCAAAGCCAGACCGTCTCTGCTACACATTTGCCCTTGGGAACGGAGGGGAGGGCACACACCTCTGCACATGCCGTGTTGCGTGAGCAACGCGGCGCCACCGCCGTGCTTCTTTTCGTCTTGCAGAATGCAGACTGATGTCGAGGATTCCAGGAGCCGGACTAAAAAGTGCCGGCTAGGCCTTGGATCATGCGCAGTACTACCACAACGCAGCAGCAGCAGGAAAAAACAGGAGGGTGCGTATACGTGCTGCGTCGTCGAGGCCACTCGCGTCAAGCTGGTACAAACGTGAGCGCAAGTCTCTCGGGCATAGCGCCAGTCCAGACCCCTTCACGAAAGCCAAGAGTTCGCAGCCGTGCCGGAGGCCGGGCGGCAGGCCCTTGACCTCCCCACACAGAGTGAGTACAAACCCCTGGGCATCAAAGTGAGGTGGCCGGCATCAGGGCCGAGGGAGAAAATAGAGAGCAAGAGCAACATACAGCCGACACCGACAACGCCCATTCACAGGCACGCGCGCACACAAAGGAAGCGAGAGATGAGGAGAAACATCGGCCGTGCAGTCCGGCTAAAACATATCCTTCGAGATCTTGGACTGTGCAGCACCAAAAAGGGAGAACCAGAAAAGCGGCGGAGCACGAAGCATGCTGTACACACGAGTACCGCTTGCAAACCGAAAACGAAAAGTAGTTCTGTTGACTTTTTCCCGCTTCACACAAACGTACTCCTGGTACATCTGTGAGCGGGTACGGGCCCCACACTCCCAGCGGCAGACTACCCAGTAGCGGAGATCAACACGAAAGAAGTCTGAGCAGAGAGAGAGGAAGGGTAGGGAGGGGGGCAAGGGAGTACGCTCCACCAACGACAGAGAGCGGATTTATCACCAGCGACGCA
Seq_74_LinJ.28_minus,LinJ.28,,1001,439,1205018,,,,,520769,519769,,,minus,ATAAAAAAAACACCAGCATCATCAAGCACGCAGAAAGCGGCGCACACGATGCCCGGCTAATTCGTCCGCATGCGACAGCACTTGCAGTCAAGGACAACGCTCTACCACGCGTAGGCTGCTTTCAGACAGAACACCAAAGAGGGCACAAAAAAGGAAAGGGGCGGAGGGCAAGAGAGAAGCACCGTTGCCGATGTTACGCAAGGCGACAGGGAGGCGACCGGTAAAAGGAGGCGGGGATGCTTCTTTTCTAACGCTTCCACTCGCTGCCTTAGCACATCCGTTCAAGCGCCACTCTACCTCCCGCCCTGTCACAGGCCCCCCCCCGTCGCGTGATGCGAAGCAGCGAATGGCAGGTGCTACAGCAGTGCGCCGACTCAGGCGCCGGAGCACGACCTCTGACCCCAACCTCTACCCACCCACCCCGCCCCTCGCAGGCCGCCTCACAGCCGCTCTCATCATGGAGGTTGCCACCTGGTGCATCCCTTCTCGGGGGTGGCATTCAGGCTTCCCACACCAGCAGGCGGTGTGAGGGGTGGGGGTGGGCTGTGCTCGAGTCATGCCGACACTCTGCCCAATCTTGTGGATGACACAGACGTACGCACCGTCGAGCGTCGCTCCGAGGCAACGCCATTCGGGGCCCGACCGCCGCGAAGTAGTAGCGACAAGGAGCTCTTACATCACAGGATGGAGGGGGCCCCGGCTGCCTGAGAAACCACCAGAGGTGGTTCGGCATTTGGCATGGGAAACATGGGGCAGGGTCCTGCTCGGATTCAACTCAGAGTGAGCGTACTCGACCCTCATACCACGGCGAGACGCCCCCCCCCGTCGTCACGAAGAAGCAGGAGGGACTAAGAGCAGAATCCATGCAAAACGGTATGCTGTAGACTTCGGCGACATAGATGCGTCTATGCTCGCCCTGTCCTGCCCCCCAGCAGCCGACCCGCAGGCGCTTCTTCCTGGGCAACATGATGTATGAACAGAGCCCCCTACCCCGTCTTTCG
Seq_115_LinJ.29_minus,LinJ.28,,1001,572,1205018,,,,,506130,505130,,,minus,TCCGATGAAGTGCAGGTGTGCCAGCGTGTGAGGGGGTGCGTTACCGATAACCATAAGAAAAGAACGAGCAGAAAGAGCATGGCGAGTGGGTGATGGGCGCCAACCGGTGAGAGCCCTCCCCCTTCTCCGAAAACACAGGACCGCGGCAAATCCGCGAAAAGGAGGGGATACCACAACACGTTACACATGGGAGGGTGGGTGGGCGGTGCTCTTCCAGAAACACTCGCCTGTTTTGCTTTCCACACACGGTCTGCAGAAGTGACGCTTTCCACCTCTTCTTTCGGTCCCTTCCGTTTGTGGTCAGGTGCAGTTCTGCTCCTACGAGAGGCGAGCGTGTGCGTCTGCAGAGCGGGGCTTCTCCTGCAGCGTGTCCATTTCTCGACCATAGTGCATGGATGCAAGCGCCTCTCTACCGCCCGCCCTGTCACAGGCCCCCCATCGCGTGGTGCGAAGTAGCAGTTGATACACGCTGTGCGGCAGCGCGCCGACTCAGTCACTGGAGAACGGCCTCTGACTCCAACCTCTACCCATCCACACCGTGCTCCGCAGTTCGCCTCACAGCCGCACCCGCACTGTGCTGGCCGCCCCCTGCTGCATCCCCTCTCGGGGGTGACATTCAGGCTCTCAACACCAGCACGCAATGAAATGGGAGCAGACGCCACAGAGAACGTGTGCGCGCGCTTGACGCGCGGCATTATGGACAGGGTGTGTGTGTGTGTGTGGGGGGGGGAGCGGTACATCCAGCACACAACACCACGCGCCTCCTAGGTACGCATATCCATACATGGGCACAGCCCAGCGGTGGAGACAAACCGAGGCAGCACCAGACGGTAGGTGAGCGCTCCGTGGACAACATCTATGCGCGTCGACACACCAAAAGCGATGCGAGGGCAGCATAGCCTCCTCCACTGGCTCCCATCTCCGATAGCTTCGTTAGAGCGGAAGATGAAACACGCTTCGCAGCTTCTTTGCCACTCCATCTTCGGCGCTGGTGAGAATCA
Seq_54_LinJ.28_plus,LinJ.28,,1001,505,1205018,,,,,148962,147962,,,minus,AAAGTCGTCGAGTAGGGCACACCGACAAGCGGTTATCGTGCAGTCGGCCGAGTCCTGTACGCGCGCGCGTGAGGGGGGCCCTAAAAGGCGAAAGAGTCTGAACAACCTGTGTAACACCGACAGGAAGACAGCGGGTGCAGTTCAGGGAAGGGGAGGGGAGAAGCCGAAGGGGGTGGGCACTCGGGAAAACTCACCGTGCACACACATACACACGAAACACTTAGCCAGCAGACTCTTCTACATGTCCGTTATAACATACAGCGTGAGCCAAGCTTCTCTCCACCCGGCACCCGCCGGTGCGCAGGCCGCCTCACAGCCGGCCCATTATGCCGGCCGCCACCCCTGCGGTGCACCCCTCGCGGGGCGACACCCCGGCCCCCCCCCGCAGTGGGCGGTGTGAGGGTTGGGTGGGATTCGCTCGACTCCCGCTGGCGCTTTGCCCATCGATGTGGGCGGCACAGACGTGTTCACGGTCGCAGGTCGCACCGACACCGCCCCACTCCGGGACCTGGCCGCCGGCGTCAGCAGCGACGCATCGCTCTGGCGCCTCCGACACATCATGAGGGCGCGTTTGAGCTTGCCACCACCAGAAGTGGCCTCGCATTGGCAGGGATAGCGAAGAGGGTGGGCGGTGGGGGGCTGCTTCGCTCCTCCGCACACAGAGAGAGAGAGAGCGAGCGCCCCCCCCCTGTGTCCTGAGATGCCACGCTGAAGTGGCCCCTCCCCACCCCCGCACGTCATGAGGGCGGACGATGAAGTGGGGGTGCAGTCCACGCACACACGCATGACGCAAAGAGCAGCTTCGGGGAGAATATGTCGAGTGCCCCGCCCCCCTCACCTTACCACATCATGTGGTGTCTCCTTGGAGCGGAGGTGAAGAGTCATGTCGTGCGGTGAAGCGTTGGGCCAACTCTCGGCCGGGGATGCAAAGGTGTGGAAGGAAAGGCGAACGGTAAGGAGAAGCGCGGAGAGTGGGGAAGTATGAAGGCTTTTTTTGAGCG
Seq_21_LinJ.27_plus,LinJ.28,,1001,895,1205018,,,,,510174,509174,,,minus,CAAAGACATGACATAGCCGACACACGAGAGGGCGCATAGGTGAGTCCGGGTCACGCACGGCACACAGGCAGACGAAGCGGTGAGGCGATACACCAGAGACGGCAACTACACGTCATGGTACGCCGAAACGACTAGAGGAAGCTAGACTCAGCGCGACGCGAAAGACCCGGACACCGTCACGAGTTCGTTCACGTGGAAAGCTATGCAACCCGCGGATAATGAAATGGGCCCGTGGTGTGCATTCGAGAAGGAACGGAAAGCACGCCCCGCCTCAGGACCATCACGCACCTTTGTTCGATTAGCGTGTCATTCCTGCCACGAACACGTCATCACCTATATACATGTATGTGTGTATATATACACGCACACAACGACACGGTGCACCTACCCGCGTGTTGCACCGCGGCTCGGTCCTGGTCGTCTAGGACGAGCCGTCCTGCCCCCGAACCGGGCCGTGCGCCTCACGGGCTCCTCTTGCCCTTGCCTCGTCCCTCTGCCTCGCATGCGTGCTGCGCGATCAGCAGCCACACCGACCGGGCCGGACTGCGTGCCTTGATCCGAAGCGGGGCCGCGGCCCCGGGCCCTGTTTCGGGGCGGAGGCGGTGGCGGTGGCTGGGGTTGACCTCTGCTCAGTGAGGAAAATCGGAGGAGAAGTCCGTTGGCCGAATGGATGACGGGGAGAGAAGCGCTACCCGCCCCGTTCTTGCTGAGCAGGGGTGCGTCTGGGAAGGAAACAGGGAAAGGTTATCGCACAGGGTATCGAGGCGAGAGTCGCTGGCGATGCACGACACGGGCATTACGTGCTCACGCTGCAAAATATATTGCTCGAGCACTTTCGCTGTAGAGGCCGCAGACCCTCATTTTGCTCCCGTCATGGCTTTCCTTGTAGGGATGCGCAGACGCGTTGTTGTGGGGATGGGAGAAGGGGGCAGTGGAGGGTATTCGTCTTCCTTTCGTTGCGCTACTGATATTTCCTCCCTGTTCATTTATGCGAGGACTGA
Seq_87_LinJ.33_minus,LinJ.28,,1000,820,1205018,,,,,992381,993380,,,plus,TTCCTTTAGTGTGTCCGTTGCGTGTGTGTGTGTGTGGAAGGGGGAGGGGAGAGAGGGGAGGGAAGACCACACCACGTGTGAGTGCCGGCGTCCCTTTCTCTTCACATTCTCTGCGTGCCTGTCTCTTTCGGTTGCCTTCTCTCTCGGGGCATTATATACATATATATATGTGTGTATACATACGCACATGTGCTTGGATGTGTCGATGCGTGTGCCGGTCTTGCCTTTCCGACTTGAACAGCTGTTTAAACTTTATTTTCCGACGTGTCCATTCTGCCACGAACACGTCAACAGGTATACACGCATACACAACCACAGGTCTCCTGCCTCTGTGGCACTGCAGCTGTGCCAGGGAACCGGCCCGTCAGCGCCGCGTGACGTCGTTCAGTTCATTGCAATGCCACTGCCTCACAGCGCAGGCAAGGTCCCGGCTCGCGCTCAACATCACCGCAGCGCAGCCAAAGGCAGAGACAAAGAAAAGAGCAGTGGTTGTATGTGTACATTTGTTGAATCATCGACACGATTTCGTAGTGAGCTGGTCCTAACCTGATTATCTCATGCCCACGTGTCTCTTCCGCACAGCGCCAGCTCAGACCGCTCCGCGGGCACCAAGAGCCCCCGCAGCTGTAGCCGAGGGCAGGATATGCAGGCTGCTTGGCCTCCCCACATAAAGAGTAGGCACCGCACCCTGAATACTACGGTGCGGCGGCTCGCATCATGAGGGCCCACGTTGACAGCAACGAAAAACAGAGCGAAGAGCTGCAGGGAGGCGGAAGAGTACCGAGGAGAGGAGGGGCGGGCGGGGGGGGGTGCGCACACGCAAGGACGCACTCCCCCCGGCCCACCCCATCAAGTCACCTTTTCCATTTTGTCTTTTCGAACACTAACAGGAAGAAATAATAATTCATAAAATGTGATCAACGATGTGTGTGCGGGAAAGAAAAGCGAACGGAGCGTTGAAGCGAGACTCTCGTCAGTGCCGTACGAGGCAGGCTTCGAA
Seq_92_LinJ.33_minus,LinJ.28,,1001,323,1205018,,,,,854544,855544,,,plus,TCTCTCTCTGATGATGCCGGCCACCTCACCGCAGTATCACGGTGCAATACCCATTCTGTGGTGAAGCCGATAACCGGGAGCCTGGCCTCGGGTACGGTTGTGGTCTCTTGGTTCTGACGGACAATTTTGGGCTGGCGCCGTGCGGAAGAGACATGCGATCATGACCACGTTTGCACCAGCTCACTACACATCGTTCCGGCGATGCAACGAATCTACTCCTTCACCTACTGTTTTCTGCTTGTGCTGCGCTGCGGTGATGCTGAGTGTGACCATGAACCTAGCCTACGCTGCATGCAGTGGCGTTGAAATGGACACAAAGACGCCAAGCGGTGTTTGTGGGCCCGGTTCCCCCACATAGCCGACGTGTGGCAGAGGCAGGTGAACTGCGGTTGTGTATCTGTCTATTTGCTGACCTGTTTGTTCAACCATGAACACGTTAGAAGAAATACGTGTCCATGCCGCCACACAACAAGAGCTAAGCTCATTTCTGCCCGGCCGGTCACAGGCCCCGTCGCGCGGCGCGAGACAGCCGTAGGCACACGAGGTGCAGCAATGCCCAGACCCGGTCATCGGTGCATGGCTTCTGCCTCGAACCTTACCCAACCCCGCCCCACAGGTCGCCCCACAGCCACGCACATTATGCTGGCCATCACCCGGGGCATCCCTCTCGGGGGGGGGGCCAGGCTCACCCCGCCCCCAGTGGGCAGTGAGGGCCGGGGGTGGGACGCGTTCGAGTCACGCCGACACTCCGCCCATCCTGTGGATGGCGAAAACGTGTGCGCGGCCGCGGGTCGCTCCGGCGCCACGCCGTCCAGCACCGGACACTGCGGGCATCGGCAGTGATACATCGCTCTGACGTCCCTACGTCACGCGCACCTGACCCTGTCACCACCAGAGGTGGTTGTGCAGTGGCAGGAATAGGGGCTGCTTGGCTTCCCCACAGAGAGAGTGGGCACTGGGCCCTGATACCACGCTGAGGTGTCACCTATGTTATCAGGGAC
Seq_74_LinJ.30_minus,LinJ.28,,1000,635,1205018,,,,,801742,802741,,,plus,AACGAAGGAGCCAAGAAGTCGAGAGCGCGGAGGCAACATCCGCTCAAATAAGAGCCGCGGAGACGCGGCACGAAACATATGTTTTTTTTTTTGAGGGGGGATGGATTCGGCCTCATCTCCTTCCGAGATGGCGCTACAGCAAACGCTGCTGCTGTTGATGGAGACAGTGACGGCAGCGGCTGGCAGTGATGATGCTGAAGACGAGCCCTTTCGTTTTCCTTCCACGCCCATGCCACCACACAACAAGAGCTAAGCTCATCTCTGCCCGGCCGGTCACAGGCCCCGTCGCGCGGCGCGAGGCAGCCGTAGGCACACGAGGTGCAGCAATGCCCAGACCCGGTCATCGGTGCATGGCTTCTGCCTCGAACCTTACCCAACCCCGCCCCACAGGTCGCCCCACAGCCACGCACATTATGCTGGCCATCACCCGGGGCATCCCTCTCGGGGGGGGCCAGGCTCACCCCGCCCCCAGTGGGCAGTGAGGGCCGGGGGTGGGACGCGTTCGAGTCACGCCGACACTCCGCCCATCCTGTGGATGGCGAAAACGTGTGCGCGGCCGCGGGTCGCTCCGGCGCCACGCCGTCCAGCACCGGACACTGCGGACATCGGCAGTGATACATCGCTCTGACGTCCCTACGTCACGCGCGCCTGACCCTGTCACCACCAGAGGTGGTTGTGCAGTGGCAGGAATAGGGGCTGCTTGGCTTCCCCACAGAGAGAGTGGGCACTGGGCTCAGAGACACGACGCACAGAGGCATGTGCCCCCCCCCGCGTCGTCATCAGGGGTGAAGATGCGCTCTTGAAGAAGAATCAGGGAAGCAAAGAGGGGAGGAGGGAAACATGAGCTGCTCTTGTCTACAAAGCCGCGCACGTCGTGCGAGATTTCCCTGGGGATCGCAAAGAGAGCCACCAGCAGCCCCAAGGTGAGAGACAGAGCGGATGGCGGTGAGCCGAGAAGAGGAAGAGGCGCAGAAGGGTACCGATCGAGTGGGAATGTGTC
Seq_18_LinJ.28_plus,LinJ.28,,1000,292,1205018,,,,,59319,60318,,,plus,CCAAGCGAAACCAAGCACACCGCGATGGAGAACAACGCTAGCGGCAACAGCAGCCTCCTGTTCCCCCGCGTCGCTCTCCGCGCGTCGATCTGCCGCGGCACCTCGGTGCAAAGTCCGTGTGCTCCATGTCAGAGAGCTGGGTTGCTAAATTTGTGGGTGACAGTGTCACCCAAATGGGGAGCGCAGGAGAGGGTCACATCACAGAGTGACTGCGAATCCGCGCGAGGCTACGGTGTGTGTGTGTGTGTATACGTGTTCTCAGCCCAGCAGACAAGGAGGACGGAGAAGCAGAATGACACCTTGAGAACCACAGCGGCTCACACGCAAGGCTGGGTAGCGGTGGCGACTGAGGAAGACACCGCCGCCTTTGCCCCCGCGCAGGAACCTGGGCGCTGCCCGCGAGGATGAAGGCGTGCAGTCCAACCGAGTGTATCTGGCGCCGACTGCGCAGCGCGTATGTAACGATGGGACGGGAAAGGACAAGAAGAGCCTGTCTGGTGCACGGCCCGATACCATGGCAGGACGGCTCGTCCCAGACACGACCGGGATGTGGCCGTAGTGCAGTGGAGTTCGGCGGACTGTGATCGTGTATGCGTGTGCGCTTGCTCACTTGCTCGTGCTAGAGTGGCCACGTCGAAAACGAAAGAAAGTGCTTTTTGCGTCTCTGGTCTCTTCAATCTCTCTGAACTCGCGGGTGATGTGTGTGTGTGCGCGCTTTCGAGCGGAGGCGCGTTTGACGTGCACTTCTCGGCCCCTATACGCTCTTCTTCCCCACCTTAATGCCCTTGCCTTCTGAGCAGACGAAGGGCTTATGATAGTCGCGAATGCACCGCACACTCGCCTATACAGAACCGCGTGTGGGCTCTCCATTCGAGACCGAAGAGCCTCCCTTGCCACGCGTGCAGGACAGACTCGAACAGCGGTATGAAAAGCGGGCGCCGGTATCCACCCCAAATTTGCTGCTTTTTCTTTCGCATCATCATTAGAGCACTCGCACCGC
Seq_51_LinJ.28_plus,LinJ.28,,1000,295,1205018,,,,,518842,519841,,,plus,CGCCCTTCTGCCAGGTCGAGGCACTGCTTAGACAAAGAGGAGCACAGGGCATGCGTTGTCACGACCTCATCTTCTTTTTTTTTTGAAGTGCCTCTCCGTGGATTTCATCCAGTGATGCGATTACGCTCACCTCGCTCGCGCTGCACGGGCTCCTCACCTGTCGAGTGTCTACGGCTGCCCCCCTACCCTTGCACCGCTCTGCGCAGCGACAAGCGGTGAGCTCTCCGTGCACCGGCACATGTCTCTCGTCGGGCCCCGTCCGGTCGACACGCCCACGCCTGTGAGAGGCGCGCGGGATCAGGAGACGGCGGAATGCCCATGCCTCCGCAGGCCCGTGAAAGCGTCCCCCGCCTGTCGCGGCGCGTGCGGGCAGGCAACCCAGACACGCAGCCCGGTGACATGGGCGGAAGTGAGGGATGAAGGCAGCGCGCCCGTCCCCCTCCCCCACCCACACACAACAGCTTCATCGTGAAGCAGGCCTCAGGATGCGCGGACGCGAGCACTGTGCATTGGCGGTGTCAAGCACAGCCAGCATGCGTCTAGGCCACCACCCCCTGTTACCCGCACGGCAGACACCACCGCCTCCGCCCCGAAACAGGGCCCGGGGCCGCGGCCCCGCTTCGGATCAAGGCACGCAGTCCGGCCCGGTCGGTGTGGCTGCTGATCGCGCAGCACGCATGCGAGGCAGAGGGACGAGGCAAGGGCAAGAGGAGCCCGTGAGGCGCACGGCCCGGTTCGGGGGCAGGACGGCTCGTCCTAGACGACCAGAACCGAGCCGCGGTGCAACACGCGGGTAGGTGCACCGTGTCGTGGGCGTGTATATATACACATACATATATATGGGTGATGACGTGTTCGTGGCAGCATGAACACATCGATGAGCAAAACGTTTTTTGTTTTTCTAGAGAGGTGCTGTTATGAGTGAGGCGAAAGACGGGGTAGGGGGCTCTGTTCATACATCATGTTGCCCAGGAAGAAGCGCCTGCGGGTCGGCTGCTGG
Seq_51_LinJ.28_plus,LinJ.28,,1002,295,1205018,,,,,515375,516376,,,plus,TGCGCACGCCGCACGACGGCGCTGTCACGACGGTGTGGCGGCCCTCATTACACGCATGCAGGCATTGGCTCTCCCGTTTCACAGAGACGCCGTCCTCGCTGCGAGGCGGATGGTGCGGCACAGACAGACATCAAGTCGGAAGCGGCCGAAACGGTTTCCAATAGCAATACACTCGTAGATGCAGCGGCAAGAAGCTGCGGCCGCCTTACTTGCAGCTGCCGCGCTCACTGTGAGGCGAAAGAGAGGGAACCTGAGCTGCTGCAAAAACTGCCGGGCCGGCTAAGACGAGCAAGCGCATGTGTCATTGCTGCTACGGCCTCGCTCTTCCTCCTCATGGCGCTGCGCACGGGCCCTACAAGAGTGGAAGATGGCATGCTGCGACGCATCTTGACACAAGTGCCGGCGTCGCTGTGGCCCGTCGCGTGCATCTCTCCCGTTCAGAGTGTCGGTGGCCATTGTGACCTGGTGTACAACGACGAGGTGGCCGTGACTGCAAAGCCAGCCATGCCAGAGGCGCCGACGCTAAGTGCATGGACGGCGGATCTGGTCGCCGGCCTCAGACGCCAGGCCGCCATCCCCCGAAACCGCGCCACATGCTGAGACAAGAGGTTCTTGGCGGCAACGGTCCCACATCAAAAGAGCGCGGATGCTGAGCTTGCAAGACGACAGGCGACCATGCTCCCCTGGCTCCGCACGGGCACGCGCCCGCACTTTGGATCGCTGCAGCGGCGGGTGGCTGTCAGCGACCACCATGGGGGGCGAGGATGGCGTGCTGCCTGCTGTTCTGCTAGCACCGCAGTACTCCCCCCCTCCACCGCCGGAGCCTCCGCCCCGAAACAGGGCCCGGGGCCGCGGCCCCGCTTCGGATCAAGGCACGCAGTCCGGCCCGGTCGGTGTGGCTGCTGATCGCGCAGCACGCATGCGAGGCAGAGGGACGAGGCAAGGGCAAGAGGAGCCCGTGAGGCGCACGGCCCGGTTCGGGGGCAGGACGGCTCGTCCTAG
Seq_30_LinJ.17_plus,LinJ.28,,1000,658,1205018,,,,,410228,411227,,,plus,TCGCCTTTGATTTCTCGTCCTCCACTTCGTCCTTCTATTGGGCGACGCCTACCTAGACAATAACGAAGCGGGCACAGCGTCACTGGTGCACGAGCTGGACGAACCCCTCACCCTGCGCACGACCACACGGTGGTGCCTGCATTCTATTCAACGTACATGTGAAGGGGTATGCGGAAAGACGGAAGAGAGGACAATGTTTCTTTTCCCAAGCGTGCCCGCTCTCTGCTGCAGAGCATGGGGCCCAACAGAACTCGGCCCGGGCCCGTCGCCGGCTCGTTTGCGTGATGCCAAGCAGCCGCACACACGTGCTACCGCGACGGCGACGCAGTCGTCGCAGCGCCACACCTGCATCGAGCTCTATCCACCTCCGCTGAGCAGGCCGCCGCACGGCCGCTCGCCCATCATGCCTGTCCCCACCTGGTGCAGCCCCCTCGGGGCAACCCTCAGGCTCCCCCCGCACCAGCAGGCAGGGCGAGGGCCGGGGATGATGCACGCTCCAGTCCCGCTGACACTCTGCCCACCGCATGGATGGCGCACGCGTGCTCACGGTCGCAGGTCGCTCCGACGCAACGCCATTCGGAGCCTGGCTACCGACGTCAGCAGCGATGCATCGCTCTGACATCTACGTCACAGGCACCAGGCACTGGCACCATCCGAAGTGGCGCGGCATTTGGCAGGGGTAGGGAGGGGCTGCCTGGCTTTCCCAGGCAGAGAGAGTGGCAGAGGGAAGGGGAGGGGCAGTGGGCCCTGCTATGCCGCCCATTGAAGGAGTGGGTGCCCTCCCTCCCCCGCGCCTCCTGGCCCTTCGTGGAGGGAAGAGCAGGAGAGAAAGGACAAAAAGGAACGAAAAGTCGCCAATCGTAGGGAAAGCTGGGGCGGGGCGGGGGGCGAACGCCGGCCTGCCTGCGTGCCTCTCACGTACTTTTTTGTTGCTTTCTTCCGTGTCCTCGGTAATGTCTCTTTGACACAGGTGACGCATCACTGCAGCCGCCCCCGGTGC
Seq_15_LinJ.22_plus,LinJ.28,,1001,649,1205018,,,,,1192734,1193734,,,plus,ATGGCGGTGGCATTTGTTTATCGGCTCCTTTCGAGAGAGAAGCAAAGCTAATCAAAAAAAAAAATTGAACAGGAGCTATAGCAAAGCTGATAATCAGCAAAGAGAACTGAGTGTATGCTCCAATGAATGACAGCGACGGCGCGCGTTCGCTTGCTTGTCCAACCAGGAGAATTTCGTGGAGCGCAAGAAAGAGAGGCGACGAACAAAGGAAGAAAAAATTTAAGTGCAAGACTTGCTGTTTTCACTCGTCCCTTTTGACACCGAGCATGAGTCAAACTCAGCTTGACCCGGCATATCCAGAGGTGCGAAGCTACCGTAGGCACGCATTACAGCAATGCCGACTCAGTCCTCGAGAAAGGCCCCTGACTCAAACGCTAACCAAGCCCTGCACTGCACGTCACCTCACGACCTCTCCCATTGTGCCGGTCGCCACCTGGTGCATCCCCCCTCATGGTGTCCCAGGCTTACCCCGCCAGGAGGCAGTGAGGGCCCGGCGGACTACGTTCCAGTCATTCGGGCACTTTGCCTATCATATGGACGGCACAAGCGTGTTCACAGTCGCAGGTCGCCCCACAATGCAACGCCATCCAGAACCTCACCGCCGACATCAGTGGCGATACATCGCTCTGGCCTCCCCCCAAGTCGTAGGTGCCTAGCCTTGTCACCACCAGAGGCTTGCTCGGCATCGGCATTGGATAGGTGGGAGCTGCGTCGCCTCTTCACAGAGTAGTCACCGTACCCTGATACCATGCTGGCGTATTCCTTCTCATCAGGAGGCTAGCAATGAAGGAAGAGAGAGCAAAGAACAGTGAAGACATTCCATACATCCACGCCATCCTCAGGTGCACCAAGCAGAAGGCGAATTGAGGGACGTACTCTCGTTGCTGCGATGCATGTGAGAATGCTAGGGCACCTTTTCACTAAGGCATGCGCAGCCACTTTGCAAACTGCCACCCGACCTTCCGTCGCTAATGTTGTCAAACTAAACAACAGAGAATCCC
Seq_18_LinJ.28_plus,LinJ.28,,1001,292,1205018,,,,,117861,118861,,,plus,AGAGGCCAAGTTCCTGCCCCGGACCCCACAGCGCTGTTGTGCCGCACCTGCCTGCATCCGTCCGCGGCCACGCCAGGAGGCCGCCTTGCGCACTTGGCGTGGGGATGGGTGCACGCGCCGCATGGCAGTGCCGTCACAACGCCTCCGCAGCTCTCACGCCGGCGTGCAGGCATCGACACCCCTCGGTGCTCCGCACGCCCGTTGCGCAGCTCTCCCCTACCCGCTGGTGCACAGATGGTGCAGCACAGACACACAGCAGGTCACGTGCCGCCGTGATGCTCTATCGCGATCATGCACGCACAGATGCGCACGGGCAAGGGGCGGCGGCGCCCTTGCGTGCCGCGACAGCACCCAGCCTGCAGCAGTGGTGTCCACGCCTCACCTGCGGCGACAAAGAGAAGCACGTGTGGCCGCCCTTGCTGCGGGGTCGCTCTGCCGCCCTCATGGCACCCGACACGGCCCCCGCAACCATGGAGGACGGCTTGGTGCGACGGACCTGTGCACGTGCGCTGGCGCGACGGTGGCCCGTCGCGCGCGCCTCACATTTCAGCGTGCCGGTGGTCATTGTGTATGGAAACACAAGGACACAGGTGACAGTCTTGCCGAATCGGCAATGCCAGAGAGGCGCCGACGCCAACTGCACGGATGACGGACCCGGTCACCCGTCTCCAGCGCCCGGTCGACATTCACCGAAACTGCACGACGGATCCCACCGCCTTTGCCCCCGCGCAGGAACCTGGGCGCTGCCCGCGAGGATGAAGGCGTGCAGTCCAACCGAGTGTATCTGGCGCCGACTGCGCAGCGCGTATGTAACGATGGGACGGGAAAGGACAAGAAGAGCCTGTCTGGTGCACGGCCCGATACCATGGCAGGACGGCTCGTCCCAGACACGACCGGGATGTGGCCGTAGTGCAGTGGAGTTCGGCGGACTGTGATCGTGTATGCGTGTGCGCTTGCTCACTTGCTCGTGCTAGAGTGGCCACGTCGAAAACGAAAGAAAG
Seq_86_LinJ.34_minus,LinJ.28,,1001,397,1205018,,,,,111343,110343,,,minus,CACGCCAGGGAGAGGACAGCAAAACAAACAAAGACACAGACACACACACACACAAACACACAAGAACGCTTTCACGCGGAGGACAGGAACTAATAAGGATGCACACACTCACGTACACGCACACACACACATACACATACACACGCACACACACACACACACGCGGGTACCCATGTCGGCTATGAGCTTACACCACATCACATGAAAAAAAAATCAAGAAGCGAAGGAGGAAGAAAAAGACCCTTTTTTTGTTGTATTTCCTTCGAAGTGTGCCTTCTGCCACAAGCCAGTCAGCAACTTGACCCATACACAACCACAGTTCGTCTGCCGATGCTGTAACATGGCTATGTCGAGGAACAGGGCCGACCGGCACCGTCTGATGTCGTTCAGACCATCGCGATGCGACTGCGTACAGTGCAGGCTAGGCCCTGGGTCATGTTCCACATCACCGCGACGCAGCCAAAGCAGAAAAGGGGTACTCGGAAGCATATGTTTGTCGAGTCGTCGGCACGATTTGTGGTGGACTAGCGCAAGCGGGATCATGACCCCAAGTCTGTCCGGCATAGCGCCAGCCCAACCTTTTTCACCGAAGCCAAGAGCCCGCAGCCGTTCCCGAGGGGAGACTGCCGACTTTCGTCCTCCCCACAAAGAGTGGGCGCGGGGCCCTGATACCTCGCACTGAGGTGGCCGGCACCATCAGGGATCAGACAAAGAAACAGATAACAAAAGAAAGCTAAACAGAAGCACTCACACTCAGACATCACAGCACCGCTTCACACCACCGCCTCTGATAGAGCCGCCTTCCAGAGAGCGCTTCCTTTGCAACAGCCACACTTGCCTACAGATGCGTCTCTCTCTCTCACCCACACTCACACCCACACATGCACATACGCACGCCACCAAAGACGCCGTTGACCGCATTTTCGGTGTCTTCCTTTTTCTGACTCCCCTCCGCCTTCCCTCTCTGATGCCGCTGAGCTCACACCGCCACCGCTCGTTCT
Seq_23_LinJ.17_plus,LinJ.28,,1001,543,1205018,,,,,1013155,1012155,,,minus,ACAAAATGAGACGCACGCACACACGCAAGTCGGAGGACCTGTGACTGCGAGAGTGCGAGACGGTGGGTGAGGGATAGAGAAGGGCGGGAAGCAGCAAGAGGACGGGGGGCAATAAAGGGGCGACGCGGAATGCATGCAAGCATGTGGCGATGGCAAACGCGCGTTATGCTGTCAAGAGGAATTCAGAGGGGAGGTCCTTCTTCGACGTGTCCATTCGATGCCACGGAACATGAGCTGAACGCCACACTCGATCGCCCGCGGGCCGGGCACAGGTCCCCCTCCCATCCGCGCGGCGCGAGGCAGACGTTGACAAGAGGTACGGCAATGCACCGACTCGGTGACCTGCGCAAGGCCCCTGCCTCCAGCTCCACTCACCCCTGCGCTTCGCGCGTCGCCTCGCAGCCAGCCGCATCATGTCGGCCGCCACCTGGTGCGTCCCCACGAGTGGCGCAGGCTCCCCGCAGCACCAGTGGGCCGTGTGAGGGTCGGGTGTGGGATGCGTTCGAGTCACGCGGCCTAGTCACATGGGTGGCACAAGCGTGTGCACGGTCGCAGGTCGCTCCGAGGCAGCACCACCCACGACCTCACCCGCCGGCATCAGTAGCGACGCATCGCACTGACCTCCCCAAGTCTCATGCGCGCGGCCCTGCCACAGCGAGAAGTGGGGTCCGGCAATCGGCAGGGCTGGAGGAGGGAGGGGCTGCCTGGCTTCCGCCGCCCCCTCCTCCACAACACAGAGAGAGAGAGTAGAGGGTGTGGGACGTGCGCGGGCACTCGGATTTCACACACGGAGATGAGCCGGCATCATCAGGGTTAGGCAAGAAGAGTAGAAGAGCAGGAACAGCGAGAAGGCCAGAGAGAAAACAGGGATAGAGGCGCACACAGGCGTTCGGGATATCGATGTACACGTCCACTCAACGTTTCCTCTGCGCAGGGGCATCGGCGTGTGCGTATGTGGAGTGGAGCGCAAGACAGCAATGCGGAAGAAAGCAAGGAGCCCG
