Seq_1_LinJ.17_plus,LinJ.17,,445,1000,690898,,,,,177303,177747,,,plus,GGGGGCCACAGCGATGCACGGCGACTGATGTCGGCGGTCAGGTCGTGGATGGCGCGGCGCCGGAGCGGCCAGCGACCGCGAGCACGCTTGTGCCGCCGACATGACAAGCCGAGTGCCGGCGTGGCTCGAAGGCATCTGTCACCCGGCCCTCGCTGCCCACTGGTGGAGGGAGCCTGCGCCACCGCGAGGGGGGTGCACCGGGGGCGGTGGCCGGCATGACGGGAGCGGCTGTGAGGCTGCCTGCGGAGTGGGGTGTGGGTGGAGTCCGCTGCCGAGGCCGTGCTCTCAGATGGCTGAGCCGGCGCACTGCTGCACCGGCGTGCGCCTAGGGCTGCGCCGCGCCACGCGACGGGTGGCCTGTGGCAGCGCCGGGGAGGCTCGAGGGCGGAGGTGGACCTCGCGTTGCCTGGCAAAGGAGTGGACTCATCCTGAGAGGAAGAAAGGA
Seq_2_LinJ.17_plus,LinJ.17,,451,1000,690898,,,,,430101,430551,,,plus,AGACAGGCGGCCCCGCCCCCGCCCTATCCCCAGCCAAATGCCGAGCCGCTCCTCTGGTGGCCACAGGGTCGAGCGCCGACGGCGTGGAAGTCAGAGCGACACATGGCTACTCGTGTCGGCGGTCAGGTCGTGGATGGCGCGGCGCCGGAGCGGCCAGCGACCGCGAGCACGCTTGTGCCGCCGACATGACAAGCCGAGTGCCGGCGTGGCTCGAAGGCATCTGTCACCCGGCCCTCGCTGCCCACTGGTGGAGGGAGCCTGCGCCACCGCGAGGGGGGTGCACCGGGGGCGGTGGCCGGCATGACGGGAGCGGCTGTGAGGCTGCCTGCGGAGTGGGGTGTGGGTGGAGTCCGCTGCCGAGGCCGTGCTCTCAGATGGCTGAGCCGGCGCACTGCTGCACCGGCGTGCGCCTAGGGCTGCGCCGCGCCACGCGACGGGTGGCCTGTGGCAG
Seq_3_LinJ.17_plus,LinJ.17,,343,344,690898,,,,,674732,675074,,,plus,ACACACACACACACACAGAGACCGCTCTCCGTGCGTGGCGTCTGAGGGTCCCGCACCCAGCTCTCCGTGTGGAAGGCGGCCGAGCAGCCCCCCTCCTCCTGCTGTATCCCTGCCAAATGCCGAACCGCCTGCGGTGCGGACATGGCCAAGTGCCGACGACGTGTGGGAGGTCTGGGCGCCGTGTGGGAGCGACGTGTGGGGCGGGTGGTGGGTGGGTAGAGCTTGCGGCAGGGGGTCGTGCTCTCCGATGCCTGAGCCGGCGCAATGCTGGAAGGCGTGCGTCCAGGGCTGCGTCGCACGACGCGATGGGTGGCCTGTGGCAGGGCCGGTGGGGTGCGGCGTT
Seq_4_LinJ.17_plus,LinJ.17,,377,378,690898,,,,,643957,644333,,,plus,ACCGCTCTCCGTGCGTGGCGTCTGAGGGTCCCGCACCCAGCTCTCCGTGTGGAAGGCGGCCGAGCAGCCCCCCTCCCCCTGCTGTATCCCTGCCAAATGCCGAACCGCCTGCGGTGCGGACATGGCCAAGTGCCGACGACGTGTGGGAGGTCTGGGCGCCGTGTGGGAGCGACGTGTGGGGCGGGTGGTGGGTGGGTGGAGCTTGCGGCAGGGGGTCGTGCTCTCCGATGCCTGAGCCGGCGCATTGCTGGAAGGCGTGCGTCCAGGGCTGCGTCGCACGACGCGATGGGTGGCCTGTGGCAGGGCCGGTGGGGTGCGGAGTTGAGTCTCACCTCCTGGTGAATGGCAGAGGCAGTGGCCACACGCTGAGCAGAGAA
Seq_5_LinJ.17_plus,LinJ.17,,381,1000,690898,,,,,626818,627198,,,plus,GGGCGCCCCTCTCCGTGCGTGGCATCTGAGGGTCCCGCACCCAGCTCTCCGTGTGGAAGGCGGCCGAGCAGCCCCCCTCCTCCTGCTGTATCCCTGCCAAATGCCGAACCGCCTGCGGTGCGGACATGGCCAAGTGCCGACGACGTGTGGGAGGTCTGGGCGCCGTGTGGGAGCGACGTGTGGGGCGGGTGGTGGGTGGGTGGAGCTTGCGGCAGGGGGTCGTGCTCTCCGATGCCTGAGCCGGCGCATTGCTGGAAGGCGTGCGTCCAGGGCTGCGTCGCACGACGCGATGGGTGGCCTGTGGCAGGGCCGGTGGGGTGCGGAGTTGAGTCTCACCTCCTGGTGAATCGCAGAGGCAGTGGCCACACGTTGAGTAAAGAA
Seq_6_LinJ.17_plus,LinJ.17,,551,1000,690898,,,,,391012,391562,,,plus,CTCCGTGCGTGGCATCTCAGGGTCCAGCACCCCCACTGTGTGAGGAAGCCAGGCGGTCCCTCTATCCCTGCCAAGTGCCAGAGCCACTTCCGGCGGTCACAGGGCCGAGCGCCTGCGACGTGGCGAAGTCAGGGCGCCTCATCGCCACCGATGCCGACGGCCACATCCTCGACGGCGTGGCGTCGGAGCGACCCGAGACCGCGAGCACGCCTGCACCATCCATACGATCGACGAGGCGCCAGCGCGACTCGAGCACATCCCGCCCCGCCCTCGCCGCCCACCGGTGGAGGGAGCCTGCGCCACCGCGGGAGATGCACCACGCGGCCACCGGCACAAATGGGGAGCGGCTGTGAGGCGGCACTGCAAGGCGGGTGGGTGGGGAGGGCTCGAGGCAGAGGCCGTGCTGCGATGCCCGAGTTGGCGCAGTGCCGCGCCGGCGTGTGTCTACGGCTGCTTCGCGCCACGCGACGGGTGGCCTGTGGCAGGGCAGGGTCGGCGGCTCGAGAGTGGAACGGGACCTCATGCTGTGTGGAAGAGATGTGGACTCACAC
Seq_7_LinJ.17_plus,LinJ.17,,499,1000,690898,,,,,347311,347809,,,plus,CCAGTACCCCCACTGTGTGAGGAAGCCAGGCGGTCCCTCTGTCCCTGCCAAGTGCCAGAGCCACTTCCGGCGGTCACAGGGCCGAGCGCCTGCGACGTGGCGAAGTCAGGGCGCCTCATCGCCACCGATGCCGACGGCCACACCCTCGACAGCGTGGCGTCGGAGCGACCCGAGACCGCGAGCACGCCTGCACCATCCATACGATCGACGAGGCGCCAGCGCGACTCGAGCACATCCCGCCCCGCCCTCGCCGCCCACCGGTGGAGGGAGCCTGCGCCACCGCGGGAGATGCACCACGCGGCCACCGGCACAAATGGGGAGCGGCTGTGAGGCGGCACTGCAAGGCGGGTGGGTGGGGAGGGCTCGAGGCAGAGGCCGTGCTGCGATGCCCGAGTTGGCGCAGCGCCGCGCCGGCGTGTGTCTACGGCTGCTTCGCGCCACGCGACGGGTGGCCTGTGGCAGGGCAGGGTCGGCGGCTCGAGAGTGGAGTTGGACCTCG
Seq_8_LinJ.17_plus,LinJ.17,,555,562,690898,,,,,322174,322728,,,plus,CATACCCTGATAGCTGAGGAGACCTCCGTGCGTGGCATCTCAGGGTCCAGCACCCCCACTGTGTGAGGAAGCCAGGCGGTCCCTCTATCCCTGCCAAGTGCCAGAGCCACTTCCGGCGGTCACAGGGCCGAGCGCCTGCGACGTGGCGAAGTCAGGGCGCCTCATCGCCACCGATGCCGACGGCCACACCCTCGACGGCGTGGCGTCGGAGCGACCCGAGACCGCGAGCACGCCTGCACCATCCATACGATCGACGAGGCGCCAGCGCGACTCGAGCACATCCCGCCCCGCCCTCGCCGCCCACCGGTGGAGGGAGCCTGCGCCACCGCGGGAGATGCACCACGCGGCCACCGGCACAAATGGGGAGCGGCTGTGAGGCGGCACTGCAAGGCGGGTGGGTGGGGAGGGCTCGAGGCAGAGGCCGTGCTGCGATGCCCGAGTTGGCGCAGTGCCGCGCCGGCGTGTGTCTACGGCTGCTTCGCGCCACGCGACGGGTGGCCTGTGGCAGGGCAGGGTCGGCGGCTCGAGAGTGGAACGGGACCTCATGCTGTGTGG
Seq_9_LinJ.17_plus,LinJ.17,,998,997,690898,,,,,82588,83585,,,plus,GGAACGACCCGGATGAGGGGGCGGGGAGGGGGAGCGATGGGGTGCAGCGCCGGCGCGGAGGCGAGAGCCGCTGGTCAAAAGCAGGAAGAGGAAGCGGCGAGGGCGAGGGAGAGCCACGGGCACGGGCGGGCAGACACGCAAGAGAGGTGGGGAAGGAAGACGGGGGAGGGCAGGGAGGGGGTGGTGAAACACCTCCTCAGTAACCAACACCAGACGAGCGGCAGCTGAAAGGAAGCGGAAAGGAATACACGAGAGTCGGGCTCGGCTTTGTGCGAGTGCGTGCGTCCTCTCGGTGGCGATGCGCTGAATGCAAGGGAATGCCTCTGTTCCCTCGCCACCGTGAGGAGAAGAAGAAAGCGGGAGAGAGACGGCGAAAGGGAAGGAGTTGCAACGCGGCCACGTGCGAGTCGGCACATCCGTCTCCATCGATCCGGCCCCCGGCGTGTGTGCGTGCGGTCGGGCCGCCTACACCGAGGCCATGCCGGCAGGAGTCGAGCGCGTCTGTCATACAAGAGCACAGGCACGCGCATACGCCTGTGCGTGCGCACCGGCGAGAGTGCGGTGCAACACGTCCTTCCAGCGTACGGTGCCACCGGGTGGGGACATGCAGGGGGGCCCGGGGGGCGAGACCTACCTTCTCGGCGCATGGACAGAAGACATAACGAGAGACAAGGGGCCGTGCGGTCACTGTCGCCCGTCCGCGGCCCATACGGCAGCAGGAAGGCGCACTCACAGGCAGAGCAAAGAGCGCGCCGCCACTGGGCAGCGAGGGGGGCAGGCCACATCGTCCCCCCGACCTCGGCGCACCGCCGTGTCGCGAGGAATGCGTGCGGACGTGAATGAATGGCGTACACAGAGGAAGGAATAAGTATGGTGCCCGCAGGGACTCGTGCCCACTCGCTTGCCGGCGCAGAGCAGGAAATCAGGAGCGAGGGTGCCGAGAGTCAGCGAGCGAGCGAGAGTTGGTCGCCAGCACGCCCTCTCCAAGGCGCGCCGTC
Seq_10_LinJ.17_plus,LinJ.17,,998,997,690898,,,,,88284,89281,,,plus,GGAACGACCCGGATGAGGGGGCGGGGAGGGGGAGCGATGGGGTGCAGCGCCGGCGCGGAGGCGAGAGCCGCTGGTCAAAAGCAGGAAGAGGAAGCGGCGAGGGCGAGGGAGAGCCACGGGCACGGGCGGGCAGACACGCAAGAGAGGTGGGGAAGGAAGACGGGGGAGGGCAGGGAGGGGGTGGTGAAACACCTCCTCAGTAACCAACACCAGACGAGCGGCAGCTGAAAGGAAGCGGAAAGGAATACACGAGAGTCGGGCTCGGCTTTGTGCGAGTGCGTGCGTCCTCTCGGTGGCGATGCGCTGAATGCAAGGGAATGCCTCTGTTCCCTCGCCACCGTGAGGAGAAGAAGAAAGCGGGAGAGAGACGGCGAAAGGGAAGGAGTTGCAACGCGGCCACGTGCGAGTCGGCACATCCGTCTCCATCGATCCGGCCCCCGGCGTGTGTGCGTGCGGTCGGGCCGCCTACACCGAGGCCATGCCGGCAGGAGTCGAGCGCGTCTGTCATACAAGAGCACAGGCACGCGCATACGCCTGTGCGTGCGCACCGGCGAGAGTGCGGTGCAACACGTCCTTCCAGCGTACGGTGCCACCGGGTGGGGACATGCAGGGGGGCCCGGGGGGCGAGACCTACCTTCTCGGCGCATGGACAGAAGACATAACGAGAGACAAGGGGCCGTGCGGTCACTGTCGCCCGTCCGCGGCCCATACGGCAGCAGGAAGGCGCACTCACAGGCAGAGCAAAGAGCGCGCCGCCACTGGGCAGCGAGGGGGGCAGGCCACATCGTCCCCCCGACCTCGGCGCACCGCCGTGTCGCGAGGAATGCGTGCGGACGTGAATGAATGGCGTACACAGAGGAAGGAATAAGTATGGTGCCCGCAGGGACTCGTGCCCACTCGCTTGCCGGCGCAGAGCAGGAAATCAGGAGCGAGGGTGCCGAGAGTCAGCGAGCGAGCGAGAGTTGGTCGCCAGCACGCCCTCTCCAAGGCGCGCCGTC
Seq_11_LinJ.17_plus,LinJ.17,,998,997,690898,,,,,93980,94977,,,plus,GGAACGACCCGGATGAGGGGGCGGGGAGGGGGAGCGATGGGGTGCAGCGCCGGCGCGGAGGCGAGAGCCGCTGGTCAAAAGCAGGAAGAGGAAGCGGCGAGGGCGAGGGAGAGCCACGGGCACGGGCGGGCAGACACGCAAGAGAGGTGGGGAAGGAAGACGGGGGAGGGCAGGGAGGGGGTGGTGAAACACCTCCTCAGTAACCAACACCAGACGAGCGGCAGCTGAAAGGAAGCGGAAAGGAATACACGAGAGTCGGGCTCGGCTTTGTGCGAGTGCGTGCGTCCTCTCGGTGGCGATGCGCTGAATGCAAGGGAATGCCTCTGTTCCCTCGCCACCGTGAGGAGAAGAAGAAAGCGGGAGAGAGACGGCGAAAGGGAAGGAGTTGCAACGCGGCCACGTGCGAGTCGGCACATCCGTCTCCATCGATCCGGCCCCCGGCGTGTGTGCGTGCGGTCGGGCCGCCTACACCGAGGCCATGCCGGCAGGAGTCGAGCGCGTCTGTCATACAAGAGCACAGGCACGCGCATACGCCTGTGCGTGCGCACCGGCGAGAGTGCGGTGCAACACGTCCTTCCAGCGTACGGTGCCACCGGGTGGGGACATGCAGGGGGGCCCGGGGGGCGAGACCTACCTTCTCGGCGCATGGACAGAAGACATAACGAGAGACAAGGGGCCGTGCGGTCACTGTCGCCCGTCCGCGGCCCATACGGCAGCAGGAAGGCGCACTCACAGGCAGAGCAAAGAGCGCGCCGCCACTGGGCAGCGAGGGGGGCAGGCCACATCGTCCCCCCGACCTCGGCGCACCGCCGTGTCGCGAGGAATGCGTGCGGACGTGAATGAATGGCGTACACAGAGGAAGGAATAAGTATGGTGCCCGCAGGGACTCGTGCCCACTCGCTTGCCGGCGCAGAGCAGGAAATCAGGAGCGAGGGTGCCGAGAGTCAGCGAGCGAGCGAGAGTTGGTCGCCAGCACGCCCTCTCCAAGGCGCGCCGTC
Seq_12_LinJ.17_plus,LinJ.17,,997,683,690898,,,,,99676,100672,,,plus,GGAACGACCCGGATGAGGGGGCGGGGAGGGGGAGCGATGGGGTGCAGCGCCGGCGCGGAGGCGAGAGCCGCTGGTCAAAAGCAGGAAGAGGAAGCGGCGAGGGCGAGGGAGAGCCACGGGCACGGGCGGGCAGACACGCAAGAGAGGTGGGGAAGGAAGACGGGGGAGGGCAGGGAGGGGGTGGTGAAACACCTCCTCAGTAACCAACACCAGACGAGCGGCAGCTGAAAGGAAGCGGAAAGGAATACACGAGAGTCGGGCTCGGCTTTGTGCGAGTGCGTGCGTCCTCTCGGTGGCGATGCGCTGAATGCAAGGGAATGCCTCTGTTCCCTCGCCACCGTGAGGAGAAGAAGAAAGCGGGAGAGAGACGGCGAAAGGGAAGGAGTTGCAACGCGGCCACGTGCGAGTCGGCACATCCGTCTCCATCGATCCGGCCCCCGGCGTGTGTGCGTGCGGTCGGGCCGCCTACACCGAGGCCATGCCGGCAGGAGTCGAGCGCGTCTGTCATACAAGAGCACAGGCACGCGCATACGCCTGTGCGTGCGCACCGGCGAGAGTGCGGTGCAACACGTCCTTCCAGCGTACGGTGCCACCGGGTGGGGACATGCAGGGGGGCCCGGGGGGCGAGACCTACCTTCTCGGCGCATGGACAGAAGACATAACGAGAGACAAGGGGCCGTGCGGTCACTGTCGCCCGTCCGCGGCCCATACGGCAGCAGGAAGGCGCACTCACAGGCAGAGCAAAGAGCGCGCCGCCACTGGGCAGCGAGGGGGGCAGGCCACATCGTCCCCCCGACCTCGGCGCACCGCCGTGTCGCGAGGAATGCGTGCGGACGTGAATGAATGGCGTACACAGAGGAAGGAATAAGTATGGTGCCCGCAGGGACTCGTGCCCACTCGCTTGCCGGCGCAGAGCAGGAAATCAGGAGCGAGGGTGCCGAGAGTCAGCGAGCGAGCGAGAGTTGGTCGCCAGCACGCCCTCTCCAAGGCGCGTCGT
Seq_13_LinJ.17_plus,LinJ.17,,683,683,690898,,,,,109687,110369,,,plus,CTGTTCCCTCGCCACCGTGAGAAGAAGAAAGCGGGAGAGAGACGGCGAAAGGGAAGGAGTTGCAACGCGGCCACGTGCGAGCCGGCACATCCGTCTCCATCGATCCGGCCCCCGGCGTGTGTGCGTGCGGTCGGGCCGCCTACACCGAGGCCATGCCGGCAGGAGTCGAGCGCGTCTGTCATACAAGAGCACAGGCACGCGCATACGCCTGTGCGTGCGCACCGGCGAGAGTGCGGTGCAACACGTCCTTCCAGCGTACGGTGCCACCGGGTGGGGACATGCAGGGGGGCCCGGGGGGCGAGACCTACCTTCTCGGCGCATGGACAGAAGACATAACGAGAGACAAGGGGCCGTGCGGTCACTGTCGCCCGTCCGCGGCCCATACGGCAGCAGGAAGGCGCACTCACAGGCAGGGCAAAGAGCGCGCCGCCACTGGGCAGCGAGGGGGGCAGGCCACATCGTCCCCCCGACCTCGGCGCACCGCCGTGTCGCGAGGAATGCGTGCGGACGTGAATGAATGGCGTACACAGAGGAAGGAATAAGTATGGTGCCCGCAGGGACTCGTGCCCACTCGCTTGCCGGCGCAGAGCAGGAAATCAGGAGCGAGGGTGCCGAGAGTCAGCGAGCGAGCGAGAGTTGGTCGCCAGCACGCCCTCTCCAAGGCGCGCCGTTAGAATCACCAT
Seq_14_LinJ.17_plus,LinJ.17,,722,683,690898,,,,,131952,132673,,,plus,GTGCGTCCTCTCGGTGGCGATGCGCTGAATGCAAGGGAATGCCTCTGTTCCCTCGCCACCGTGAGGAGAAGAAGAAAGCGGGAGAGAGACGGCGAAAGGGAAGGAGTTGCAACGCGGCCACGTGCGAGTCGGCACATCCGTCTCCATCGATCCGGCCCCCGGCGTGTGTGCGTGCGGTCGGGCCGCCTACACCGAGGCCATGCCGGCAGGAGTCGAGCGCGTCTGTCATACAAGAGCACAGGCACGCGCATACGCCTGTGCGTGCGCACCGGCGAGAGTGCGGTGCAACACGTCCTTCCAGCGTACGGTGCCACCGGGTGGGGACATGCAGGGGGGCCCGGGGGGCGAGACCTACCTTCTCGGCGCATGGACAGAAGACATAACGAGAGACAAGGGGCCGTGCGGTCACTGTCGCCCGTCCGCGGCCCATACGGCAGCAGGAAGGCGCACTCACAGGCAGAGCAAAGAGCGCGCCGCCACTGGGCAGCGAGGGGGGCAGGCCACATCGTCCCCCCGACCTCGGCGCACCGCCGTGTCGCGAGGAATGCGTGCGGACGTGAATGAATGGCGTACACAGAGGAAGGAATAAGTATGGTGCCCGCAGGGACTCGTGCCCACTCGCTTGCCGGCGCAGAGCAGGAAATCAGGAGCGAGGGTGCCGAGAGTCAGCGAGCGAGCGAGAGTTGGTCGCCAGCACGCCCTCTCCAAGGCGCGCCGTTAGA
Seq_16_LinJ.17_plus,LinJ.17,,290,344,690898,,,,,594953,595242,,,plus,GCGTGGCATCTGAGGGTCCCGCACCCAGCTCTCCGTGTGGAAGGCGGCCGAGCAGCCCCCCTCCCCCTGCTGTATCCCTGCCAAATGCCGAACCGCCTGCGGTGCGGACATGGCCAAGTGCCGACGACGTGTGGGAGGTCTGGGCGCCGTGTGGGAGCGACGTGTGGGGCGGGTGGTGGGTGGGTGGAGCTTGCGGCAGGGGGTCGTGCTCTCCGATGCCTGAGCCGGCGCAATGCTGGAAGGCGTGCGTCCAGGGCTGCGTCGCACGACGCGATGGGCGACCTGTGGCA
Seq_17_LinJ.17_plus,LinJ.17,,382,606,690898,,,,,638016,638397,,,plus,GGGCACCCCTCTCCGCGCGTGGCGTCTGAGGGTCCCGCACCCAGCTCTCCGTGTGGAAGGCGGCCGAGCAGCCCCCCTCCCCCTGCTGTATCCCTGCCAAATGCCGAACCGCCTGCGGTGCGGACATGGCCAAGTGCCGACGACGTGTGGGAGGTCTGGGCGCCGTGTGGGAGCGACGTGTGGGGCGGGTGGTGGGTGGGTGGAGCTTGCGGCAGGGGGTCGTGCTCTCCGATGCCTGAGCCGGCGCAATGCTGGAAGGCGTGCGTCCAGGGCTGCGTCGCACGACGCGATGGGTGGCCTGTGGCAGGGCCGGTGGGGTGCGGAGTTGAGTCTCACCTCCTGGTGAATGGCAGAGGCAGTGGCCACACGTTGAGTAAAGAAA
Seq_18_LinJ.17_plus,LinJ.17,,290,999,690898,,,,,519037,519326,,,plus,ACACCGCCCCGTGCGTGGCATCTCCGGTACTCTGCACATCTCTCTCTCTGTGGGCGGAAGCCAGGCGGTCCCTCTATCCCTGCCAAATGCCAGAGTCACTTCCGGCGGTCACAGGGCCGAGCGCCTGGGACGTGGCGAAGTCAGGGCGCCTCATCGCCACCGATGCCGACGGCCACACCCTCGACGGCGTGGCGTCGGAGCGACCCGAGACCGCGAGCACGCCTGCACCATCAATACGATCGACGAGGCGCCAGCGCGACTCGAACACATCCCGCCCCGCCCTCGCTGCC
Seq_19_LinJ.17_plus,LinJ.17,,601,602,690898,,,,,356268,356868,,,plus,AGCGTGAGAGAGAGATGGCGAAAGGGGACGGAGTTACGCCGACGCTATGGGCGAGTCGGCCCATCCACCTCAGTCAATCCGACGTCCGGCGAGTGTAGGCGGTCCGACCGCCTACACCGAGCCCATGCCAGTAGGAGTCGAGCGCATCTGCCGTACAAGAGCACAGACACGCGCATACGCCTGTGCGTGCGCACTGGCGAAAGTGCGGCCCTACACGTCCTTCCAGCGTACGGTGCCACCGGGTGGGGACATGCAGGGGGGCCCGGGGGCGAGACCTACCTTCTGGACGCATGGACAGAAGACACAACGGGAGACAAGGGGCCGTGCGGTCACTGTCGCCCATCCGCGGCCCATATGGCAACAGGAAGGCGCACTCACAGGCAGAGCAAAGAGCGCGCCGCCACTGGGCAGCGAGGGGACAGGCCCCGTCGTCCCCCCGATCTCGTCGCACCACCGTGTCGCGAGGAATGCGTGCGGACGTGAATGAATGGAGTACACAAAGGAAGGTATTAAATATGCTGTCCGCAGGGACTCACGCCCACTCGCTTGCCGGCGTAGAGCAGGAGATCAGGCGCGCGGGTGCCGAGAGTCAGCGAGCGAG
Seq_26_LinJ.17_minus,LinJ.17,,617,652,690898,,,,,246282,245666,,,minus,GAGATGGCGAGGTGAGGGGGTGGGGAGGGGGCCACAGCGCCCCGGCGCGCGGCCTCACAGGGCCCAGTGCACCCCCCACTCTCCCTCTCTCCTTGTGGGAGAAAGCCAGGCGGTCCCGCCCCCCGCCCTATCCCCAGCCAAATGCCGAGCCGCCCCTCTGGTGGCCACAGGGCCAAGCACCGGCGACGCGCGGGGGCCAGAGCGATGCACGGCGACTGATGTCGGCGGTCAGGTCGTGGATGGCGCGGCGCCGGAGCGGCCAGCGACCGCGAGCACGCTTGTGCCGCCGACATGACAAGCCGAGTGCCGGCGTGGCTCGAAGGCATCTGTCACCCGGCCCTCGCTGCCCACTGGTGGAGGGAGCCTGCGCCACCGCGAGGGGGGTGCACCGGGGGCGGTGGCCGGCATGACGGGAGCGGCTGTGAGGCTGCCTGCGGAGTGGGGTGTGGGTGGAGTCCGCTGCCGAGGCCGTGCTCTCAGATGGCTGAGCCGGCGCACTGCTGCACCGGCGTGCGCCTAGGGCTGCGCCGCGCCACGCGACGGGTGGCCTGTGGCAGCGCCGGGGAGGCTCGAGGGCGGAGGTGGACCTCGCGTTGCCTGGCAGAGGAGTGGACTCA
Seq_27_LinJ.17_minus,LinJ.17,,562,1000,690898,,,,,157824,157263,,,minus,CCCCCCTCCCTCTTTCTCTCCTTGTGGGAGAAAGCCAGGCGGTCCCGCCCCCGCCCTATCCCCAGCCAAATGCCGAGCCACCCCTCTGGTGGCCACAGGGCCAAGCACCGGCGACGCGCGGGGGCCAGAGCGATGCACGGCGACTGATGTCGGCGGTCAGGTCGTGGATGGCGCGGCGCCGGAGCGGCCAGCGACCGCGAGCACGCTTGTGCCGCCGACATGACAAGCCGAGTGCCGGCGTGGCTCGAAGGCATCTGTCACCCGGCCCTCGCTGCCCACTGGTGGAGGGAGCCTGCGCCACCGCGAGGGGGGTGCACCGGGGGCGGTGGCCGGCATGACGGGAGCGGCTGTGAGGCTGCCTGCGGAGTGGGGTGTGGGTGGAGTCCGCTGCCGAGGCCGTGCTCTCAGATGGCTGAGCCGGCGCACTGCTGCACCGGCGTGCGCCTAGGGCTGCGCCGCGCCACGCGACGGGTGGCCTGTGGCAGCGCCGGGGAGGCTCGAGGGAGGAGGTGGACCTCGCGTTGCCTGGCAGAGGAGTGGACTCACATTGGAATAGAAGAAA
Seq_28_LinJ.17_minus,LinJ.17,,612,1000,690898,,,,,193069,192458,,,minus,CGGGTGGAGGGAGGGGGCCACAGCGCCCCAGCGCGCGGCCTCACAGGGCCCAGTGCACCCCCCACTCTCCCTCTCTCCTTGTGGGAGAAAGCCAGGCGGTCCCGCCCCCGCCCTATCCCCAGCCAAATGCCGAGCCACTCCTCTGGTGGCCACAGGGCCAAGCACCGGCGACGCGCGGGGGCCAGAGCGATGCACGGCGACTGATGTCGGCGGTCAGGTCGTGGATGGCGCGGCGCCGGAGCGGCCAGCGACCGCGAGCACGCTTGTGCCGCCGACATGACAAGCCGAGTGCCGGCGTGGCTCGAAGGCATCTGTCACCCGGCCCTCGCTGCCCACTGGTGGAGGGAGCCTGCGCCACCGCGAGGGGGGTGCACCGGGGGCGGTGGCCGGCATGACGGGAGCGGCTGTGAGGCTGCCTGCGGAGTGGGGTGTGGGTGGAGTCCGCTGCCGAGGCCGTGCTCTCAGATGGCTGAGCCGGCGCACTGCTGCACCGGTGTGCGCCTAGGGCTGCGCCGCGCCACGCGACGGGTGGCCTGTGGCAGCGCCGGGGAGGCTCGAGGGCGGAGGTGGACCTCGCGTTGCCTGGCAGAGGAGTGGACTCATCCTGAGAGG
Seq_29_LinJ.17_minus,LinJ.17,,686,1000,690898,,,,,110372,109687,,,minus,TGTATGGTGATTCTAACGGCGCGCCTTGGAGAGGGCGTGCTGGCGACCAACTCTCGCTCGCTCGCTGACTCTCGGCACCCTCGCTCCTGATTTCCTGCTCTGCGCCGGCAAGCGAGTGGGCACGAGTCCCTGCGGGCACCATACTTATTCCTTCCTCTGTGTACGCCATTCATTCACGTCCGCACGCATTCCTCGCGACACGGCGGTGCGCCGAGGTCGGGGGGACGATGTGGCCTGCCCCCCTCGCTGCCCAGTGGCGGCGCGCTCTTTGCCCTGCCTGTGAGTGCGCCTTCCTGCTGCCGTATGGGCCGCGGACGGGCGACAGTGACCGCACGGCCCCTTGTCTCTCGTTATGTCTTCTGTCCATGCGCCGAGAAGGTAGGTCTCGCCCCCCGGGCCCCCCTGCATGTCCCCACCCGGTGGCACCGTACGCTGGAAGGACGTGTTGCACCGCACTCTCGCCGGTGCGCACGCACAGGCGTATGCGCGTGCCTGTGCTCTTGTATGACAGACGCGCTCGACTCCTGCCGGCATGGCCTCGGTGTAGGCGGCCCGACCGCACGCACACACGCCGGGGGCCGGATCGATGGAGACGGATGTGCCGGCTCGCACGTGGCCGCGTTGCAACTCCTTCCCTTTCGCCGTCTCTCTCCCGCTTTCTTCTTCTCACGGTGGCGAGGGAACAG
Seq_30_LinJ.17_minus,LinJ.17,,729,730,690898,,,,,132680,131952,,,minus,TGGTGATTCTAACGGCGCGCCTTGGAGAGGGCGTGCTGGCGACCAACTCTCGCTCGCTCGCTGACTCTCGGCACCCTCGCTCCTGATTTCCTGCTCTGCGCCGGCAAGCGAGTGGGCACGAGTCCCTGCGGGCACCATACTTATTCCTTCCTCTGTGTACGCCATTCATTCACGTCCGCACGCATTCCTCGCGACACGGCGGTGCGCCGAGGTCGGGGGGACGATGTGGCCTGCCCCCCTCGCTGCCCAGTGGCGGCGCGCTCTTTGCTCTGCCTGTGAGTGCGCCTTCCTGCTGCCGTATGGGCCGCGGACGGGCGACAGTGACCGCACGGCCCCTTGTCTCTCGTTATGTCTTCTGTCCATGCGCCGAGAAGGTAGGTCTCGCCCCCCGGGCCCCCCTGCATGTCCCCACCCGGTGGCACCGTACGCTGGAAGGACGTGTTGCACCGCACTCTCGCCGGTGCGCACGCACAGGCGTATGCGCGTGCCTGTGCTCTTGTATGACAGACGCGCTCGACTCCTGCCGGCATGGCCTCGGTGTAGGCGGCCCGACCGCACGCACACACGCCGGGGGCCGGATCGATGGAGACGGATGTGCCGACTCGCACGTGGCCGCGTTGCAACTCCTTCCCTTTCGCCGTCTCTCTCCCGCTTTCTTCTTCTCCTCACGGTGGCGAGGGAACAGAGGCATTCCCTTGCATTCAGCGCATCGCCACCGAGAGGACGCAC
Seq_31_LinJ.17_minus,LinJ.17,,653,654,690898,,,,,356908,356256,,,minus,GAAGGCATGCTTGGGGGCAACAGAATGCTGACAACTAACTCTCGCTCGCTGACTCTCGGCACCCGCGCGCCTGATCTCCTGCTCTACGCCGGCAAGCGAGTGGGCGTGAGTCCCTGCGGACAGCATATTTAATACCTTCCTTTGTGTACTCCATTCATTCACGTCCGCACGCATTCCTCGCGACACGGTGGTGCGACGAGATCGGGGGGACGACGGGGCCTGTCCCCTCGCTGCCCAGTGGCGGCGCGCTCTTTGCTCTGCCTGTGAGTGCGCCTTCCTGTTGCCATATGGGCCGCGGATGGGCGACAGTGACCGCACGGCCCCTTGTCTCCCGTTGTGTCTTCTGTCCATGCGTCCAGAAGGTAGGTCTCGCCCCCGGGCCCCCCTGCATGTCCCCACCCGGTGGCACCGTACGCTGGAAGGACGTGTAGGGCCGCACTTTCGCCAGTGCGCACGCACAGGCGTATGCGCGTGTCTGTGCTCTTGTACGGCAGATGCGCTCGACTCCTACTGGCATGGGCTCGGTGTAGGCGGTCGGACCGCCTACACTCGCCGGACGTCGGATTGACTGAGGTGGATGGGCCGACTCGCCCATAGCGTCGGCGTAACTCCGTCCCCTTTCGCCATCTCTCTCTCACGCTGGCAAAGGGACG
Seq_32_LinJ.17_minus,LinJ.17,,653,654,690898,,,,,390672,390020,,,minus,GAAGGCATGCTTGGGGGCAACAGAATGCTGACAACTAACTCTCGCTCGCTGACTCTCGGCACCCGCGCGCCTGATCTCCTGCTCTACGCCGGCAAGCGAGTGGGCGTGAGTCCCTGCGGACAGCATATTTAATACCTTCCTTTGTGTACTCCATTCATTCACGTCCGCACGCATTCCTCGCGACACGGTGGTGCGACGAGATCGGGGGGACGACGGGGCCTGTCCCCTCGCTGCCCAGTGGCGGCGCGCTCTTTGCTCTGCCTGTGAGTGCGCCTTCCTGTTGCCATATGGGCCGCGGATGGGCGACAGTGACCGCACGGCCCCTTGTCTCCCGTTGTGTCTTCTGTCCATGCGTCCAGAAGGTAGGTCTCGCCCCCGGGCCCCCCTGCATGTCCCCACCCGGTGGCACCGTACGCTGGAAGGACGTGTAGGGCCGCACTTTCGCCAGTGCGCACGCACAGGCGTATGCGCGTGTCTGTGCTCTTGTACGGCAGATGCGCTCGACTCCTACTGGCATGGGCTCGGTGTAGGCGGTCGGACCGCCTACACTCGCCGGACGTCGGATTGACTGAGGTGGATGGGCCGACTCGCCCATAGCGTCGGCGTAACTCCGTTTCCTTTCGCCATCTCTCTCTCACGCTGGCAAAGGGACG
Seq_33_LinJ.17_minus,LinJ.17,,556,555,690898,,,,,333174,332619,,,minus,CATACCCTGATAGCTGGGGAGACCTCCGTGCGTGGCATCTCAGGGTCCAGCACCCCCACTGTGTGAGGAAGCCAGGCGGTCCCTCTGTCCCTGCCAAGTGCCAGAGCCACTTCCGGCGGTCACAGGGCCGAGCGCCTGCGACGTGGCGAAGTCAGGGCGCCTCATCGCCACCGATGCCGACGGCCACACCCTCGACGGCGTGGCGTCGGAGCGACCCGAGACCGCGAGCACGCCTGCACCATCCATACGATCGGCGAGGCGCCAGCGCGACTCGAGCACATCCCGCCCCGCCCTCGCCGCCCACCGGTGGAGGGAGCCTGCGCCACCGCGGGAGATGCACCACGCGGCCACCGGCACAAATGGGGAGCGGCTGTGAGGCGGCACTGCAAGGCGGGTGGGTGGGGAGGGCTCGAGGCAGAGGCCGTGCTGCGATGCCCGAGTTGGCGCAGTGCCGCGCCGGCGTGTGTCTACGGCTGCTTCGCGCCACGCGACGGGTGGCCTGTGGCAGGGCAGGGTCGGCGGCTCGAGAGTGGAACGGGCCCTCATGTTGTGTGGC
Seq_34_LinJ.17_minus,LinJ.17,,663,661,690898,,,,,186221,185559,,,minus,CCTCTTTGGCTGCTGCTTCTGCTGCTTGCGCTCCCGGATCACAGGAGGAGACGGTGAGGTGAGCGGGGGGAGGGAGGGGGCCACAGCGCCCCAGCGCGCGGCCTCACAGGGCCCAGTGCACCCCCCACTCTCCCTCTCTCCTTGTGGGAGAAAGCCAGGCGGTCCCGCCCCCGCCCTATCCCCAGCCGAATGCCGAGCCGCCCCTCTGGTGGCCACAGGGCCAAGCACCGGCGACGCGCGGGGGCCAGAGCGATGCACGGCGACTGATGTCGGCGGTCAGGTCGTGGATGGCGCGGCGCCGGAGCGGCCAGCGACCGCGAGCACGCTTGTGCCGCCGACATGACAAGCCGAGTGCCGGCGTGGCTCGAAGGCATCTGTCACCCGGCCCTCGCTGCCCACTGGTGGAGGGAGCCTGCGCCACCGCGAGGGGGGTGCACCGGGGGCGGTGGCCGGCATGACGGGAGCGGCTGTGAGGCTGCCTGCGGAGTGGGGTGTGGGTGGAGTCCGCTGCCGAGGCCGTGCTCTCAGATGGCTGAGCCGGCGCACTGCTGCACCGGCGTGCGCCTAGGGCTGCGCCGCGCCACGCGACGGGTGGCCTGTGGCAGCGCCGGGGAGGCTCGAGGGCGGAGGTGGACCTCGCGTTGCCTGGCAAAGGAGTGGACT
Seq_35_LinJ.17_minus,LinJ.17,,652,652,690898,,,,,127110,126459,,,minus,TGCTGCTTCTGCTGCTTGTGCTCCCGGATCACAGGAGGAGACGGTGAGGTGAGCGGGGGGAGGGAGGGGGCCACAGCGCCCCAGCGCGCGGCCTCACAGGGCCCAGTGCACCCCCCCACTCTCCCTCTCTCCTTGTGGGAGAAAGCCAGGCGGTCCCGCCCCCGCCCTATCCCCAGCCAAATGCCGAGCCGCCCCTCTGGTGGCCACAGGGCCAAGCACCGGCGACGCGCGGGGGCCAGAGCGATGCACGGCGACTGATGTCGGCGGCCAGGTCGTGGATGGCGCGGCGCCGGAGCGGCCAGCGACCGCGAGCACGCTTGTGCCGCCGACATGACAAGCCGAGTGCCGGCGTGGCTCGAAGGCATCTGTCACCCGGCCCTCGCTGCCCACTGGTGGAGGGAGCCTGCGCCACCGCGAGGGGGGTGCACCGGGGGCGGTGGCCGGCATGACGGGAGCGGCTGTGAGGCTGCCTGCGGAGTGGGGTGTGGGTGGAGTCCGCTGCCGAGGCCGTGCTCTCAGATGGCTGAGCCGGCGCACTGCTGCACCGGCGTGCGCCTAGGGCTGCGCCGCGCCACGCGACGGGTGGCCTGTGGCAGCGCCGGGGAGGCTCGAGGGCGGAGGTGGACCTCGAGGTGTTTGGCAGAGAAGTGGA
Seq_36_LinJ.17_minus,LinJ.17,,553,1000,690898,,,,,352614,352062,,,minus,ACCCTGACTACGAGGCACAGCTCCGTGCGTGGCATCTCAGGGTCCAGCACCCCCACTGTGTGAGGAAGCCAGGCGGTCCCTCTGTCCCTGCCAAGTGCCAGAGCCACTTCCGGCGGTCACAGGGCCGAGCGCCTGCGACGTGGCGAAGTCAGGGCGCCTCATCGCCACCGATGCCGACGGCCACACCCTCGACGGCGTGGCGTCGGAGCGACCCGAGACCGCGAGCACGCCTGCACCATCCATACGATCGACGAGGCGCCAGCGCGACTCGAGCACATCCCGCCCCGCCCTCGCCGCCCACCGGTGGAGGGAGCCTGCGCCACCGCGGGAGATGCACCACGCGGCCACCGGCACAAATGGGGAGCGGCTGTGAGGCGGCACTGCAAGGCGGGTGGGTGGGGAGGGCTCGAGGCAGAGGCCGTGCTGCGATGCCCGAGTTGGCGCAGTGCCGCGCCGGCGTGTGTCTACGGCTGCTTCGCGCCACGCGACGGGTGGCCTGTGGCAGGGCAGGGTCGGCGGCTCGAGAGTGGAACGGGACCTCATGTTGTGTGGC
Seq_37_LinJ.17_minus,LinJ.17,,552,563,690898,,,,,327628,327077,,,minus,CCCTGACGACGAGGCACAGCTCCGTGCGTGGCATCTCAGGGTCCAGCACCCCCACTGTGTGAGGAAGCCAGGCGGTCCCTCTGTCCCTGCCAAGTGCCAGAGCCACTTCCGGCGGTCACAGGGCCGAGCGCCTGCGACGTGGCGAAGTCAGGGCGCCTCATCGCCACCGATGCCGACGGCCACACCCTCGACGGCGTGGCGTCGGAGCGACCCGAGACCGCGAGCACGCCTGCACCATCCATACGATCGACGAGGCGCCAGCGCGACTCGAGCACATCCCGCCCCGCCCTCGCCGCCCACCGGTGGAGGGAGCCTGCGCCACCGCGGGAGATGCACCACGCGGCCACCGGCACAAATGGGGAGCGACTGTGAGGCGGCACTGCAAGGCGGGTGGGTGGGGAGGGCTCGAGGCAGAGGCCGTGCTGCGATGCCCGAGTTGGCGCAGTGCCGCGCCGGCGTGTGTCTACGGCTGCTTCGCGCCACGCGACGGGTGGCCTGTGGCAGGGCAGGGTCGGCGGCTCGAGAGTGGAACGGGACCTCATGCTGTGTGGA
Seq_41_LinJ.17_minus,LinJ.17,,1000,1000,690898,,,,,95179,94180,,,minus,TATATATATGTGCGTGTACATGTGCATGTATCTCTATATGTATGCCGATGTGTCTGTGTGCGTGCATGTGCTATGGAGCAGCCGTAGTAGGGCGAGACAGTGGAGGCTCGAGTGTGGCTCTCGTCGTTGTCTCTCTGCCCGAGGACGGCAGCTGCGAATTCTTTCGATTTGTTTTCTTTTCTCTTGCTTGTATGGTGATGGTGACGGCGCGCCTTGGAGAGGGCGTGCTGGCGACCAACTCTCGCTCGCTCGCTGACTCTCGGCACCCTCGCTCCTGATTTCCTGCTCTGCGCCGGCAAGCGAGTGGGCACGAGTCCCTGCGGGCACCATACTTATTCCTTCCTCTGTGTACGCCATTCATTCACGTCCGCACGCATTCCTCGCGACACGGCGGTGCGCCGAGGTCGGGGGGACGATGTGGCCTGCCCCCCTCGCTGCCCAGTGGCGGCGCGCTCTTTGCTCTGCCTGTGAGTGCGCCTTCCTGCTGCCGTATGGGCCGCGGACGGGCGACAGTGACCGCACGGCCCCTTGTCTCTCGTTATGTCTTCTGTCCATGCGCCGAGAAGGTAGGTCTCGCCCCCCGGGCCCCCCTGCATGTCCCCACCCGGTGGCACCGTACGCTGGAAGGACGTGTTGCACCGCACTCTCGCCGGTGCGCACGCACAGGCGTATGCGCGTGCCTGTGCTCTTGTATGACAGACGCGCTCGACTCCTGCCGGCATGGCCTCGGTGTAGGCGGCCCGACCGCACGCACACACGCCGGGGGCCGGATCGATGGAGACGGATGTGCCGACTCGCACGTGGCCGCGTTGCAACTCCTTCCCTTTCGCCGTCTCTCTCCCGCTTTCTTCTTCTCCTCACGGTGGCGAGGGAACAGAGGCATTCCCTTGCATTCAGCGCATCGCCACCGAGAGGACGCACGCACTCGCACAAAGCCGAGCCCGACTCTCGTGTATTCCTTTCCGCTTCCTTTCAGCTGCCGCTCGTCTGGTGTTGGTTA
Seq_42_LinJ.17_minus,LinJ.17,,1000,1000,690898,,,,,89483,88484,,,minus,TATATATATGTGCGTGTACATGTGCATGTATCTCTATATGTATGCCGATGTGTCTGTGTGCGTGCATGTGCTATGGAGCAGCCGTAGTAGGGCGAGACAGTGGAGGCTCGAGTGTGGCTCTCGTCGTTGTCTCTCTGCCCGAGGACGGCAGCTGCGAATTCTTTCGATTTGTTTTCTTTTCTCTTGCTTGTATGGTGATGGTGACGGCGCGCCTTGGAGAGGGCGTGCTGGCGACCAACTCTCGCTCGCTCGCTGACTCTCGGCACCCTCGCTCCTGATTTCCTGCTCTGCGCCGGCAAGCGAGTGGGCACGAGTCCCTGCGGGCACCATACTTATTCCTTCCTCTGTGTACGCCATTCATTCACGTCCGCACGCATTCCTCGCGACACGGCGGTGCGCCGAGGTCGGGGGGACGATGTGGCCTGCCCCCCTCGCTGCCCAGTGGCGGCGCGCTCTTTGCTCTGCCTGTGAGTGCGCCTTCCTGCTGCCGTATGGGCCGCGGACGGGCGACAGTGACCGCACGGCCCCTTGTCTCTCGTTATGTCTTCTGTCCATGCGCCGAGAAGGTAGGTCTCGCCCCCCGGGCCCCCCTGCATGTCCCCACCCGGTGGCACCGTACGCTGGAAGGACGTGTTGCACCGCACTCTCGCCGGTGCGCACGCACAGGCGTATGCGCGTGCCTGTGCTCTTGTATGACAGACGCGCTCGACTCCTGCCGGCATGGCCTCGGTGTAGGCGGCCCGACCGCACGCACACACGCCGGGGGCCGGATCGATGGAGACGGATGTGCCGACTCGCACGTGGCCGCGTTGCAACTCCTTCCCTTTCGCCGTCTCTCTCCCGCTTTCTTCTTCTCCTCACGGTGGCGAGGGAACAGAGGCATTCCCTTGCATTCAGCGCATCGCCACCGAGAGGACGCACGCACTCGCACAAAGCCGAGCCCGACTCTCGTGTATTCCTTTCCGCTTCCTTTCAGCTGCCGCTCGTCTGGTGTTGGTTA
Seq_43_LinJ.17_minus,LinJ.17,,1000,1000,690898,,,,,83787,82788,,,minus,TATATATATGTGCGTGTACATGTGCATGTATCTCTATATGTATGCCGATGTGTCTGTGTGCGTGCATGTGCTATGGAGCAGCCGTAGTAGGGCGAGACAGTGGAGGCTCGAGTGTGGCTCTCGTCGTTGTCTCTCTGCCCGAGGACGGCAGCTGCGAATTCTTTCGATTTGTTTTCTTTTCTCTTGCTTGTATGGTGATGGTGACGGCGCGCCTTGGAGAGGGCGTGCTGGCGACCAACTCTCGCTCGCTCGCTGACTCTCGGCACCCTCGCTCCTGATTTCCTGCTCTGCGCCGGCAAGCGAGTGGGCACGAGTCCCTGCGGGCACCATACTTATTCCTTCCTCTGTGTACGCCATTCATTCACGTCCGCACGCATTCCTCGCGACACGGCGGTGCGCCGAGGTCGGGGGGACGATGTGGCCTGCCCCCCTCGCTGCCCAGTGGCGGCGCGCTCTTTGCTCTGCCTGTGAGTGCGCCTTCCTGCTGCCGTATGGGCCGCGGACGGGCGACAGTGACCGCACGGCCCCTTGTCTCTCGTTATGTCTTCTGTCCATGCGCCGAGAAGGTAGGTCTCGCCCCCCGGGCCCCCCTGCATGTCCCCACCCGGTGGCACCGTACGCTGGAAGGACGTGTTGCACCGCACTCTCGCCGGTGCGCACGCACAGGCGTATGCGCGTGCCTGTGCTCTTGTATGACAGACGCGCTCGACTCCTGCCGGCATGGCCTCGGTGTAGGCGGCCCGACCGCACGCACACACGCCGGGGGCCGGATCGATGGAGACGGATGTGCCGACTCGCACGTGGCCGCGTTGCAACTCCTTCCCTTTCGCCGTCTCTCTCCCGCTTTCTTCTTCTCCTCACGGTGGCGAGGGAACAGAGGCATTCCCTTGCATTCAGCGCATCGCCACCGAGAGGACGCACGCACTCGCACAAAGCCGAGCCCGACTCTCGTGTATTCCTTTCCGCTTCCTTTCAGCTGCCGCTCGTCTGGTGTTGGTTA
Seq_46_LinJ.17_minus,LinJ.17,,661,652,690898,,,,,101582,100922,,,minus,CCTCTTTGGCTGCTGCTTCTGCTGCTTGTGCTCCCGGATCACAGGAGGAGACGGTGAGGTGAGCGGGGGGAGGGAGGGGCCACAGCGCCCCAGCGCGCGGCCTCACAGGGCCCAGTGCACCCCCCACTCTCCCTCTCTCCTTGTGGGAGAAAGCCAGGCGGTCCCGCCCCCGCCCTATCCCCAGCCAAATGCCGAGCCGCCCCTCTGGTGGCCACAGGGCCAAGCACCGGCGACGCGCGGGGGCCAGAGCGATGCACGGCGACTGATGTCGGCGGTCAGGTCGTGGATGGCGCGGCGCCGGAGCGGCCAGCGACCGCGAGCACGCTTGTGCCGCCGACATGACAAGCCGAGTGCCGGCGTGGCTCGAAGGCATCTGTCACCCGGCCCTCGCTGCCCACTGGTGGAGGGAGCCTGCGCCACCGCGAGGGGGGTGCACCGGGGGCGGTGGCCGGCATGACGGGAGCGGCTGTGAGGCTGCCTGCGGAGTGGGGTGTGGGTGGAGTCCGCTGCCGAGGCCGTGCTCTCAGATGGCTGAGCCGGCGCACTGCTGCACCGGCGTGCGCCTAGGGCTGCGCCGCGCCACGCGACGGGTGGCCTGTGGCAGCGCCGGGGAGGCTCGAGGGCGGAGGTGGACCTCGAGGTGTTTGGCAGACGAGAGGAC
Seq_47_LinJ.17_plus,LinJ.17,,519,520,690898,,,,,346306,346824,,,plus,CGTGGCATCTCAGGGTCCAGCACCCCCACTGTGTGAGGAAGCCAGGCGGTCCCTCTGTCCCTGCCAAGTGCCAGAGCCACTTCCGGCGGTCACAGGGCCGAGCGCCTGCGACGTGGCGAAGTCAGGGCGCCTCATCGCCACCGATGCCGACGGCCACACCCTCGACGGCGTGGCGTCGGAGCGACCCGAGACCGCGAGCACGCCTGCACCATCCATACGATCGACGAGGCGCCAGCGCGACTCGAGCACATCCCGCCCCGCCCTCGCCGCCCACCGGTGGAGGGAGCCTGCGCCACCGCGGGAGATGCACCACGCGGCCACCGGCACAAATGGGGAGCGGCTGTGAGGCGGCACTGCAAGGCGGGTGGGTGGGGAGGGCTCGAGGCAGAGGCCGTGCTGCGATGCCCGAGTTGGCGCAGTGCCGCGCCGGCGTGTGTCTACGGCTGCTTCGCGCCACGCGACGGGTGGCCTGTGGCAGGGCAGGGTCGGCGGCTCGAGAGTGGAACGGGACCTCACGTT
Seq_48_LinJ.17_plus,LinJ.17,,557,558,690898,,,,,319411,319967,,,plus,TCCGTCCGTGGCATCTCAGGGTCCAGCACCCCCACTGTGTGAGGAAGCCAGGCGGTCCCTCTGTCCCTGCCAAGTGCCAGAGCCACTTCCGGCGGTCACAGGGCCGAGCGCCTGCGACGTGGCGAAGTCAGGGCGCCTCATCGCCACCGATGCCGACGGCCACACCCTCGACGGCGTGGCGTCGGAGCGACCCGAGACCGCGAGCACGCCTGCACCATCCATACGATCGACGAGGCGCCAGCGCGACTCGAGCACATCCCGCCCCGCCCTCGCCGCCCACCGGTGGAGGGAGCCTGCGCCACCGCGGGAGATGCACCACGCGGCCACCGGCACAAATGGGGAGCGGCTGTGAGGCGGCACTGCAAGGCGGGTGGGTGGGGAGGGCTCGAGGCAGAGGCCGTGCTGCGATGCCCGAGTTGGCGCAGTGCCGCGCCGGCGTGTGTCTACGGCTGCTTCGCGCCACGCGACGGGTGGCCTGTGGCAGGGCAGGGTCGGCGGCTCGAGAGTGGAACGGGACCTCATGCTGTGTGGAAGAGACCGGACACGCTGAGAAGAAA
Seq_50_LinJ.17_minus,LinJ.17,,555,563,690898,,,,,344339,343785,,,minus,TCCGTGCGTGGCATCTCAGGGTCCAGCACCCCTACTGTGTGAGGAAGCCAGGCGGTCCCTCTGTCCCTGCCAAGTGCCAGAGCCACTTCCGGCGGTCACAGGGCCGAGCGCCTGCGACGTGGCGAAGTCAGGGCACCTCATCGCCACCGATGCCGACGGCCACACCCTCGACGGCGTGGCGTCGGAGCGACCCGAGACCGCGAGCACGCCTGCACCATCCATACGATCGACGAGGCGCCAGCGCGACTCGAACACATCCCGCCCCGCCCTCGCCGCCCACCGGTGGAGGGAGCCTGCGCCACCGCGGGAGATGCACCACGCGGCCACCGGCACAAATGGGGAGCGGCTGTGAGGCGGCACTGCAAGGCGGGTGGGTGGGGAGGGCTCGAGGCAGAGGCCGTGCTGCGATGCCCGAGTTGGCGCAGTGCCGCGCCGGCGTGTGTCTACGGCTGCTTCGCGCCACGCGACGGGTGGCCTGTGGCAGGGCAGGGTCGGCGGCTCGAGAGTGGAGTTGGGCCTCATGTTGTGTGGCCGAATGGACACGCAAAGAAAAAA
Seq_52_LinJ.17_minus,LinJ.17,,804,430,690898,,,,,100678,99875,,,minus,ATGCTAACGACGCGCCTTGGAGAGGGCGTGCTGGCGACCAACTCTCGCTCGCTCGCTGACTCTCGGCACCCTCGCTCCTGATTTCCTGCTCTGCGCCGGCAAGCGAGTGGGCACGAGTCCCTGCGGGCACCATACTTATTCCTTCCTCTGTGTACGCCATTCATTCACGTCCGCACGCATTCCTCGCGACACGGCGGTGCGCCGAGGTCGGGGGGACGATGTGGCCTGCCCCCCTCGCTGCCCAGTGGCGGCGCGCTCTTTGCTCTGCCTGTGAGTGCGCCTTCCTGCTGCCGTATGGGCCGCGGACGGGCGACAGTGACCGCACGGCCCCTTGTCTCTCGTTATGTCTTCTGTCCATGCGCCGAGAAGGTAGGTCTCGCCCCCCGGGCCCCCCTGCATGTCCCCACCCGGTGGCACCGTACGCTGGAAGGACGTGTTGCACCGCACTCTCGCCGGTGCGCACGCACAGGCGTATGCGCGTGCCTGTGCTCTTGTATGACAGACGCGCTCGACTCCTGCCGGCATGGCCTCGGTGTAGGCGGCCCGACCGCACGCACACACGCCGGGGGCCGGATCGATGGAGACGGATGTGCCGACTCGCACGTGGCCGCGTTGCAACTCCTTCCCTTTCGCCGTCTCTCTCCCGCTTTCTTCTTCTCCTCACGGTGGCGAGGGAACAGAGGCATTCCCTTGCATTCAGCGCATCGCCACCGAGAGGACGCACGCACTCGCACAAAGCCGAGCCCGACTCTCGTGTATTCCTTTCCGCTTCCTTTCAGCTGCCGCTCGTCTGGTGTTGGTTAC
