Seq_1_LinJ.26_plus,LinJ.26,,476,1000,1055294,,,,,475603,476078,,,plus,CACTGTGGGCGGGGAAGCCGAGCAGCCTCCTCCCCCCCTCCCTCCCTATCCCAGCCACTGCCGAACCACCCCCTGGTGGTGACAGGGCCAGGGTGCCTAGGACGTGGGGAGGTCAGTGCGATGCAGTGGCACGGATGCCGGCGGCCAATCCCTGGACGGCGTGGCGCCGGTGCGACCCGCGACCGTGAGCGTGCTTGCGCCATCCATGCGATGGGCAAGGCGTCAGCGTGATGCCAACGCGTCTCGCTCGGCCCTCGCACTGCCTGCTGCTGGGGAGGCTGAGTGCCACCCTGCGAGGCGGGTGGGTGGGTAGAGTTTGGGTCAGGGGCCGTGCACAGATGACTGTGTCGGCGCACTGCTGTGATGCGTGTCTGCGGCTGCGTTGCACCGCGCGCTGGGTGCCTGTGGCAGGCCCGTGGGTTTTAGAGTGGGCCTCGGCTCATGTTGTGTGGCAGAGAAGGGGCACCTGGAAGAAA
Seq_2_LinJ.26_plus,LinJ.26,,434,1000,1055294,,,,,569920,570353,,,plus,CCCTATCCCAGCCACTGCCGAACCACCCCCTGGTGGTGACAGGGCCAGGGTGCCTAGGACGTGGGGAGGTCAGTGCGATGCAGTGGCACGGATGCCGGCGGCCAATCCCTGGACGGCGTGGCGCCGGTGCGACCCGCGACCGTGAGCGTGCTTGCGCCATCCATGCGATGGGCAAGGCGTCAGCGTGATACCAACGCGTCTCGCTCGGCCCTCGCACTGCCTGCTGCTGGGGAGGCTGAGTGCCACCCTGCGAGGCGGGTGGGTGGGTAGAGTTTGGGTCAGGGGCCGTGCACAGATGACTGTGTCGGCGCACTGCTGTGATGCGTGTCTGCGGCTGCGTTGCACCGCGCGCTGGGTGCCTGTGGCAGGCCCGGAAGAGTGGAGCTTAGCGCACGTTGTATGAAGCAGTAACGGGTACCTGGCAAGGGAACGAA
Seq_3_LinJ.26_plus,LinJ.26,,438,439,1055294,,,,,683173,683610,,,plus,GGAGGGGCAGCCACGCATCTCGCAGTGCGTGGCATCACAGGGTCCAAGTGCCCCCACACTCTGCGTCGGGGGAGGCCAGGTAGCTCCCCCTCCCCCGTCACCCCTCCCTCCATCCCTGCCCATGCCGAACCACTTCTGGTGGTGGCAGGGCCAGGTGGCTACGACGTTGGGGTGGGGGAGACAGAGCGATGCACCGCCACTGATGTCGGCGGTGAGGCCGTGGATGGCACCGCGTTGGAGCCACCTGCGAAGCGAATGGCGTGCGTGTGGTGTCTGGGTGAGAGGCCGTGCTCTCAGATGGCTGGGCCAGCGCATGGCTGCAGCGCGTGCGTCTACGGCTGCTCGGCACCGTGCGATGGGTGCCGGTGGGGCAGGTCTGCAGGGGGTAGAGCGCCGTTTGGGTTCATGCTGTATGACAGAGAGCGAATACGTGGCAGA
Seq_4_LinJ.26_plus,LinJ.26,,479,1000,1055294,,,,,689183,689661,,,plus,ATCTCGCAGTGCGTGGCATCACAGGGTCCAAGTGCCCCCACACTCTGCGTCGGGGGAGGCCAGGTAGCTCCCCCTCCCCCGTCACCCCTCCCTCCATCCCTGCCCATGCCGAACCACTTCTGGTGGTGGCAGGGCCAGGTGGCTACGACGTTGGGGTGGGGGAGACAGAGCGATGCACCGCCACTGATGTCGGCGGTGAGGCCGTGGATGGCACCGCGTTGGAGCCACCTGCGAAGCGAATGGCGTGCGTGTGGTGTCTGGGTGAGAGGCCGTGCTCTCAGATGGCTGGGCCAGCGCATGGCTGCAGCGCGTGCGTCTACGGCTGCTCGGCACCGTGCGATGGGTGCCGGTGAGGCAGGTCTGCAGGGGGTAGAGCGCCGTTTGGGTTCATGCTGTATGACAGAGAGCGGCTACGTGGAAGAACGAAAAAAGCGGCGCACCACCATCACCGTCTCGCCCTCCTCCCCCTCACTTCGTCG
Seq_5_LinJ.26_plus,LinJ.26,,438,164,1055294,,,,,704721,705158,,,plus,GGAGGGGCGGATACGCATCTCGCAGTGCGTGGCATCACAGGGTCCAAGTGCCCCCACACTCTGCGTCGGGGGAGGCCAGGTAGCTCCCCCTCCCCCGTCACCCCTCCCTCCATCCCTGCCCATGCCGAACCACTTCTGGTGGTGGCAGGGCCAGGTGGCTACGACGTTGGGGTGGGGGAGACAGAGCGATGCACCGCCACTGATGTCGGCGGTGAGGCCGTGGATGGCACCGCGTTGGAGCCACCTGCGAAGCGAATGGCGTGCGTGTGGTGTCTGGGTGAGAGGCCGTGCTCTCAGATGGCTGGGCCAGCGCATGGCTGCAGCGCGTGCGTCTACGGCTGCTCGGCACCGTGCGATGGGTGCCGGTGGGGCAGGTCTGCAGGGGGTAGAGCGCCGTTTGGGTTCATGCTGTATGACAGAGAGCGAATACGTGGCAGA
Seq_7_LinJ.26_plus,LinJ.26,,555,556,1055294,,,,,168835,169389,,,plus,TTCTCTGCCACGCAACATCCACTTAGCTCCGCTCTGCCCCCGGCCCGTCACAGACCCACGTCCCGTCGTGCGAAGCAGCCGCGCACACAAGCCAGCACGGCAACGCGCCGACACCATCATCTGAGAGCAGGGCCCGCGCACCAAACGCTACCCACACCCGCCTCGCAGTCGCCCGCATTGTGCCGGTTGGCGACTGGTGCGTCCCCCTCGCGGTGGTGCAGGCCCCACACACCCACACCCACACACACACGCACACATGCCAGTGGGCAGTGTGAGGGTCGGCTGTGATGCGCTCGAGTCACGCTGGCACGCCGCCCGTCACATGGATGGCACAACCGAGCTCACGGTCGCAGGTCGCCCCGACGCAGCGCCGCCCAGGACCTGTCCACAGACATCAGCAGCCATGCATCGCTCTAGCTTCGCTACGTCGTAGGCGCTTGAGTCTGCCGCCACCAGAAGCGGTTCGGCATTTTTGGCAGGGGGATAGAGGAGGGAGGGGTGGAGTCTGATCGGCTCCCTCCCGCGCAGAGGGGGGGGAGGGTGCAATGGACCCTG
Seq_8_LinJ.26_plus,LinJ.26,,679,680,1055294,,,,,210116,210794,,,plus,CGCTCGTCACCGTGTCCATTTCTCTGCCGTGCAGCATGCGCTCCGCTCCGCTCTGCCCCCGGCCCGTCACAGGCCCACCTCCCGTCGTGCGAAGCAGCCGCGCACACAAGCCAGCACGGCAACGCGCCGACACCATCATCTGAGAGCAGGGCCCGCGCACCAAACGCTACCCACACCCGCCTCGCAGTCGCCCGCATTGTGCCGGTTGGCGACTGGTGCGTCCCCCTCGCGGTGGTGCAGGCCCCACACACCCACACCCACACACACACGCACACATGCCAGTGGGCAGTGTGAGGGTCGGCTGTGATGCGCTCGAGTCACGCTGGCACGCCGCCCGTCACATGGATGGCACAACCGAGCTCACGGTCGCAGGTCGCCCCGACGCAGCGCCGCCCAGGACCTGTCCACAGACATCAGCAGCCATGCATCGCTCTAGCTTCGCTACGTCGTGGGCGCTTGAGTCTGCCGCCACCAGAAGCGGTTCGGCATTTTTGGCAGGGGGATAGAGGAGGGAGGGGTGGAGTCTGATCGGCTCCCTCCCGCGCAGAGGGGGGGAGGGTGCACTGGACCCTGCTGGCACAACACTCTGATGTGTGTGTGTGTGTGTGCGTGCGTCCACTTACCCCCTCTTGCCATGATGGACACCACCACCGAACACACAAGGAAGGAAATACGCAAA
Seq_9_LinJ.26_plus,LinJ.26,,574,574,1055294,,,,,51090,51663,,,plus,GCCGTGGAGCCTCACAGACCCGTCCCGTGTGTGGTGCCCATGCAGCCGTAGACACGCGCGCTACACCAGCGCGCCGGCCCGATCATCGGAGCACCGCCTCGGCCTCATACTCTGCCCACTCACACCTCGGCCCCCGCAGGTCGCCTCGCAGCCGCTCACGTGATGCCCAGTCGCCACCTCGCGCATCCCTCCCCGCCCTCCCCTCGCGGTGGCTCAGCCTCCCCACACCGGTGTGGGGCGTGTGTGGGTCGGGGGTAGGGGTGAGGTACCTTCGAGTCACCCTGATGCTTTGCCTATTCTCATATGGATGCCACAGACGTGCCCACGGTCGCGGGTCGCGCCGACGCAACGCCGCCCCAGGACACGACCGCCGACATCAGCAGCCACACATCGCTCTGGCATCCCTACCTAGGTGGGTGCCTCCCCCTGACACCACCAGCAGGGGGGAGGGGGAGGGGCTCGGCATCGGCAGGGAGAGGGGCAGGGGCTGGGTGGTCGACTGGCTTCTCCCGGACAGAGAGTGCGAGCACCGGACCCTGTTTATACCGCCCACAGAGGGGGGCTGTCCGTCACA
Seq_10_LinJ.26_plus,LinJ.26,,615,616,1055294,,,,,128399,129013,,,plus,CCACCGAGTCCACCCGGTGCCATTCAACGCGACTCGAACGGCCCCCCTCCCCGCGCCACTCCAGCCCTGGACCTTCACAGACCCGTCCCGTGTGTGGTGCCCATGCAGCCGTAGACACACGCGCGGTACACCAGCGCGCCGGCCCGATCATCGAAGCACCGCCTCGGCCTCATACTCTGTCCACTCACACCTCGGCCCCCGCAGGTCGCCTCGCAGCCGCTCACGTGATGCCCAGTCGCCACCTCGCGCATCCCTCCCCGCCCCTCCCCCTCGCGGTGGCTCAGCCTCCCCACACCGGTGTGGGGCGTGTGTGGGTCGGGGGTAGGGGTGAGGTACCTTCGAGTCACCCTGATGCTTTGCCTATTCTCATATGGATGCCACAGACGTGCCCACGGTCGCGGGTCGCGCCGACGCAACGCCGCCCCAGGACACGACCACCGACATCAGCAGCCACACATCGCTCTGGCATCCCTACCTAGGTGGGTGCCTCCCCCTGACACCACCAGCAGGGAGGGGGGGGGAGGGGCTCGGCATCGGCAGGGAGAGGGGCAGGGGCTGGGTGGTCGACTGGCTTCTCCCGGACAGAGAGTGCGAGCACCGGACCCTGTTTATACC
Seq_11_LinJ.26_plus,LinJ.26,,643,574,1055294,,,,,46964,47606,,,plus,GGGACTCGTCGTCGTTTCGTTTTCGCCTTCTTCCGTATATGCATGCTGCAATAGAGCAGGAGTCAAACGTCCCTCTACCCTCCCGGCCCTCTGCGGCCTGCCACAGACCCGTCCCGTGTGTGGTGCCCATGCAGCCGTAGACACACGCGCGGTACACCAGCGCGCCGGCCCGATCATCGAAGCACCGCCTCGGCCTCATACTCTGTCCACTCACACCTCGGCCCCCGCAGGTCGCCTCGCAGCCGCTCACGTGATGCCCAGTCGCCACCTCGCGCATCCCTCCCCGCCCCCCCTCGCGGTGGCTCAGCCTCCCCACACCGGTGTGGGGCGTGTGTGGGTCGGGGGTAGGGGTGAGGTACCTTCGAGTCACCCTGATACTTTGCCTATTCTCATATGGATGCCACAGACGTGCCCACGGTCGCGGGTCGCGCCGACGCAACGCCGCCCCAGGACACGACCACCGACATCAGCAGCCACACATCGCTCTGGCATCCCTACCTAGGTGGGTGCCTCCCCCTGACACCACTAGCAGGGAGGGGGGAGGGGCTCGGCATCGGCAGGGAGAGGGGCAGGGGCTGGGTGGTCGACTGGCTTCTCCCGGACAGAGAGTGCGAGCACCGGACCCTGTTTATACCGCCCACAG
Seq_12_LinJ.26_plus,LinJ.26,,232,627,1055294,,,,,1054868,1055099,,,plus,GGTTAGGGTACGGGTACAGGTTAGGGTTTTTCTCTCCACAGATTCCTTGCACAGCGACACCCTCTCCAACAGGACGGGGGGGACGGTGTCTGGGTACGGTGTACTGGTGTACTGGTTACTGGTGTACTGGTGTACTGGTGTACTGGTGTACTGGTGTACTGGTGTACTGGTGTACTGGTGACTGTGTACTGGTGTACTGGTGTACTGGTGTACTGGTGTACTGGTGTACTGG
Seq_15_LinJ.26_plus,LinJ.26,,582,607,1055294,,,,,955399,955980,,,plus,GCGCACACATCCACTTCCATCTCTCCCTTCCAGGACCTTGTGCTATGCTCTTGGATCTGCCCGCTCTTTCCCTTCTCCTTGATGCGGAAAAGTGTCTTGCTCTCCCGTATGGAGGGGGGGGCGAAGGGCGGGGGAGCGAGGCGGGGCGCAGGTATTCCTTTCGGACGGCCCCCGCCCGCAACGACGTACGGTCGTATATATGCGTGTGGGGCGCGCTAGCTCTCTCGCTCTCCTCCTTGCTTTGAGGAGGATGCCAACTGGTTTTACTACCTTATCTCTGAGTTCCAGTCAGCCCCACCCCGTGCCCCGCCCTCATCGTGCCCGCCGCCGAGGTTCGGCATGCTGGGTAAGGGAATATGAGAGGGGGGTCTCTTGCATTTTCGTAGAGTTCATCCAAAGGATAAGCAGCAGCGCTGTAGGGGAGGGGCACTGAAGCCGGCTTTCCTCCTGCCTCTCGACACCCGACACCTTTGCTAAAGCCGCCCATAACAGGCCAGAAAACGGGGGATGGAACCCCGCAAGCCGATGTGCTCCATCTGCTCTGCTCTCCTCTGATCTTTCCTATCTGTCGCTCTCTCTGAT
Seq_17_LinJ.26_plus,LinJ.26,,550,550,1055294,,,,,987675,988224,,,plus,GGGTCGGGGCAAGGGGCGGCACACTCCTCAGTGCGCGGTGGTATCTCAGGGTCCAGTACCACCACCCTAGGTGCTGAGGCCAAACAGCCCCCCCTCCCCTCCCCCCGACTCTCTAAGCCTGCCGAACCACCTCTGGTGATGACAGGGTCACGTACCAGTGTCATGGGGCAGTCAGAGCGATGTATCACTGCTGATGCCAGCGGTCCGGCCCTGGGTGGCGCTGTGTCGGAGCGACCTGCGACCGTGAGCAGGCGCTTGCACCATCCATGTGATGGGCGAAGTGTCAGAGTGACTCGAAGGTACCTCACCGCCGGCCCTCACGCTGCCCACTCGCGTGGGGAGTGTCCGGGTCACCGCGAGGGGGATGGACCAGGTGGCGACTGGCACAATGGGAGCGGCTGTGAGGCGAGCTGCGAGGCAGAGACCGCGCTCAGGTGACTGAGTCGGCTCATTGCTGTCACGCGGTCCTCTGCAGCTTCGCGCCACGCGCTGGGGCCTGTGACAGGCCGGGCAGCGTGAGCTCACGCCGTATTAGGGGGATGAACGCGTT
Seq_19_LinJ.26_plus,LinJ.26,,434,1000,1055294,,,,,620379,620812,,,plus,CCCTATCCCAGCCACTGCCGAACCACCCCTGGTGGTGACAGGGCCAGGGTGCCTAGGACGTGGGGAGGTCAGTGCGATGCAGTGGCACGGATGCCGGCGGCCAATCCCTGGACGGCGTGGCGCCGGTGCGACCCGCGACCGTGAGCGTGCTTGCGCCATCCATGCGATGGGCAAGGCGTCAGCGTGATACCAACGCGTCTCGCTCGGCCCTCGCACTGCCTGCTGCTGGGGAGGCTGAGTGCCACCCTGCGAGGCGGGTGGGTGGGTAGAGTTTGGGTCAGGGGCCGTGCACAGATGACTGAGTCGGCGCACTGCTGTGATGCGTGTCTGCGGCTGCGTTGCACCGCGCGCTGGGTGCCTGTGACAGACCCGGAAGAGTGGAGCTTGGCGCATGTTGTATGAAGCAGGAATGGACACGTGCCATGGGAAAGAAC
Seq_20_LinJ.26_plus,LinJ.26,,621,998,1055294,,,,,534380,535000,,,plus,GCGTGTTCCCACTGCACGTTGGGCTCTCTGTTGTTTGAGCCATCTCGCTCACCTCTCTCTTGTTCCAGCGAACCTCTTTTCTTGTTTTTTTGGTTGTTTATGTTTTTTTTTTCTCATTCTCCTTTCTCCCTCTCGAGGAGGAGAGAGGCCTCACTGTGGGTGGGGAAGCCGAGCAGCCTCCTCCCCCCTCCCTCCCTATCCCAGCCACTGCCGAACCACCCCCTGGTGGTGACAGGGCCAGGGTGCCTAGGACGTGGGGAGGTCAGTGCGATGCAGTGGCACGGATGCCGGCGGCCAATCCCTGGACGGCGTGGCGCCGGTGCGACCCGCGACCGTGAGCGTGCTTGCGCCATCCATGCGATGGGCAAGGCGTCAGCGTGATACCAACGCGTCTCGCTCGGCCCTCGCACTGCCTGCTGCTGGGGAGGCTGAGTGCCACCCTGCGAGGCGGGTGGGTGGGTAGAGTTTGGGTCAGGGGCCGTGCACAGATGACTGTGTCGGCGCACTGCTGTGATGCGTGTCTGCGGCTGCGTTGCACCGCGCGCTGGGTGCCTGTGGCAGGCCCGGTAGAGTGGAGCTTAGCGCATGTTGTGTGGCGCAGGAATGGACACGGAAACAAAA
Seq_23_LinJ.26_plus,LinJ.26,,645,574,1055294,,,,,35725,36369,,,plus,GGGACCCGTCGTCGTTTCGTTTTCGCCTTCTTCCGTATATGCATGCTGCAATAGAGCAGGAGTCAAACGTCCCTCTACCCTCCCGGCCCTCTGCGGCCTGCCACAGACCCGTCCCGTGTGTGGTGCCCATGCAGCCGTAGACACACGCGCGGTACACCAGCGCGCCGGCCCGATCATCGAAGCACCGCCTCGGCCTCATACTCTGCCCACTCACACCTCGGCCCCCGCAGGTCGCCTCGCAGCCGCTCACGTGATGCCCAGTCGCCACCTCGCGCATCCCTCCCCGCCCCCCCTCGCGGTGGCTCAGCCTCCCCACACCGGTGTGGGGCGTGTGTGGGTCGGGGGTAGGGGTGAGGTACCTTCGAGTCACCCTGATACTTTGCCTATTCTCATATGGATGCCACAGACGTGCCCACGGTCGCGGGTCGCGCCGACGCAACGCCGCCCCAGGACACGACCACCGACATCAGCAGCCACACATCGCTCTGGCATCCCTACCTAGGTGGGTGCCTCCCCCTGACACCACCAGCAGGGGGAGGGGGAGGGGCTCGGCATCGGCAGGGAGAGGGGCAGGGGCTGGGTGGTCGACTGGCTTCTCCCGGACAGAGAGTGCGAGCACCGGACCCTGTTTATACCGCCCACAGT
Seq_24_LinJ.26_plus,LinJ.26,,676,680,1055294,,,,,234301,234976,,,plus,CGTTCGTCCACGTGCCCATTTCTCTGCCGTGCAGCATGCGCTCCGCTCCGCTCTGCCCCCGGCCCGTCACAGGCCCACCTCCCGTCGTGCGGAGCAGCCGCGCACACAAGCCAGCACGGCAACGCGCCGACACCATCATCTGAGAGCAGGGCCCGCGCACCAAACGCTACCCACACCCGCCTCGCAGCCGCCCGCATTGTGCCGGTTGGCGACTGGTGCGTCCCCCTCGCGGTGGTGCAGGCCCCACACACCCACACCCACACCCACACACACACATGCCAGTGGGCAGTGTGAGGGTCGGCTGTGATGCGCTCGAGTCACGCTGGCACGCCGCCCGTCACATGGATGGCACAACCGAGCTCACGGTCGCAGGTCGCCCCGACGCAGCGCCGCCCAGGACCTGTCCACAGAAATCAGCAGCCATGCATCGCTCTAGCTTCGCTACGTCGTGGGCGCTTGAGTCTGCCGCCACCAGAAGCGGTTCGGCATTTTTGGCAGGGGGATAGAGGAGGGAGGGGTGGAGTCTGATCGGCTCCCTCCCGCGCAGAGGGGGGGGAGGGTGCACTGGACCCTGCTGGCACAACACTCTGGTGTGTGTGTGTGTGTGTGCGTCCACTTACCCCCTCTTGCCATGATGGACACCACCACCGAACACACAAGGAAGGAAACACGCAAA
Seq_25_LinJ.26_plus,LinJ.26,,366,897,1055294,,,,,228580,228945,,,plus,CAGCAGGGTCCAGTGCACCCTCCCCCCCCCTCTGCGCGGGAGGGAGCCGATCAGACTCCACCCCTCCCTCCTCTATCCCCCTGCCAAAAATGCCGAACCGCTTCTGGTGGCGGCAGACTCAAGCGCCTACGACGTAGCGAAGCTAGAGCGATGCATGGCTGCTGATGTCTGTGGACAGGTCCTGGGCGGCGCTGCGTCGGGGCGACCTGCGACCGTGAGCTCGGTTGTGCCATCCATGTGACGGGCGGCGTGCCAGCGTGACTCGAGCGCATCACAGCCGACCCTCACACTGCCCACTGGCATGTGTGCGTGTGTGTGTGGGTGTGGGTGTGTGGGGCCTGCACCACCGCGAGGGGGGCACACCAG
Seq_27_LinJ.26_plus,LinJ.26,,615,574,1055294,,,,,102831,103445,,,plus,CCACCGAGTCCGCCCGGTGCCATTCAACCCAACTCGAACGGCCCCCCTCCCCGCGCCACTCCAGCCCTGGACCTTCACAGACCCGTCCCGTGTGTGGTGCCCATGCAGCCGTAGACACACGCGCGGTACACCAGCGCGCCGGCCCGATCATCGAAGCACCGCCTCGGCCTCATACTCTGCCCACTCACACCTCGGCCCCCGCAGGTCGCCTCGCAGCCGCTCACGTGATGCCCAGTCGCCACCTCGCGCATCCCTCCCCGCCCTCCCCTCGCGGTGGCTCAGCCTCCCCACACCGGTGTGGGGCGTGTGTGGGTCGGGGGTAGGGGTGAGGTACCTTCGAGTCACCCTGATGCTTTGCCTATTCTCATATGGATGCCACAGACGTGCCCACGGTCGCGGGTCGCGCCGACGCAACGCCGCCCCAGGACACGACCGCCGACATCAGCAGCCACACATCGCTCTGGCATCCCTACCTAGGTGGGTGCCTCCCCCTGACACCACCAGCAGGGGGGAGGGGGAGGGGCTCGGCATCGGCAGGGAGAGGGGCAGGGGCTGGGGGGGGTCGACTGGCTTCTCCCGCACAGAGAGTGCGAGCGCCGAACCCTGTTTATACCG
Seq_28_LinJ.26_plus,LinJ.26,,594,594,1055294,,,,,1028855,1029448,,,plus,TTTTCTTCTTTCTCATGCTTTTCGCTCCCGCACTGGATAAAGGGTCGAGACAAGGGGCGGCACACTCCTCAGTGCGCGGTGGTATCTCAGGGTCCAGTACCACCACCCTAGGTGCTGAGGCCAAACAGCCCCCCCTCCCCTCCCCCCGACTCTCTAAGCCTGCCGAACCACCTCTGGTGATGACAGGGTCACGTACCAGTGTCATGGGGCAGTCAGAGCGATGTATCACTGCTGATGCCAGCGGTCCGGCCCTGGGTGGCGCTGTGTCGGAGCGACCTGCGACCGTGAGCAGGCGCTTGCACCATCCATGTGATGGGCGAAGTGTCAGAGTGACTCGAAGGTACCTCACCGCCGGCCCTCACGCTGCCCACTCGCGTGGGGAGTGTCCGGGTCACCGCGAGGGGGATGGACCAGGTGGCGACTGGCACAATGGGAGCGGCTGTGAGGCGAGCTGCGAGGCAGAGACCGCGCTCAGGTGACTGAGTCGGCTCATTGCTGTCACGCGGTCCTCTGCAGCTTCGCGCCACGCGCTGGGGCCTGTGACAGGCCGGGCAGCGTGAGCTCACGCCGTATTAGGGGGATGAACACGTTAAA
Seq_29_LinJ.26_plus,LinJ.26,,594,594,1055294,,,,,1009849,1010442,,,plus,TTTTCTTCTTTCTCATGCTTTTCGCGTCCGCACCGGATAAAGGGTCGAGACAAGAGGCGGCACACTCCTCAGTGCGCGGTGGTATCTCAGGGTCCAGTACCACCACCCTAGGTGCTGAGGCCAAACAGCCCCCCCTCCCCTCCCCCCGACTCTCTAAGCCTGCCGAACCACCTCTGGTGATGACAGGGTCACGTACCAGTGTCATGGGGCAGTCAGAGCGATGTATCACTGCTGATGCCAGCGGTCCGGCCCTGGGTGGCGCTGTGTCGGAGCGACCTGCGACCGTGAGCAGGCGCTTGCACCATCCATGTGATGGGCGAAGTGTCAGAGTGACTCGAAGGTACCTCACCGCCGGCCCTCACGCTGCCCACTCGCGTGGGGAGTGTCCGGGTCACCGCGAGGGGGATGGACCAGGTGGCGACTGGCACAATGGGAGCGGCTGTGAGGCGAGCTGCGAGGCAGAGACCGCGCTCAGGTGACTGAGTCGGCTCATTGCTGTCACGCGGTCCTCTGCAGCTTCGCGCCACGCGCTGGGGCCTGTGACAGGCCGGGCAGCGTGAGCTCACGCCGTATTAGGGGGATGAACGCGTTAAA
Seq_30_LinJ.26_plus,LinJ.26,,479,423,1055294,,,,,658919,659397,,,plus,ATCTCGCAGTGCGTGGCATCACAGGGTCCAAGTGCCCCCACACTCTGCGTCGGGGGAGGCCAGGTAGCTCCCCCTCCCCCGTCACCCCTCCCTCCATCCCTGCCCATGCCGAACCACTTCTGGTGGTGGCAGGGCCAGGTGGCTACGACGTTGGGGTGGGGGAGACAGAGCGATGCACCGCCACTGATGTCGGCGGTGAGGCCGTGGATGGCACCGCGTTGGAGCCACCTGCGAAGCGAATGGCGTGCGTGTGGTGTCTGGGTGAGAGGCCGTGCTCTCAGATGGCTGGGCCAGCGCATGGCTGCAGCGCGTGCGTCTACGGCTGCTCGGCACCGTGCGATGGGTGCCGGTGAGGCAGGTCTGCAGGGGGTAGAGCGCCGTTTGGGTTCATGCTGTATGACAGAGAGCGGCTACGTGGAAGAACGAAAAAAGCGGCGCACCACCATCACCGTCTCGCCCTCCTCCCCCTCACTTCGTCG
Seq_31_LinJ.26_plus,LinJ.26,,445,439,1055294,,,,,523994,524438,,,plus,CCATTCCTGCGCCACACAACATGCGCTAAGCTCCACTCTACCGGGCCTGCCACAGGCACCCAGCGCGCGGTGCAACGCAGCCGCAGACACGCATCACAGCAGTGCGCCGACCCAGTCATCTGTGCACGGCCCCTGACCCAAACTCTACCCACCCACCCGCCTCGCAGGGTGGCACTCAGCCTCCCCAGCAGCAGGCAGTGCGAGGGCCGAGCGAGACGCGTTGGTATCACGCTGACGCCTTGCCCATCGCATGGATGGCGCAAGCACGCTCACGGTCGCGGGTCGCACCGGCGCCACGCCGTCCAGGGATTGGCCGCCGGCATCCGTGCCACTGCATCGCACTGACCTCCCCACGTCCTAGGCACCCTGGCCCTGTCACCACCAGGGGTGGTTCGGCAGTGGCTGGGATAGGGAGGGAGGGGGGAGGAGGCTGCTCGGCTTCCCC
Seq_32_LinJ.26_plus,LinJ.26,,556,724,1055294,,,,,726688,727243,,,plus,GCGCACACATCCACTTCCATCTCTCCCTTCCAGGACCTTGTGCTATGCTCTTGGATCTGCCCGCTCTTTTCCTTCTCCTTGATGCGAAAAAGTGCCTTGCCCTCTCGTAAGGGGGGCAAGTCGCAGGTATTCCTTTCGGACGGCCCCCGCCCGCAACGACGTACGGTCGTATATATGCGTGTGGGGCGCGCTAGCTCTCTCGCTCTCCTCCTTGCTTTGAGGAGGATGCCAACTGGTTTTACTACCTTATCTCTGAGTTCCAGTCAGCCCCACCCCGTGCCCCGCCCTCATCGTGCCCGCCGCCGAGGTTCGGCATGCTGGGCAAGGGAATATGAGAGGGGGGTCTCTTGCATTTTCGTAGAGTTCATCCAAAGGATAAGCAGCAGCGCTGTAGGGGAGGGGCACTGAAGCCGGCTTTCCTCCTGCCTCTCGACACCCGACACCTTTGCTAAAGCCGCCTATAACAGGCCAGAAAACGGGGGATGGAACCCCGCAAGCCGATGTGCTCCATCTGCTCTGCTCTCCTCTGATCTTTCCTATCTGTTGCTCTCTCTGA
Seq_33_LinJ.26_plus,LinJ.26,,214,584,1055294,,,,,662266,662479,,,plus,CCGCATCTCCTCTCCCGCAGCTGGTCAGTGGGAATCCGCTCCATCCCCACTGCACTCCAAAGGCCGTGGCTGCGTCGGAATCGTCTCCAGAGAGCGAATGGGGTGGTGCTTCGTCCATCTTGGGAGGGGGCTGCGCACACATCCACTTCCATCTCTCCCTTACAGGGTCTTCTGTTGTGCTCTTGGATCTCTCCGCTCTTCCCTTCCCCATGAG
Seq_35_LinJ.26_plus,LinJ.26,,246,477,1055294,,,,,607652,607897,,,plus,TTTTCCATCAAAGTGTCTATTCCTGCACCACACAACATGCGCTAAGCTCCGCTCTACCGGGTCTGCCACAGGCACCCAGCGCGCGGTGCAACGCAGCCGCAGACACGCATCAAAGCAGTGCCCGCTTTGCCATCGGACCAGGGACTCGCCCGCAAACACTAGCGACACACCTGCCCTTCAGGCCGCCGAACAGCCGCTTCGAGTATGCCGGTCGCCACGTGACACATCGCTCGGGGTAGCCCAGCC
Seq_36_LinJ.26_plus,LinJ.26,,246,477,1055294,,,,,605156,605401,,,plus,TTTTCCATCAAAGTGTCTATTCCTGCACCACACAACATGCGCTAAGCTCCGCTCTACCGGGTCTGCCACAGGCACCCAGCGCGCGGTGCAACGCAGCCGCAGACACGCATCAAAGCAGTGCCCGCTTTGCCATCGGACCAGGGACTCGCCCGCAAACACTAGCGACACACCTGCCCTTCAGGCCGCCGAACAGCCGCTTCGAGTATGCCGGTCGCCACGTGACACATCGCTCGGGGTAGCCCAGCC
Seq_37_LinJ.26_plus,LinJ.26,,622,621,1055294,,,,,533449,534070,,,plus,GCGTTTGCCCACTGCGCGTTGGGCTCTCTGTTGTTTGAGCCATCTCGCTCACCTCTCTCTTGTTCCAGCGAACCTCTTTTCTTGTTTTTTTGGTTGTTTATGTTTTTTTTTCTCATTCTCCTTTCTCCCTCTCGAGGAGGAGAGAGGCCTCACTGTGGGTGGGGAAGCCGAGCAGCCTCCTCCCCCCTCCCTCCCTATCCCAGCCACTGCCGAACCACCCCTGGTGGTGACAGGGCCAGGGTGCCTAGGACGTGGGGAGGTCAGTGCGATGCAGTGGCACGGATGCCGGCGGCCAATCCCTGGACGGCGTGGCGCCGGTGCGACCCGCGACCGTGAGCGTGCTTGCGCCATCCATGCGATGGGCAAGGCGTCAGCGTGATACCAACGCGTCTCGCTCGGCCCTCGCACTGCCTGCTGCTGGGGAGGCTGAGTGCCACCCTGCGAGGCGGGTGGGTGGGTAGAGTTTGGGTCAGGGGCCGTGCACAGATGACTGTGTCGGCGCACTGCTGTGATGCGTGTCTGCGGCTGCGTTGCACCGCGCGCTGGGTGCCTGTGGCAGACCCGGTAGAGCGGAGCTTAGCGCATGTTGTGTGGCGCAGGAATGGACACGTGGAAGCAAAAC
Seq_40_LinJ.26_minus,LinJ.26,,647,1000,1055294,,,,,36371,35725,,,minus,CCACTGTGGGCGGTATAAACAGGGTCCGGTGCTCGCACTCTCTGTCCGGGAGAAGCCAGTCGACCACCCAGCCCCTGCCCCTCTCCCTGCCGATGCCGAGCCCCTCCCCCTCCCCCTGCTGGTGGTGTCAGGGGGAGGCACCCACCTAGGTAGGGATGCCAGAGCGATGTGTGGCTGCTGATGTCGGTGGTCGTGTCCTGGGGCGGCGTTGCGTCGGCGCGACCCGCGACCGTGGGCACGTCTGTGGCATCCATATGAGAATAGGCAAAGTATCAGGGTGACTCGAAGGTACCTCACCCCTACCCCCGACCCACACACGCCCCACACCGGTGTGGGGAGGCTGAGCCACCGCGAGGGGGGGCGGGGAGGGATGCGCGAGGTGGCGACTGGGCATCACGTGAGCGGCTGCGAGGCGACCTGCGGGGGCCGAGGTGTGAGTGGGCAGAGTATGAGGCCGAGGCGGTGCTTCGATGATCGGGCCGGCGCGCTGGTGTACCGCGCGTGTGTCTACGGCTGCATGGGCACCACACACGGGACGGGTCTGTGGCAGGCCGCAGAGGGCCGGGAGGGTAGAGGGACGTTTGACTCCTGCTCTATTGCAGCATGCATATACGGAAGAAGGCGAAAACGAAACGACGACGGGTCCC
Seq_41_LinJ.26_minus,LinJ.26,,621,622,1055294,,,,,129019,128399,,,minus,GTGTGTGGTATAAACAGGGTCCGGTGCTCGCACTCTCTGTCCGGGAGAAGCCAGTCGACCACCCAGCCCCTGCCCCTCTCCCTGCCGATGCCGAGCCCCTCCCCCCCCCTCCCTGCTGGTGGTGTCAGGGGGAGGCACCCACCTAGGTAGGGATGCCAGAGCGATGTGTGGCTGCTGATGTCGGTGGTCGTGTCCTGGGGCGGCGTTGCGTCGGCGCGACCCGCGACCGTGGGCACGTCTGTGGCATCCATATGAGAATAGGCAAAGCATCAGGGTGACTCGAAGGTACCTCACCCCTACCCCCGACCCACACACGCCCCACACCGGTGTGGGGAGGCTGAGCCACCGCGAGGGGGAGGGGCGGGGAGGGATGCGCGAGGTGGCGACTGGGCATCACGTGAGCGGCTGCGAGGCGACCTGCGGGGGCCGAGGTGTGAGTGGACAGAGTATGAGGCCGAGGCGGTGCTTCGATGATCGGGCCGGCGCGCTGGTGTACCGCGCGTGTGTCTACGGCTGCATGGGCACCACACACGGGACGGGTCTGTGAAGGTCCAGGGCTGGAGTGGCGCGGGGAGGGGGGCCGTTCGAGTCGCGTTGAATGGCACCGGGTGGACTCGGTGG
Seq_42_LinJ.26_minus,LinJ.26,,1000,1000,1055294,,,,,605893,604894,,,minus,ATACCGAAGCCACGGGTCCGGGCCGTACAGCTTTTTGATCTCTGCTCCATGTGCCTTCAGCATCTCACGGTTCCGCGTTCTGTGCGTATACTCCGTGTCAGACCAGTAGTAGTCGGCGCGGCCGCTCTTCGCAAACATTTTCGAAATCTACCTCGGTTTTTTTTTTTTGAGGGGCAGTTGTTAAAGTGCCCTCCCAACAGCGTACACCTCAGCGCATGGCATCAGGTCCCAGTTCCCACTCTGTGTCTAGCGAAGCCGAATAGCCCCTATTCTGGGCAATGCTGCGTCATCACTGGTTGTGGTGGGGCTTGGCGCCCTAGGCATCGGGGGCCGGCGGGATGTGTCGCTACTGATGTTTGCGGTCGGCGGCTGGATGGCGCGCCTTTGGGGCAACTTGAAACCGTCAGCGCGCTTGCGCCGCCCATATGATGGGCAGGGCGTTGGCGTGAATCCAATGCATCCCACTCGGCTCTCGCTGCCTACTGGTGGGGAGGCTGGGCTACCCCGAGCGATGTGTCACGTGGCGACCGGCATACTCGAAGCGGCTGTTCGGCGGCCTGAAGGGCAGGTGTGTCGCTAGTGTTTGCGGGCGAGTCCCTGGTCCGATGGCAAAGCGGGCACTGCTTTGATGCGTGTCTGCGGCTGCGTTGCACCGCGCGCTGGGTGCCTGTGGCAGACCCGGTAGAGCGGAGCTTAGCGCATGTTGTGTGGTGCAGGAATAGACACTTTGATGGAAAAAAAAAACTTCTTGTAAGGCACAGAAAAATAGCGGATTTGGAAAAATATTGCTCTTCTTTTTCATATATTCCAAGTGGACTAAGCGCGGCCTAAAAAGTACCTAACCAAAAAACTTGTGTGTGTGTGTGTCTTTGTGTGTCGATGGACGAGAGTCAGGAAGGTAGCAGGAGAAAGCATAAGAAAGGGCATAGAGTAAGAAAAGTTAGGCGAATGAGAAGCACAAGTCAATAAACTTTGCTTTCCTATTACAAAGCAGCTGTTT
Seq_43_LinJ.26_minus,LinJ.26,,1000,1000,1055294,,,,,608389,607390,,,minus,ATACCGAAGCCACGGGTCCGGGCCGTACAGCTTTTTGATCTCTGCTCCATGTGCCTTCAGCATCTCACGGTTCCGCGTTCTGTGCGTATACTCCGTGTCAGACCAGTAGTAGTCGGCGCGGCCGCTCTTCGCAAACATTTTCGAAATCTACCTCGGTTTTTTTTTTTTGAGGGGCAGTTGTTAAAGTGCCCTCCCAACAGCGTACACCTCAGCGCATGGCATCAGGTCCCAGTTCCCACTCTGTGTCTAGCGAAGCCGAATAGCCCCTATTCTGGGCAATGCTGCGTCATCACTGGTTGTGGTGGGGCTTGGCGCCCTAGGCATCGGGGGCCGGCGGGATGTGTCGCTACTGATGTTTGCGGTCGGCGGCTGGATGGCGCGCCTTTGGGGCAACTTGAAACCGTCAGCGCGCTTGCGCCGCCCATATGATGGGCAGGGCGTTGGCGTGAATCCAATGCATCCCACTCGGCTCTCGCTGCCTACTGGTGGGGAGGCTGGGCTACCCCGAGCGATGTGTCACGTGGCGACCGGCATACTCGAAGCGGCTGTTCGGCGGCCTGAAGGGCAGGTGTGTCGCTAGTGTTTGCGGGCGAGTCCCTGGTCCGATGGCAAAGCGGGCACTGCTTTGATGCGTGTCTGCGGCTGCGTTGCACCGCGCGCTGGGTGCCTGTGGCAGACCCGGTAGAGCGGAGCTTAGCGCATGTTGTGTGGTGCAGGAATAGACACTTTGATGGAAAAAAAAAACTTCTTGTAAGGCACAGAAAAATAGCGGATTTGGAAAAATATTGCTCTTCTTTTTCATATATTCCAAGTGGACTAAGCGCGGCCTAAAAAGTACCTAACCAAAAAACTTGTGTGTGTGTGTGTCTTTGTGTGTCGATGGACGAGAGTCAGGAAGGTAGCAGGAGAAAGCATAAGAAAGGGCATAGAGTAAGAAAAGTTAGGCGAATGAGAAGCACAAGTCAATAAACTTTGCTTTCCTATTACAAAGCAGCTGTTT
Seq_44_LinJ.26_minus,LinJ.26,,551,551,1055294,,,,,988224,987674,,,minus,AACGCGTTCATCCCCCTAATACGGCGTGAGCTCACGCTGCCCGGCCTGTCACAGGCCCCAGCGCGTGGCGCGAAGCTGCAGAGGACCGCGTGACAGCAATGAGCCGACTCAGTCACCTGAGCGCGGTCTCTGCCTCGCAGCTCGCCTCACAGCCGCTCCCATTGTGCCAGTCGCCACCTGGTCCATCCCCCTCGCGGTGACCCGGACACTCCCCACGCGAGTGGGCAGCGTGAGGGCCGGCGGTGAGGTACCTTCGAGTCACTCTGACACTTCGCCCATCACATGGATGGTGCAAGCGCCTGCTCACGGTCGCAGGTCGCTCCGACACAGCGCCACCCAGGGCCGGACCGCTGGCATCAGCAGTGATACATCGCTCTGACTGCCCCATGACACTGGTACGTGACCCTGTCATCACCAGAGGTGGTTCGGCAGGCTTAGAGAGTCGGGGGGAGGGGAGGGGGGGCTGTTTGGCCTCAGCACCTAGGGTGGTGGTACTGGACCCTGAGATACCACCGCGCACTGAGGAGTGTGCCGCCCCTTGCCCCGACCCC
Seq_45_LinJ.26_minus,LinJ.26,,595,595,1055294,,,,,1010442,1009848,,,minus,TTTAACGCGTTCATCCCCCTAATACGGCGTGAGCTCACGCTGCCCGGCCTGTCACAGGCCCCAGCGCGTGGCGCGAAGCTGCAGAGGACCGCGTGACAGCAATGAGCCGACTCAGTCACCTGAGCGCGGTCTCTGCCTCGCAGCTCGCCTCACAGCCGCTCCCATTGTGCCAGTCGCCACCTGGTCCATCCCCCTCGCGGTGACCCGGACACTCCCCACGCGAGTGGGCAGCGTGAGGGCCGGCGGTGAGGTACCTTCGAGTCACTCTGACACTTCGCCCATCACATGGATGGTGCAAGCGCCTGCTCACGGTCGCAGGTCGCTCCGACACAGCGCCACCCAGGGCCGGACCGCTGGCATCAGCAGTGATACATCGCTCTGACTGCCCCATGACACTGGTACGTGACCCTGTCATCACCAGAGGTGGTTCGGCAGGCTTAGAGAGTCGGGGGGAGGGGAGGGGGGGCTGTTTGGCCTCAGCACCTAGGGTGGTGGTACTGGACCCTGAGATACCACCGCGCACTGAGGAGTGTGCCGCCTCTTGTCTCGACCCTTTATCCGGTGCGGACGCGAAAAGCATGAGAAAGAAGAAAAA
Seq_46_LinJ.26_minus,LinJ.26,,595,595,1055294,,,,,1029448,1028854,,,minus,TTTAACGTGTTCATCCCCCTAATACGGCGTGAGCTCACGCTGCCCGGCCTGTCACAGGCCCCAGCGCGTGGCGCGAAGCTGCAGAGGACCGCGTGACAGCAATGAGCCGACTCAGTCACCTGAGCGCGGTCTCTGCCTCGCAGCTCGCCTCACAGCCGCTCCCATTGTGCCAGTCGCCACCTGGTCCATCCCCCTCGCGGTGACCCGGACACTCCCCACGCGAGTGGGCAGCGTGAGGGCCGGCGGTGAGGTACCTTCGAGTCACTCTGACACTTCGCCCATCACATGGATGGTGCAAGCGCCTGCTCACGGTCGCAGGTCGCTCCGACACAGCGCCACCCAGGGCCGGACCGCTGGCATCAGCAGTGATACATCGCTCTGACTGCCCCATGACACTGGTACGTGACCCTGTCATCACCAGAGGTGGTTCGGCAGGCTTAGAGAGTCGGGGGGAGGGGAGGGGGGGCTGTTTGGCCTCAGCACCTAGGGTGGTGGTACTGGACCCTGAGATACCACCGCGCACTGAGGAGTGTGCCGCCCCTTGTCTCGACCCTTTATCCAGTGCGGGAGCGAAAAGCATGAGAAAGAAGAAAAC
Seq_47_LinJ.26_minus,LinJ.26,,446,434,1055294,,,,,570333,569888,,,minus,CCGTTACTGCTTCATACAACGTGCGCTAAGCTCCACTCTTCCGGGCCTGCCACAGGCACCCAGCGCGCGGTGCAACGCAGCCGCAGACACGCATCACAGCAGTGCGCCGACACAGTCATCTGTGCACGGCCCCTGACCCAAACTCTACCCACCCACCCGCCTCGCAGGGTGGCACTCAGCCTCCCCAGCAGCAGGCAGTGCGAGGGCCGAGCGAGACGCGTTGGTATCACGCTGACGCCTTGCCCATCGCATGGATGGCGCAAGCACGCTCACGGTCGCGGGTCGCACCGGCGCCACGCCGTCCAGGGATTGGCCGCCGGCATCCGTGCCACTGCATCGCACTGACCTCCCCACGTCCTAGGCACCCTGGCCCTGTCACCACCAGGGGGTGGTTCGGCAGTGGCTGGGATAGGGAGGGAGGGGGGAGGAGGCTGCTCGGCTTCCCC
Seq_52_LinJ.26_minus,LinJ.26,,575,575,1055294,,,,,51663,51089,,,minus,TGTGACGGACAGCCCCCCTCTGTGGGCGGTATAAACAGGGTCCGGTGCTCGCACTCTCTGTCCGGGAGAAGCCAGTCGACCACCCAGCCCCTGCCCCTCTCCCTGCCGATGCCGAGCCCCTCCCCCTCCCCCCTGCTGGTGGTGTCAGGGGGAGGCACCCACCTAGGTAGGGATGCCAGAGCGATGTGTGGCTGCTGATGTCGGCGGTCGTGTCCTGGGGCGGCGTTGCGTCGGCGCGACCCGCGACCGTGGGCACGTCTGTGGCATCCATATGAGAATAGGCAAAGCATCAGGGTGACTCGAAGGTACCTCACCCCTACCCCCGACCCACACACGCCCCACACCGGTGTGGGGAGGCTGAGCCACCGCGAGGGGAGGGCGGGGAGGGATGCGCGAGGTGGCGACTGGGCATCACGTGAGCGGCTGCGAGGCGACCTGCGGGGGCCGAGGTGTGAGTGGGCAGAGTATGAGGCCGAGGCGGTGCTCCGATGATCGGGCCGGCGCGCTGGTGTAGCGCGCGTGTCTACGGCTGCATGGGCACCACACACGGGACGGGTCTGTGAGGCTCCACGGCC
Seq_53_LinJ.26_minus,LinJ.26,,646,1000,1055294,,,,,47609,46964,,,minus,CCTCTGTGGGCGGTATAAACAGGGTCCGGTGCTCGCACTCTCTGTCCGGGAGAAGCCAGTCGACCACCCAGCCCCTGCCCCTCTCCCTGCCGATGCCGAGCCCCTCCCCCCTCCCTGCTAGTGGTGTCAGGGGGAGGCACCCACCTAGGTAGGGATGCCAGAGCGATGTGTGGCTGCTGATGTCGGTGGTCGTGTCCTGGGGCGGCGTTGCGTCGGCGCGACCCGCGACCGTGGGCACGTCTGTGGCATCCATATGAGAATAGGCAAAGTATCAGGGTGACTCGAAGGTACCTCACCCCTACCCCCGACCCACACACGCCCCACACCGGTGTGGGGAGGCTGAGCCACCGCGAGGGGGGGCGGGGAGGGATGCGCGAGGTGGCGACTGGGCATCACGTGAGCGGCTGCGAGGCGACCTGCGGGGGCCGAGGTGTGAGTGGACAGAGTATGAGGCCGAGGCGGTGCTTCGATGATCGGGCCGGCGCGCTGGTGTACCGCGCGTGTGTCTACGGCTGCATGGGCACCACACACGGGACGGGTCTGTGGCAGGCCGCAGAGGGCCGGGAGGGTAGAGGGACGTTTGACTCCTGCTCTATTGCAGCATGCATATACGGAAGAAGGCGAAAACGAAACGACGACGAGTCCC
Seq_54_LinJ.26_minus,LinJ.26,,493,1000,1055294,,,,,271240,270748,,,minus,CCCTCCCTCCTCTATCCCCCTGCCAAAAATGCCGAACCGCTTCTGGTGGCGGCAGACTCAAGCGCCCACGACGTAGCGAAGCTAGAGCGATGCATGGCTGCTGATGTCTGTGGACAGGTCCTGGGCGGCGCTGCGTCGGGGCGACCTGCGACCGTGAGCTCGGTTGTGCCATCCATGTGACGGGCGGCGTGCCAGCGTGACTCGAGCGCATCACAGCCGACCCTCACACTGCCCACTGGCATGTGTGTGTGTGGGTGTGGGTGTGTGGGGCCTGCACCACCGCGAGGGGGACGCACCAGTCGCCAACCGGCACAATGCGGGCGGCTGCGAGGCGGGTGTGGGTAGCGTTTGGTGCGCGGGCCCTGCTCTCAGATGATGGTGTCGGGGCGTTGCCGTGCTGGCTTGTGTGCGCGGCTGCTTCGCACGACGGGAGGTGGGCCTGTGACGGGCCGGGGGCAGAGCGGAGCGGAGCGCATGCTGCACGGCAGAGAAA
Seq_55_LinJ.26_minus,LinJ.26,,498,1000,1055294,,,,,169332,168835,,,minus,CCCTCCCTCCTCTATCCCCCTGCCAAAAATGCCGAACCGCTTCTGGTGGCGGCAGACTCAAGCGCCTACGACGTAGCGAAGCTAGAGCGATGCATGGCTGCTGATGTCTGTGGACAGGTCCTGGGCGGCGCTGCGTCGGGGCGACCTGCGACCGTGAGCTCGGTTGTGCCATCCATGTGACGGGCGGCGTGCCAGCGTGACTCGAGCGCATCACAGCCGACCCTCACACTGCCCACTGGCATGTGTGCGTGTGTGTGTGGGTGTGGGTGTGTGGGGCCTGCACCACCGCGAGGGGGACGCACCAGTCGCCAACCGGCACAATGCGGGCGACTGCGAGGCGGGTGTGGGTAGCGTTTGGTGCGCGGGCCCTGCTCTCAGATGATGGTGTCGGCGCGTTGCCGTGCTGGCTTGTGTGCGCGGCTGCTTCGCACGACGGGACGTGGGTCTGTGACGGGCCGGGGGCAGAGCGGAGCTAAGTGGATGTTGCGTGGCAGAGAA
Seq_56_LinJ.26_minus,LinJ.26,,621,575,1055294,,,,,103450,102830,,,minus,GTGGGCGGTATAAACAGGGTTCGGCGCTCGCACTCTCTGTGCGGGAGAAGCCAGTCGACCCCCCCCAGCCCCTGCCCCTCTCCCTGCCGATGCCGAGCCCCTCCCCCTCCCCCCTGCTGGTGGTGTCAGGGGGAGGCACCCACCTAGGTAGGGATGCCAGAGCGATGTGTGGCTGCTGATGTCGGCGGTCGTGTCCTGGGGCGGCGTTGCGTCGGCGCGACCCGCGACCGTGGGCACGTCTGTGGCATCCATATGAGAATAGGCAAAGCATCAGGGTGACTCGAAGGTACCTCACCCCTACCCCCGACCCACACACGCCCCACACCGGTGTGGGGAGGCTGAGCCACCGCGAGGGGAGGGCGGGGAGGGATGCGCGAGGTGGCGACTGGGCATCACGTGAGCGGCTGCGAGGCGACCTGCGGGGGCCGAGGTGTGAGTGGGCAGAGTATGAGGCCGAGGCGGTGCTTCGATGATCGGGCCGGCGCGCTGGTGTACCGCGCGTGTGTCTACGGCTGCATGGGCACCACACACGGGACGGGTCTGTGAAGGTCCAGGGCTGGAGTGGCGCGGGGAGGGGGGCCGTTCGAGTTGGGTTGAATGGCACCGGGCGGACTCGGTGGC
Seq_57_LinJ.26_minus,LinJ.26,,452,1001,1055294,,,,,1000172,999721,,,minus,GGTGCAGTTCGGGGCGCTCTCGTCGGGCTTCCCGCGCATGTCGCACGCACGCACTCTTGGGGGCTGGTTCATATGCACCCCCTCGCGTCTCTTGCGTCTATCACGCGTGCGCCCCTCCCCTCTGCATGCCGTGCTTCGATGCGATGCACCATGCAAGCTGTGGTCGGCGGCGCCTGCGCAGAGACAGCCCCTGGCACGCCCTCCCCTGAGGGGTCGTACAGGGAGGCAGCGCTGGACACTCGGCGGGGCAGGCGCACGCGCCGCGAGTGAGACGAGGCGCGCTCTCAGCCTCGACCCATCCGCCAACCTCGCCTCGCATGCCGGGCACAACGCCAGGCCGGACCCCCTCACAGCAAGCACAGGCGGGGGCGGGGGAGGGGCACGCCACAACGCGAGCGCAGTGACAGGCAGCACACCGTCTTCACGCCACGCTGCCGCTGCGAGTCACCCGT
Seq_58_LinJ.26_minus,LinJ.26,,143,144,1055294,,,,,603397,603255,,,minus,ATACCGAAGCCACGGGTCCGGGCCGTACAGCTTTTTGATCTCTGCTCCATGTGCCTTCAGCATCTCACGGTTCCGCGTTCTGTGCGTATACTCCGTGTCAGACCAGTAGTAGTCGGCGCGGCCGCGCTTCGCAAACATTGTCG
Seq_60_LinJ.26_minus,LinJ.26,,439,439,1055294,,,,,705158,704720,,,minus,TCTGCCACGTATTCGCTCTCTGTCATACAGCATGAACCCAAACGGCGCTCTACCCCCTGCAGACCTGCCCCACCGGCACCCATCGCACGGTGCCGAGCAGCCGTAGACGCACGCGCTGCAGCCATGCGCTGGCCCAGCCATCTGAGAGCACGGCCTCTCACCCAGACACCACACGCACGCCATTCGCTTCGCAGGTGGCTCCAACGCGGTGCCATCCACGGCCTCACCGCCGACATCAGTGGCGGTGCATCGCTCTGTCTCCCCCACCCCAACGTCGTAGCCACCTGGCCCTGCCACCACCAGAAGTGGTTCGGCATGGGCAGGGATGGAGGGAGGGGTGACGGGGGAGGGGGAGCTACCTGGCCTCCCCCGACGCAGAGTGTGGGGGCACTTGGACCCTGTGATGCCACGCACTGCGAGATGCGTATCCGCCCCTCCT
Seq_61_LinJ.26_minus,LinJ.26,,479,480,1055294,,,,,689661,689183,,,minus,CGACGAAGTGAGGGGGAGGAGGGCGAGACGGTGATGGTGGTGCGCCGCTTTTTTCGTTCTTCCACGTAGCCGCTCTCTGTCATACAGCATGAACCCAAACGGCGCTCTACCCCCTGCAGACCTGCCTCACCGGCACCCATCGCACGGTGCCGAGCAGCCGTAGACGCACGCGCTGCAGCCATGCGCTGGCCCAGCCATCTGAGAGCACGGCCTCTCACCCAGACACCACACGCACGCCATTCGCTTCGCAGGTGGCTCCAACGCGGTGCCATCCACGGCCTCACCGCCGACATCAGTGGCGGTGCATCGCTCTGTCTCCCCCACCCCAACGTCGTAGCCACCTGGCCCTGCCACCACCAGAAGTGGTTCGGCATGGGCAGGGATGGAGGGAGGGGTGACGGGGGAGGGGGAGCTACCTGGCCTCCCCCGACGCAGAGTGTGGGGGCACTTGGACCCTGTGATGCCACGCACTGCGAGAT
Seq_63_LinJ.26_minus,LinJ.26,,479,480,1055294,,,,,659397,658919,,,minus,CGACGAAGTGAGGGGGAGGAGGGCGAGACGGTGATGGTGGTGCGCCGCTTTTTTCGTTCTTCCACGTAGCCGCTCTCTGTCATACAGCATGAACCCAAACGGCGCTCTACCCCCTGCAGACCTGCCTCACCGGCACCCATCGCACGGTGCCGAGCAGCCGTAGACGCACGCGCTGCAGCCATGCGCTGGCCCAGCCATCTGAGAGCACGGCCTCTCACCCAGACACCACACGCACGCCATTCGCTTCGCAGGTGGCTCCAACGCGGTGCCATCCACGGCCTCACCGCCGACATCAGTGGCGGTGCATCGCTCTGTCTCCCCCACCCCAACGTCGTAGCCACCTGGCCCTGCCACCACCAGAAGTGGTTCGGCATGGGCAGGGATGGAGGGAGGGGTGACGGGGGAGGGGGAGCTACCTGGCCTCCCCCGACGCAGAGTGTGGGGGCACTTGGACCCTGTGATGCCACGCACTGCGAGAT
Seq_65_LinJ.26_minus,LinJ.26,,476,636,1055294,,,,,717410,716935,,,minus,AGAGGGCCATACCGGCAGGATTCGAAGGCGTCTTTAGCACAAGGGGAGAGACAGGTGCATATGTCTGCGCTTGCATGCTGACGAGAGTGCGTTGCTACCCGTCCTTCCTCCTTCCTGCCCCACAGGGTGCAGGCACGAAGGGGGTCGGGGGTGGGCGGGGCCGACCATGAAGACGTGGACACTGGCGATGACGAGAGAGAGAAGAGGTCCATGAGATCACCTGGCGACCCTTTTCGAAGAGAAAATGGGAGCGAGAGGCAGCAGTGGCGGGCATATCGACCGCCTCTGAGATCTCGCCGCACCGCGATGTCTTGAGGGAGGCGTGCAGGGGCGAGGCACTCAGCAGCTCGAATGCCGGAGGGGCCGGCGCACACTCACTCGCCGGCCGAGGGGAGAAGCGAAAAAGTTAAGGAGGGGAGACAGAGAGCGCGCGAATGCGTTGCCCGCCTTCGCTCCTCAAAGCGTGCCTTCACCAT
Seq_66_LinJ.26_minus,LinJ.26,,438,480,1055294,,,,,683610,683173,,,minus,TCTGCCACGTATTCGCTCTCTGTCATACAGCATGAACCCAAACGGCGCTCTACCCCCTGCAGACCTGCCCCACCGGCACCCATCGCACGGTGCCGAGCAGCCGTAGACGCACGCGCTGCAGCCATGCGCTGGCCCAGCCATCTGAGAGCACGGCCTCTCACCCAGACACCACACGCACGCCATTCGCTTCGCAGGTGGCTCCAACGCGGTGCCATCCACGGCCTCACCGCCGACATCAGTGGCGGTGCATCGCTCTGTCTCCCCCACCCCAACGTCGTAGCCACCTGGCCCTGCCACCACCAGAAGTGGTTCGGCATGGGCAGGGATGGAGGGAGGGGTGACGGGGGAGGGGGAGCTACCTGGCCTCCCCCGACGCAGAGTGTGGGGGCACTTGGACCCTGTGATGCCACGCACTGCGAGATGCGTGGCTGCCCCTCC
Seq_67_LinJ.26_minus,LinJ.26,,434,434,1055294,,,,,620811,620378,,,minus,TTCTTTCCCATGGCACGTGTCCATTCCTGCTTCATACAACATGCGCCAAGCTCCACTCTTCCGGGTCTGTCACAGGCACCCAGCGCGCGGTGCAACGCAGCCGCAGACACGCATCACAGCAGTGCGCCGACTCAGTCATCTGTGCACGGCCCCTGACCCAAACTCTACCCACCCACCCGCCTCGCAGGGTGGCACTCAGCCTCCCCAGCAGCAGGCAGTGCGAGGGCCGAGCGAGACGCGTTGGTATCACGCTGACGCCTTGCCCATCGCATGGATGGCGCAAGCACGCTCACGGTCGCGGGTCGCACCGGCGCCACGCCGTCCAGGGATTGGCCGCCGGCATCCGTGCCACTGCATCGCACTGACCTCCCCACGTCCTAGGCACCCTGGCCCTGTCACCACCAGGGGTGGTTCGGCAGTGGCTGGGATAGGGG
Seq_68_LinJ.26_minus,LinJ.26,,464,1000,1055294,,,,,599831,599368,,,minus,GCCCCTTTCCTGGGCAATGCTGCGTCACCACTGGTTGTGGTGGGGCTTGGCGCCCTAGGCATCGGGGGCCGGCGGGATGTGTCGCTACTGATGTTTGCGGTCGGCGGCTGGATGGCGCGCCTTTGGGGCAACTTGAAACCGTCAGCGCGCTTGCGCCGCCCATATGATGGGCAGGGCGTTGGCGTGAATCCAATGCATCCCACTCGGCTCTCGCTGCCTACTGGTGGGGAGGCTGGGCTACCCCGAGCGATGTGTCACGTGGCGACCGGCATACTCGAAGCGGCTGTTCGGCGGCCTGAAGGGCAGGTGTGTCGCTAGTGTTTGCGGGCGAGTCCCTGGCCCGATGAAAAGCGGGCGCTGCTGTGATGCGTGTCTGCGGCTGCGTTGCACCGCGCGCTGGGTGCCTGTGGCAGACCCGGTAGAGCGGAGCTTAGCGCATGTTGTGTGGCGCAGGAATGGACACG
Seq_69_LinJ.26_minus,LinJ.26,,242,286,1055294,,,,,242,1,,,minus,GGTTAGGGTGAGGGTTAGGGTTAGGGTTTTTTTCTCCACTGATTCCTTGCACAGCGACACCCTCTCCAACAGGACGGGGGCGTGACGGTGTACTGGTGTACTGGTGTACTGGTGTAGTGTACTGGTGTACTTGGTGTACTGGTGTACTGGTGTACTGGTGTAGGTGTACTGGGGGTGTACTGGTGTACTCTGGTGTACTTGGTGTACTGGTGTACTGGTGTACTGGTGTACTGGTGTACTGG
Seq_70_LinJ.26_minus,LinJ.26,,685,643,1055294,,,,,1024168,1023484,,,minus,GGTGCAGTTCGGGGCGCTCTCGTCGGGCTTCCCGCGCATGTCGCACGCACGCACTCTTGGGGGCTGGTTCATATGCACCCCCTCGCGTCTCTTGCGTCTATCACGCGTGCGCCCCTCCCCTCTGCATGCCGTGCTTCGATGCGATGCACCATGCAAGCTGTGGTCGGCGGCGCCTGCGCAGAGACAGCCCCTGGCACGCCCTCCCCTGAGGGGTCGTACAGGGAGGCAGCGCTGGACACTCGGCGGGGCAGGCGCACGCGCCGCGAGTGAGACGAGGCGCGCTCTCAGCCTCGACCCATCCGCCAACCTCGCCTCGCATGCCGGGCACAACGCCAGGCCGGACCCCCTCACAGCAAGCACAGGCGGGGGCGGGGGAGGGGCACGCCACAACGCGAGCGCAGTGACAGGCAGCACACCGTCTTCACGCCACGCTGCCGCTGCGAGTCACCCGCCGCTGCGCGAAGCCAAAGTACGCGCAGGCGCCCGTGCCGAGCTGGGCGAGGATGGTCTCCGCTCATCTCACACGCTCAAGGCCGCTGTTCCTCCGCAGTGCTGGACGGCGGCCGCCAAGGAGCTCTCGTCTCAGCGTGTCGCACGGTTTCGCGGGATGTCGGCCTCGCGTCTGCGAGCTCTGGCCAGGGTCCGTTCTCCCTGCAGCTGGCGCCGGCTCCTCTGGCGTTGCCGG
Seq_71_LinJ.26_minus,LinJ.26,,685,643,1055294,,,,,989459,988775,,,minus,GGTGCAGTTCGGGGCGCTCTCGTCGGGCTTCCCGCGCATGTCGCACGCACGCACTCTTGGGGGCTGGTTCATATGCACCCCCTCGCGTCTCTTGCGTCTATCACGCGTGCGCCCCTCCCCTCTGCATGCCGTGCTTCGATGCGATGCACCATGCAAGCTGTGGTCGGCGGCGCCTGCGCAGAGACAGCCCCTGGCACGCCCTCCCCTGAGGGGTCGTACAGGGAGGCAGCGCTGGACACTCGGCGGGGCAGGCGCACGCGCCGCGAGTGAGACGAGGCGCGCTCTCAGCCTCGACCCATCCGCCAACCTCGCCTCGCATGCCGGGCACAACGCCAGGCCGGACCCCCTCACAGCAAGCACAGGCGGGGGCGGGGGAGGGGCACGCCACAACGCGAGCGCAGTGACAGGCAGCACACCGTCTTCACGCCACGCTGCCGCTGCGAGTCACCCGCCGCTGCGCGAAGCCAAAGTACGCGCAGGCGCCCGTGCCGAGCTGGGCGAGGATGGTCTCCGCTCATCTCACACGCTCAAGGCCGCTGTTCCTCCGCAGTGCTGGACGGCGGCCGCCAAGGAGCTCTCGTCTCAGCGTGTCGCACGGTTTCGCGGGATGTCGGCCTCGCGTCTGCGAGCTCTGGCCAGGGTCCGTTCTCCCTGCAGCTGGCGCCGGCTCCTCTGGCGTTACCGA
Seq_73_LinJ.26_plus,LinJ.26,,752,475,1055294,,,,,598730,599481,,,plus,CGCCACAAGCCACCCAGAGATCGGCCGCCGGCATCCGTGCCACTGCATCGCACTGACCTCCCCACGTCCTAGGCACCCTGGCCCTGTCACCACCAGGGGGTGGTTCGGCAGTGGCTGGGATAGGGAGGGAGGGGGGAGGAGGCTGCTCGGCTTCCCCACCCAAAGTGAGGCCTCTCTCCTCCTCGAGAGGGAGAAAGGAGAATGAGAAGGAAAAACATAAACAACCAAAAAAAACAAGAAAAGAGGTTCGCTGGAACAAGAGAGAGGTGAGCGAGATGGCTCAAACAACAGAGAGCCCAACGCGCAGTGGGAACACGCGGACGCAGAGGACGGGAGCCCGTGCAAGGAAGGCAGGAGCAAAACAAAACGGAAGGTCCGAAGAGAGCGAGCAATGTAGCAACGAGGAGGAGCGGCAGAGTGAGGAGGAGTCGGGCACGCGCACCCCCACACCCACGCACACGCGCATAAATCACAAGGGGGAATCACATAATAGTGTGGTGCCCTGGCACGTCTGCAACTTTGCCGCCGGCGCGTCCGCATGCCTCTGCGTGTGCACATGCACCGGCAAAAAAAGGGGTCCGGCGGAAGCGAACGCGCACATGTCCGCACATTATAAACCATTTTGCGTTTTGCTTCCACGTGTCCATTCCTGCGCCACACAACATGCGCTAAGCTCCGCTCTACCGGGTCTGCCACAGGCACCCAGCGCGCGGTGCAACGCAGCCGCAGACACGCATCACAGCAGCGCCCGC
Seq_75_LinJ.26_plus,LinJ.26,,507,529,1055294,,,,,270735,271241,,,plus,GTCAGCGTGTCCATTTCTCTGCCGTGCAGCATGCGCTCCGCTCCGCTCTGCCCCCGGCCCGTCACAGGCCCACCTCCCGTCGTGCGAAGCAGCCGCGCACACAAGCCAGCACGGCAACGCCCCGACACCATCATCTGAGAGCAGGGCCCGCGCACCAAACGCTACCCACACCCGCCTCGCAGCCGCCCGCATTGTGCCGGTTGGCGACTGGTGCGTCCCCCTCGCGGTGGTGCAGGCCCCACACACCCACACCCACACACACACATGCCAGTGGGCAGTGTGAGGGTCGGCTGTGATGCGCTCGAGTCACGCTGGCACGCCGCCCGTCACATGGATGGCACAACCGAGCTCACGGTCGCAGGTCGCCCCGACGCAGCGCCGCCCAGGACCTGTCCACAGACATCAGCAGCCATGCATCGCTCTAGCTTCGCTACGTCGTGGGCGCTTGAGTCTGCCGCCACCAGAAGCGGTTCGGCATTTTTGGCAGGGGGATAGAGGAGGGAGGGA
Seq_79_LinJ.26_minus,LinJ.26,,753,490,1055294,,,,,534695,533943,,,minus,CGCCACGCCGTCCAGGGATTGGCCGCCGGCATCCGTGCCACTGCATCGCACTGACCTCCCCACGTCCTAGGCACCCTGGCCCTGTCACCACCAGGGGGTGGTTCGGCAGTGGCTGGGATAGGGAGGGAGGGGGGAGGAGGCTGCTCGGCTTCCCCACCCACAGTGAGGCCTCTCTCCTCCTCGAGAGGGAGAAAGGAGAATGAGAAAAAAAAAACATAAACAACCAAAAAAACAAGAAAAGAGGTTCGCTGGAACAAGAGAGAGGTGAGCGAGATGGCTCAAACAACAGAGAGCCCAACGTGCAGTGGGAACACGCGGACGCAGAGGACGGGAGCCCATGCAAGGAAGGCAGGAGCAAAACAAAACGGAAGGTCCGAAGAGAGCGAGCAATGTAGCAACGAGGAGGAGCGGCAGAGTGAGGAGGAGTCGGGCACGCGCACCCCCACACCCACGCACACGCGCATAAATCACAAGGGGGAATCACATAATAGTGTGGTGCCCTGGCACGTCTCAGACTTTGCCGCCGGCGCGTCCGCATGCCTCTGCGTGTGCACATGCACCGGCAAAAAAAAGGGGTCCGGCGGAAGCGAACGCGCACATGTCCGCACATTATAAACCATTTTGCGTTTTGCTTCCACGTGTCCATTCCTGCGCCACACAACATGCGCTAAGCTCCGCTCTACCGGGTCTGCCACAGGCACCCAGCGCGCGGTGCAACGCAGCCGCAGACACGCATCACAGCAGTGCGCCGAC
Seq_80_LinJ.26_minus,LinJ.26,,476,635,1055294,,,,,502485,502010,,,minus,AGAGGGCCATACCGGCAGGATTCGAAGGCGTCTTTAGCACAAGGGGACAGACAGGTGCATATGTCTGCGCTTGCATGCTGACGAGAGTGCGTTGCTACCCGTCCTTCCTCCTTCCTGCCCCACAGGGTGCAGGCACGAAGGGGGTCGGGGGTGTGCGGGGCCGACCATGAAGACGTGGACACTGGCGATGACGAGAGAGAGAAGAGGTCCATGAGATCACCTGGCGACCCTTTTCGAAGAGAAAATGGGAGCGAGAGGCAGCAGTGGCGGGCATATCGACCGCCTCTGAGATCTCGCCGCACCGCGATGTCTTGAGGGAGGCGTGCAGGGGCGAGGCACTCAGCAGCTCGAATGCCGGAGGGGCCGCCGCACACTCACTCGCCGGCCGAGGGGAGAAGCGAAAAAGTTAAGGAGGGGAGACAGAGAGCGCGCGAATGCGTTGCCCGCCTTCGCTCCTCAAAGCGTGCCTTCACCAC
