Seq_2_LinJ.13_plus,LinJ.13,,468,1000,659809,,,,,599506,599973,,,plus,CACCTCACCGTCGTATCACAGGGTCCGGGGACCCTACTCTGCGTGTGTGTGTGTGTGGGTGGGAAGCCAAAGCAGCCGTCTCCCCCCCCCCTCTATCCCCCTGCCCCTGCCGGGCCACTTCTGGTGGTGACGGGGGTTCCCGTGCCCACGACGCAGAGAGGCCAGAGCGACCTGCGACAGCGCACACGCTTGTGTCATCCATGTGATGGGCGAAGCCTCCGCGTGACTCGAGCGCATCCCGCCCGACGCTCACTGCCTACTGGTGTGTGTGCGTGGGGTGGGTGGGTGGGGGCCCTGGGACACCCCCGAGGGGCGCAGCAGGTGGCGACCGGCAGAGAGGGTCTGCTTAGAGTGTGAGGCGGCGGCCGTGCTCAGCTGACTGAGTCGGCGCACTGCTGTGCCGGCGTGTGTCTGCTGCTGCCTCTGCGCACGGCGCGGATGTGCGGGGTGGGGGTGCAGTGTGGCGTC
Seq_3_LinJ.13_plus,LinJ.13,,263,1000,659809,,,,,258281,258543,,,plus,CATCTCTGATGGCAGGGAGAGGACACACCTTTCCGTGCGTCGTATCTCAGGGCCCAGCGCACCCCCTCCCCTCCCCCTCCCATCTCTCTCTGTGTGTGGGAGGGAGGCCAAGCAGCACCCCTCCAGCCCTGGCAAATGCCGAGCGACTTCGGGTGGTGTGACGGGGTCAAGCGCCCACGATATGGGGAGGTCAGAGCGATGTATCCGCTGCTGATGGCGGCGGTGGGGCCCCTTGGAGAGCTTGGCGCCGTCGCGACCTGCGG
Seq_4_LinJ.13_plus,LinJ.13,,321,314,659809,,,,,170559,170879,,,plus,CACGGCAGACGCTTGCCGCCTCCGCCCTCGAGCGCAGGACCCTGGACGCGGCCCGCTGGGATCAAGACATGCAGTGCAGCCAGGTCCGTGCGGAGTCCGCCGCGCAGCGCGTACCCGACGAGGAGGCGAGGAAGGGCAGGAAGAGCTTGATAGGCGCATGACCCGATTCGGTGGCAGGACGGCTTGCCCCATGACGGCCAGGCGTTAGCGGCAGTGCCGCGGCGGCAGGTGATCGGTGGCTGTGTGGTTGTGCATGCGTATCCGTTTGCTGGCTTGTTCGCGGGTGGAATACGGACGCGTTGGACCGCTGAAACAATGCTT
Seq_5_LinJ.13_plus,LinJ.13,,128,998,659809,,,,,659682,659809,,,plus,AGGGTTTAGGGTTAGGGTTAGGGTTAGGGTTAGGGTTTAGGGTTAGGGTTTTTTTCTCCACTGATTCCTTGCACAGCGACACCCTCTCCAACAGGACGGGGGCGTGACGGTGTACTGGGTGTACTGGT
Seq_8_LinJ.13_plus,LinJ.13,,704,999,659809,,,,,596137,596840,,,plus,ACGAACGTGCCAACCAATAGACGCATACACACAACCACAGCTCACCTGCCTCTGCTGCACTGCGGCTGAATCTCCTGGCCGCCCAGGACGAGCCGTCTGCCGCCAAATCGAGGTCATGTGCCTCGCGGGCACGCCTCGATCCGAGTGGGCCGCCTTCAGGGCCCTGCTCCAGGGGGAGGGGGCGGAAGCGGTGGCGTCTGTCGCGCGGGCAATAGCGGGTGGTCCGGGCGCATGCCGGATGAGCTCAAGGGGGAAGCTGGCCAGGCGCCGGTAAGGGCCCTCTGAGCCCCTGTGCCCTGCCTGCATGCCACGCCTCCGCCCTCAGTCGCCCCAAGCCGCGGCACCCCATAATATGGCGCGGCGGCTCGCCACACGGGAATCTGGAGGACTCGCTGGCGCCATTCGGCATGCTCTCGTCACGCTTCCGGCGCCTGTGCCTCATCAGCCCACCCGGTCGGACGTGGGAGATGCCGCGTATTTCGCGCACATGCACCTTTGGGCTGATTGGTGTGGATCTCTTCGCATCTTTTCCGTCCATCATTCGTGCTCCTCTCACCTCTCGATGCCTTGTCTGGGCGTGAGGCACCATGCAAGCTGTGCTTGGCAGCGCGCGCGCGGTGCTCGCATTTTGCGCCTCACGCGGCCAGCTTCAGGACGGCGCTGTTGTCTGGGGGTGCGGAGGACGCTGTCTCCATCTTCCACGT
Seq_10_LinJ.13_plus,LinJ.13,,708,906,659809,,,,,586873,587580,,,plus,CGTAAAACACAGACGCATGCGCGCTAAGAAAGAAAAGGAGACAAGTCCTGCGCATGCGTGTCACCACCTCCACCTAAACGGCTCTCGCTTACACACACACACACACTGCAGAGCTGAGGGCAAAAGACAAAAAAAGGGAAAACCGCAACACGCATCATCACAGAGTCTCCAGAACACCGAGCTCTCTTAAGCAGTGAGGCCGTTGTATAACGGTAACGGCAATGGGCACACGAGCACAGGTTGCCTTTTCTGCCAACGCGTGTGCATTCGTTCTCGGCCATACAGCACCGGCCACACGCCACACTGCACCCCCACCCCACACATCCGCGCCGTGCGCAGAGGCAGCAGCAGACACACGCCGGCACAGCAGTGCGCCGACTCAGTCAGCTGAGCACGGCCGCCGCCTCACACTCTAAGCAGACCCTCTCTGCCGGTCGCCACCTGCTGCGCCCCTCGGGGGTGTCCCAGGGCCCCCATCCACCCACCCCGCGCACACACACCAGTAGGCAGTGAGCGTCGGGCGGGATGCGCTCGAGTCACGCGGAGGCTTCGCCCATCACATGGATGACACAAGCGTGTGCGCTGTCGCAGGTCGCTCTGGCCTCTCTGCGTCGTGGGCACGGGAACCCCCGTCACCACCAGAAGTGGCCCGGCAGGGGCAGGGGGATAGAGGGGGGGGGAGACGGCTGCTTTGGCTTCCCACCCACA
Seq_11_LinJ.13_plus,LinJ.13,,590,591,659809,,,,,65350,65939,,,plus,TCTTCCATTCAACGTAAGTTGAACTCCACTCAAGCCCAGGCCTGCCACAGGCCCCACATCGCGTGGTGCGAAGCAGCCGTACACACGCGTTGCAGCAATGCGCCGACCCAGTCATCTGAGCACGGCCTCTGACTCGAGCTCCGCCCACCCACTTCCCACGCCGCCACCCGGTGCATCCCCTTCGGGGTGGCGCAGGCTCCTCTGCCAGTGGGCAGTGAAAATCGGGGGTGGGTGGGATTCGTTCGAGTTACGCGGACACGTTGCCCATCATATGGATGGCACAAGCGTGTTCACTGTCGCAGGTCGCTCCGACGCATCACCATCCACGACCTCGCCGCCGCCATGAGTCGCAATGAATCCCTCTGACTTCCCCACGTCCTAGGCACTTGGCGCCGTCACCGCCAGGAAGTCCTTTGGCATTGGCAAGGATCAGGGGCTGCGTGGCTTCCTCCCCGAGAGAGAGAGTGTGTGTGTGGGGAGGGGGGAGGGGGGGGGGTGCACTGGACCCTTGTTGATACCACGCACGGAGAGGTGATTCCCTCCCCCCACCCCACAGCATCATCGGGTGAACGGAGAAGAGCAGAAAAACG
Seq_13_LinJ.13_plus,LinJ.13,,589,590,659809,,,,,60525,61113,,,plus,TCTTCCATTCAACGTAAGTTGAACTCCACTCAAGCCCAGGCCTGCCACAGGCCCCACATCGCGTGGTGCGAAGCAGCCGTACACACGCGTTGCAGCAATGCGCCGACCCAGTCATCTGAGCACGGCCTCTGACTCGAGCTCCGCCCACCCACTTCCCACGCCGCCACCCGGTGCATCCCCTTCGGGGTGGCGCAGGCTCCTCTGCCAGTGGGCAGTGAAAATCGGGGGTGGGTGGGATTCGTTCGAGTTACGCGGACACGTTGCCCATCATATGGATGGCACAAGCGTGTTCACTGTCGCAGGTCGCTCCGACGCATCACCATCCACGACCTCGCCGCCGCCATGAGTCGCAATGAATCCCTCTGACTTCCCCACGTCCTAGGCACTTGGCGCCGTCACCGCCAGGAAGTCCTTTGGCATTGGCAAGGATCAGGGGCTGCGTGGCTTCCTCCCCGAGAGAGAGAGTGTGTGTGTGGGGAGGGGGAGGGGGGGGGGTGCACTGGACCCTTGTTGATACCACGCACGGAGAGGTGATTCCCTCCCCCCACCCCACAGCATCATCGGGTGAACGGAGAACAGGAACAAAACG
Seq_14_LinJ.13_plus,LinJ.13,,707,889,659809,,,,,569269,569975,,,plus,CGTAAAACACAGACGCATGCGCGCTAAGAAAGAAAAGGAGACAAGTCCTGCGCATGCGTGTCACCACCTCCACCTAAACGGCTCTCGCTTACACACACACACACTGCAGAGCTGAGGGCAAAAGACAAAAAAAGGGAAAACCGCAACACGCATCATCACAGAGTCTCCAGAACACCGAGCTCTCTTAAGCAGTGAGGCCGTTGTATAACGGTAACGGCAATGGGCACACGAGCACAGGTTGCCTTTTCTGCCAACGCGTGTGCATTCGTTCTCGGCCATACAGCACCGGCCACACGCCACACTGCACCCCCACCCCACACATCCGCGCCGTGCGCAGAGGCAGCAGCAGACACACGCCGGCACAGCAGTGCGCCGACTCAGTCAGCTGAGCACGGCCGCCGCCTCACACTCTAAGCAGACCCTCTCTGCCGGTCGCCACCTGCTGCGCCCCTCGGGGGTGTCCCAGGGCCCCCATCCACCCACCCCGCGCACACACACCAGTAGGCAGTGAGCGTCGGGCGGGATGCGCTCGAGTCACGCGGAGGCTTCGCCCATCACATGGATGACACAAGCGTGTGCGCTGTCGCAGGTCGCTCTGGCCTCTCTGCGTCGTGGGCACGGGAACCCCCGTCACCACCCGAAGTGGTTCGGCAGGGGCAGGGGGATAGAGGGGGGGGGAGACGGCTGCTTTGGCTTCCCACCCACAT
Seq_15_LinJ.13_plus,LinJ.13,,374,373,659809,,,,,374591,374964,,,plus,AGGTAGGAGGGGGGGGAGGGAGGAAGAGCGAAGATGTTGGATACCGACCATGTCCATTTCTACGTCATACAGCACTACCTGGGCGTCAAGTCGAGCCCACTCCCTCCATCCGCGTGGTGCGAAGCAGCAGCAGACACACACGCCGGTAGAGCAGGTGACCTCACAGCCGCACCCATTTTGCCGGCCGCCACGCGGCGCACGCCCCTCTTCTGGGTGGCACTCAGGCCTCCCCACACCAGCAGTGGGCCCTGTGATACGACCGCAAGGAGGGGCGTGCCCTCCCCTCACTCCTCAACGTCATCAAGGCGAATAGAGCGATGTCAATGAACAACAACAAAAAAAGAAACGAAGAAGGTGGCGTGCCTGCGTGCGCC
Seq_16_LinJ.13_plus,LinJ.13,,374,373,659809,,,,,333211,333584,,,plus,AGATAGCGAGGGAGGGAGGGAGGAAGAGCGAAGATGTTGGATACCGACCATGTCCATTTCTACGTCATACAGCACTACCTGGGCGTCAAGTCGAGCCCACTCCCTCCATCCGCGTGGTGCGAAGCAGCAGCAGACACACACGCCGGTAGAGCAGGTGACCTCACAGCCGCACCCATTTTGCCGGCCGCCACGCGGCGCACGCCCCTCTTCTGGGTGGCACTCAGGCCTCCCCACACCAGCAGTGGGCCCTGTGATACGACCGCAAGGAGGGGCGTGCCCTCCCCTCACTCCTCAACGTCATCAAGGCGAATAGAGCGATGTCAATGAACAACAACAAAAAAAGAAACGAAGAAGGTGGCGTGCCTGCGTGCGCT
Seq_17_LinJ.13_plus,LinJ.13,,644,644,659809,,,,,246795,247438,,,plus,GCGTGTGTATGTGCGAGGGAGGGAGTCGCATCGAGGCCATTAAGCGAGTCTGCACATTCGTCTCCGTCGATCTGACTTCTGGAGGCGGTGTGTGTGTGTGTGTGCGGTGCGGTCGTGCCGCTTTTACACACGGGGGCCAAATGCCGACAGGAGCAGAGTGCATCTTTTCCATGCGAGAGCATACATACGCGTATACCGCCTGTGCTTGTGCGTCCTGACGAGAGTGCGGAGCTGCATGCCCTTTCAGCTTCCTGCTTCACCGGGTGGAGAGGCGGAAGGGGGGGGTTGGATGGGCGGGGGGACTTCCTCTGGAGACGCGGGCAGTGAACGTAGCGAGAGAGAGAAGGGACCATGAGGTTAGTGGGGGGGGGGCTTCTCACAGACTATCACTACGAGAAGCAGCGCTGATGGGCTGAAGGAGGATCTCGCCTGCGGCGGACTGCCCAAAGAAGAAAGAGGGAGACGCGATCATCCACTCACCGCGTCGCCCACCGTCATGCCCCGAGAACGGTGTGCGAGGATGGATACAATGAAGCCAGTGACCGTGTGCCCCGCAGGGACGGGCGCGCACTCGCTTGCCGGCTTCGGCAGCAAAGCAAGACAAAAAAGTTAAGGAGGAGTAGAGGGCGGGGGGGGTCCGCCGT
Seq_18_LinJ.13_plus,LinJ.13,,646,644,659809,,,,,198663,199308,,,plus,GCGTGTGTGTGCGCGAGGGATGGAGTCGCATCGAGGCCATTAAGCGAGTCTGCACATTCGTCTCCGTCGATCTGACTTCTGGAGGCGGTGTGTGTGTGTGTGTGTGTGCGGTGCGGTCGTGCCGCTTTTACACACGGGGGCCAAATGCCGACAGGAGCAGAGTGCGTCTTTTCCATGCGAGAGCATACATACGCGTATACCGCCTGTGCTTGTGCGTCCTGACGAGAGTGCGGAGCTGCATGCCCTTTCAGCTTCCTGCTTCACCGGGTGGAGAGGCGGAAGGGGGGGTTGGATGGGCGGGGGGACTTCCTCTGGAGACGCGGGCAGTGAACGTAGCGAGAGAGAGAAGGGACCATGAGGTTAGTGGGGGGGGGGCTTCTCACAGACTATCACTACGAGAAGCAGCGCTGATGGGCTGAAGGAGGATCTCGCCTGCGGCGGACTGCCCAAAGAAGAAAGAGGGAGACGTGATCATCCACTCACCGCGTCGCCCACCGTCATGCCCCGAGAACGGTGTGCGAGGATGGATACAATGAAGCCAGTGACCGTGTGCCCCGCAGGGACGGGCGCGCACTCGCTTGCCGGCTTCGGCAGCAAAGCAAGACAAAAAAGTTAAGGAGTAGTAGAGGGCGGGGGGGTCCGCCGT
Seq_19_LinJ.13_plus,LinJ.13,,910,642,659809,,,,,145575,146484,,,plus,ACACGCATCGCCCATGCGCAGCGTTCGCGTGTGGTCTCGCATCTCTCTCCCTCGCGGGCTGTGTGCGGACACTCCCGTCGAGGATAAAGCAGCGGCATGCAGGCAGCGACCCTCTCGCCTCGCGAAGCGCCCATGCTCGCTGTGGGAGGATGGCGCGGTACAGACAGGCATCCTGCCAGGAGCGGCCGCGACGCCTTATTGCAACAGTATGCCCGCAGGCGCGGCAGCGGCAGGCCGCGGCCAGCTTGCTCGCAGTTGTCGCACTGAGTGTCAAGCAGTGGGTCTGGAGCTTGAGCTGCAACGGCGACAGCTCGATGAGCTCAGGCGCGAAAAGCTAATGGCCGTTGCTGCTCCGGACTCGGTCTTTCTCCCCATGGCGCTCGGCGCGGGCCCTAAAACGGCGGGGGTGAGGTGTTGCGGCGTGTTGGGGTGCAGATGCCGGCGCTGCTAGCCCGTCGCGTGCACCTCTCATTTCCGTTTGCCTTTGGCCGTTGAGGATGAGAGCACCGTGGCGAAGCTGACGAGCTTGCAAAATCGGCAACGCCAGAGGCGCCGACGCCAGCTGCACGGATCGCGGGCCTGGTCTCCGGTCGCAGATGCCAGGCCGACATCCCCCTTCATCCGCACGGCAGACGCCTGCCGCCTCCGCCCTCGAGCGCAGGACCCTGGACGCGGCCCGCTGGGATCAAGACATGCAGTGCAGCCAGGTCCGTGCGGAGTCCGCCGCGCAGCGCGTACCCGACGAGGAGGCGAGGAAGGGCAGGAAGAGCTTGATAGGCGCATGACCCGATTCGGTGGCAGGACGGCTTGTCCCATGACGGCCAGGCGTTAGCGGCAGTGCCGCGGCGGCAGGCGATCGGTGGCTGTGTGGTTGTGCATGCGTATCCGTTTGCTGGCTTGTTCGCGTGTG
Seq_21_LinJ.13_minus,LinJ.13,,454,1000,659809,,,,,363379,362926,,,minus,CCCTGCCCATGCCGATCCACTTCTGGCAGTGACAGGGTCCAGTGCCTGCGACGCAAAGGAGGTCTGCACGATACATCGCTGCGCGTGGTGGCGGTGAGGCCCGTGGATGGCGTGGCGTCGGAGCAACCTGCGACCGTGAACACGTCTGTGCCATCCACATGATGGGCGAGATGTCATCACGACTCGAGCGTGTCCCACCCCCGGCCCTCATCGTGCCCACCGCTGGTGTGGGGAGGCCCGAGTGCCCCCCCCCGATGGGGCGGGTGCACCGCGTGGCGGCCGGCACAATGGGAGCGGCTGTGAGGCGACCCGCTCAGCGGGCGGGTGGGCAGCGTTTGGGGCTGGGGCCGTGCTCCGATGACGGAGTCGGCGCACTGCTCTACCGGCGTGTGCTTCGGCTGCTGCTGCTGCTGCTGCTGCTGCTTCGCACCACGCAGTCGGGGGGTGGGGGGCT
Seq_22_LinJ.13_minus,LinJ.13,,448,1000,659809,,,,,414355,413908,,,minus,CCATGCCCGTGCCGATCCACTTCTGGCAGTGACAGGGTCCAGTGCCTGCGACGCAAAGGAGGTCTGCACGATACATCGCTGCGCGTGGTGGCGGTGAGGCCCGTGGATGGCGTGGCGTCGGAGCAACCTGCGACCGTGAACACGTCTGTGCCATCCACATGATGGGCGAGATGTCATCACGACTCGAGCGTGTCCCACCCCCGGCCCTCATCGTGCCCACCGCTGGTGTGGGGAGGCCCGAGTGCCCCCCCCCGATGGGGCGGGTGCACCGCGTGGCGGCCGGCACAATGGGAGCGGCTGTGAGGCGACCCGCTCAGGGGGCGGGTGGGCAGCGTTTGGGGCTGGGGCCGTGCTCCGATGACGGAGTCGGCGCACTGCTCTACCGGCGTGTGCTTCGGCTGCTGCTGCTGCTGCTGCTTCGCACCACGCAGTCGGGGGGTGGGGGGCT
Seq_23_LinJ.13_minus,LinJ.13,,507,1000,659809,,,,,26705,26199,,,minus,GGAGGAAACCCCCTCTCCGTGCGTGGTATCAACAAGGGTCCAGTGCACCCCCCCCTCCCCCCTCCCCACACACACACACACTCTCTCTCTCGGGGAGGAAGCCACGCAGCCCCTGGTCCTTGCCAATGCCAAAGGACTTCCTGGCGGTGACGGCGCCAAGTGCCTAGGACGTGGGGAAGTCAGAGGGATTCATTGCGACTCATGGCGGCGGCGAGGTCGTGGATGGTGATGCGTCGGAGCGACCTGCGACAGTGAACACGCTTGTGCCATCCATATGATGGGCAAAGTGTCCGCGTAACTCGAACGAATCCCACCCACCCCCGATTTTCACTGCCCACTGGTAGAGGAGCCTGCGCCACCCCGAAGGGGATGCACCGGGTGGCGGCGTGGGAAGTGGGTGGGCGGAGCTCGAGTCAGAGGCCGTGCTCAGATGACTGGGTCGGCGCATTGCTGCAACGCGTGTGTACGGCTGCTTCGCACCACGCGATGTGGGGCCTGTGGCAGGCC
Seq_24_LinJ.13_minus,LinJ.13,,589,1000,659809,,,,,61113,60525,,,minus,CGTTTTGTTCCTGTTCTCCGTTCACCCGATGATGCTGTGGGGTGGGGGGAGGGAATCACCTCTCCGTGCGTGGTATCAACAAGGGTCCAGTGCACCCCCCCCCCTCCCCCTCCCCACACACACACTCTCTCTCTCGGGGAGGAAGCCACGCAGCCCCTGATCCTTGCCAATGCCAAAGGACTTCCTGGCGGTGACGGCGCCAAGTGCCTAGGACGTGGGGAAGTCAGAGGGATTCATTGCGACTCATGGCGGCGGCGAGGTCGTGGATGGTGATGCGTCGGAGCGACCTGCGACAGTGAACACGCTTGTGCCATCCATATGATGGGCAACGTGTCCGCGTAACTCGAACGAATCCCACCCACCCCCGATTTTCACTGCCCACTGGCAGAGGAGCCTGCGCCACCCCGAAGGGGATGCACCGGGTGGCGGCGTGGGAAGTGGGTGGGCGGAGCTCGAGTCAGAGGCCGTGCTCAGATGACTGGGTCGGCGCATTGCTGCAACGCGTGTGTACGGCTGCTTCGCACCACGCGATGTGGGGCCTGTGGCAGGCCTGGGCTTGAGTGGAGTTCAACTTACGTTGAATGGAAGA
Seq_25_LinJ.13_minus,LinJ.13,,590,1000,659809,,,,,65939,65350,,,minus,CGTTTTTCTGCTCTTCTCCGTTCACCCGATGATGCTGTGGGGTGGGGGGAGGGAATCACCTCTCCGTGCGTGGTATCAACAAGGGTCCAGTGCACCCCCCCCCCTCCCCCCTCCCCACACACACACTCTCTCTCTCGGGGAGGAAGCCACGCAGCCCCTGATCCTTGCCAATGCCAAAGGACTTCCTGGCGGTGACGGCGCCAAGTGCCTAGGACGTGGGGAAGTCAGAGGGATTCATTGCGACTCATGGCGGCGGCGAGGTCGTGGATGGTGATGCGTCGGAGCGACCTGCGACAGTGAACACGCTTGTGCCATCCATATGATGGGCAACGTGTCCGCGTAACTCGAACGAATCCCACCCACCCCCGATTTTCACTGCCCACTGGCAGAGGAGCCTGCGCCACCCCGAAGGGGATGCACCGGGTGGCGGCGTGGGAAGTGGGTGGGCGGAGCTCGAGTCAGAGGCCGTGCTCAGATGACTGGGTCGGCGCATTGCTGCAACGCGTGTGTACGGCTGCTTCGCACCACGCGATGTGGGGCCTGTGGCAGGCCTGGGCTTGAGTGGAGTTCAACTTACGTTGAATGGAAGA
Seq_27_LinJ.13_minus,LinJ.13,,364,1000,659809,,,,,333583,333220,,,minus,GCGCACGCAGGCACGCCACCTTCTTCGTTTCTTTTTTTGTTGTTGTTCATTGACATCGCTCTATTCGCCTTGATGACGTTGAGGAGTGAGGGGAGGGCACGCCCCTCCTTGCGGTCGTATCACAGGGCCCACTGCTGGTGTGGGGAGGCCTGAGTGCCACCCAGAAGAGGGGCGTGCGCCGCGTGGCGGCCGGCAAAATGGGTGCGGCTGTGAGGTCACCTGCTCTACCGGCGTGTGTGTCTGCTGCTGCTTCGCACCACGCGGATGGAGGGAGTGGGCTCGACTTGACGCCCAGGTAGTGCTGTATGACGTAGAAATGGACATGGTCGGTATCCAACATCTTCGCTCTTCCTCCCTCCCTCCC
Seq_28_LinJ.13_minus,LinJ.13,,364,1000,659809,,,,,374963,374600,,,minus,GCGCACGCAGGCACGCCACCTTCTTCGTTTCTTTTTTTGTTGTTGTTCATTGACATCGCTCTATTCGCCTTGATGACGTTGAGGAGTGAGGGGAGGGCACGCCCCTCCTTGCGGTCGTATCACAGGGCCCACTGCTGGTGTGGGGAGGCCTGAGTGCCACCCAGAAGAGGGGCGTGCGCCGCGTGGCGGCCGGCAAAATGGGTGCGGCTGTGAGGTCACCTGCTCTACCGGCGTGTGTGTCTGCTGCTGCTTCGCACCACGCGGATGGAGGGAGTGGGCTCGACTTGACGCCCAGGTAGTGCTGTATGACGTAGAAATGGACATGGTCGGTATCCAACATCTTCGCTCTTCCTCCCTCCCCCCC
Seq_30_LinJ.13_minus,LinJ.13,,842,468,659809,,,,,587580,586739,,,minus,TGTGGGTGGGAAGCCAAAGCAGCCGTCTCCCCCCCCCTCTATCCCCCTGCCCCTGCCGGGCCACTTCTGGTGGTGACGGGGGTTCCCGTGCCCACGACGCAGAGAGGCCAGAGCGACCTGCGACAGCGCACACGCTTGTGTCATCCATGTGATGGGCGAAGCCTCCGCGTGACTCGAGCGCATCCCGCCCGACGCTCACTGCCTACTGGTGTGTGTGCGCGGGGTGGGTGGATGGGGGCCCTGGGACACCCCCGAGGGGCGCAGCAGGTGGCGACCGGCAGAGAGGGTCTGCTTAGAGTGTGAGGCGGCGGCCGTGCTCAGCTGACTGAGTCGGCGCACTGCTGTGCCGGCGTGTGTCTGCTGCTGCCTCTGCGCACGGCGCGGATGTGTGGGGTGGGGGTGCAGTGTGGCGTGTGGCCGGTGCTGTATGGCCGAGAACGAATGCACACGCGTTGGCAGAAAAGGCAACCTGTGCTCGTGTGCCCATTGCCGTTACCGTTATACAACGGCCTCACTGCTTAAGAGAGCTCGGTGTTCTGGAGACTCTGTGATGATGCGTGTTGCGGTTTTCCCTTTTTTTGTCTTTTGCCCTCAGCTCTGCAGTGTGTGTGTGTGTGTAAGCGAGAGCCGTTTAGGTGGAGGTGGTGACACGCATGCGCAGGACTTGTCTCCTTTTCTTTCTTAGCGCGCATGCGTCTGTGTTTTACGTGTGAGTAAGTGTGTGCGCGTGCGCGTCGCCTCAAGCACGCCCCCTCTTTTGTGGTTTGTCTCGTGCGTGTTCGTGGTCGAGGTGGCTCCGCTCTCTCGGCCTCTCATGACCACCTCTCCCCTCTCCCTCTCTC
Seq_31_LinJ.13_minus,LinJ.13,,513,513,659809,,,,,578868,578356,,,minus,GTTGTATCACGGGCCTCGCTGCACACGCACACCACCCACTCTTTGTGTGTGTGTGTGGGTGGGAAGCCAAAGCAGCCGTCTCCCCCCCCCCTCTATCCCCCTGCCCCTGCCGGGCCACTTCTGGTGGTGACGGGGGTTCCCGTGCCCACGACGCAGAGAGGCCAGAGCGACCTGCGACAGCGCACACGCTTGTGTCATCCATGTGATGGGCGAAGCCTCCGCGTGACTCGAGCGCATCCCGCCCGACGCTCACTGCCTACTGGTGTGTGTGCGTGGGGTGGGTGGGTGGGGGCCCTGGGACACCCCCGAGGGGCGCAGCAGGTGGCGACCGGCAGAGAGGGTCTGCGTAGAGTGTGAGGCGGCGGCCGTGCTCAGCTGACTGAGTCGGCGCACTGCTGTGCCGGCGTGTGTCTGCTGCTGCCTCTGCGCACGGCGCGGATGTGTGGGGTGGGGGTGCAGTGTGGCGTGTGGCCGGTGCTGTATGGCCGAGAACGAATGCACACGCGTTGAAAC
Seq_32_LinJ.13_minus,LinJ.13,,515,516,659809,,,,,486142,485628,,,minus,GTGGTATCGCAGGCTCCACTGCACACGCACACCTCCCATTCTGTGTGTGTGGGTGTGGGTGGGAAGCCAAAGCAGCCCTCCCCCTCCTCGTTTTTTTTCCAGCCCTGCCCATGCCGAACCACTTCGGGTGGTGGCGGGGGTTCCCGTGCCCACGACGCAGAGAGGCCAGAGCGACCTGCGACAGCGCACACGCTTGCGCCATCCATGTGATGGGCGAAGCCTCCGCGTGACTCGAACGCATCCCGCCCGACGCTCACTGCCTACTGGTGTGTGTGTGTGGGGTGGGTGGGTGGGGACCTGGGACACCCCCGAGGGACGCAGCAGGTGGCGACCGGCAGAGAGGGTCTGCGTAGAGTGTGAGGCGGCGGCCGTGCTCAGCTGACTGAGTCGGCGCACTGCTGTGCTGGCGTGTGTCTGCTGCTGCCTCTGCGCACGGCGCGGATGTGTGGGGCGGGGGTGCAGTGTGGCGTGTGGCCGGTGCTGTATGGCCGAAAACGAATGCGCACGCGTTGAAA
Seq_34_LinJ.13_minus,LinJ.13,,314,322,659809,,,,,170871,170558,,,minus,TTTCAGCGGTCCAACGCGTCCGTATTCCACCCGCGAACAAGCCAGCAAACGGATACGCATGCACAACCACACAGCCACCGATCACCTGCCGCCGCGGCACTGCCGCTAACGCCTGGCCGTCATGGGGCAAGCCGTCCTGCCACCGAATCGGGTCATGCGCCTATCAAGCTCTTCCTGCCCTTCCTCGCCTCCTCGTCGGGTACGCGCTGCGCGGCGGACTCCGCACGGACCTGGCTGCACTGCATGTCTTGATCCCAGCGGGCCGCGTCCAGGGTCCTGCGCTCGAGGGCGGAGGCGGCAAGCGTCTGCCGTGC
Seq_36_LinJ.13_minus,LinJ.13,,126,627,659809,,,,,127,2,,,minus,AGGGTTAGGGTTAGGGTTAGGGTTAGGGTTAGGGTTAGGGTTAGGGTTTTTTTCTCCACTGATTCCTTGCACAGCGACACCCTCTCCAACAGGACGGGGGCGTGACGGTGTACTGGTGTACTGGTG
Seq_39_LinJ.13_minus,LinJ.13,,468,467,659809,,,,,599972,599505,,,minus,ACGCCACACTGCACCCCCACCCCGCACATCCGCGCCGTGCGCAGAGGCAGCAGCAGACACACGCCGGCACAGCAGTGCGCCGACTCAGTCAGCTGAGCACGGCCGCCGCCTCACACTCTAAGCAGACCCTCTCTGCCGGTCGCCACCTGCTGCGCCCCTCGGGGGTGTCCCAGGGCCCCCACCCACCCACCCCACGCACACACACCAGTAGGCAGTGAGCGTCGGGCGGGATGCGCTCGAGTCACGCGGAGGCTTCGCCCATCACATGGATGACACAAGCGTGTGCGCTGTCGCAGGTCGCTCTGGCCTCTCTGCGTCGTGGGCACGGGAACCCCCGTCACCACCAGAAGTGGCCCGGCAGGGGCAGGGGGATAGAGGGGGGGGGGAGACGGCTGCTTTGGCTTCCCACCCACACACACACACACGCAGAGTAGGGTCCCCGGACCCTGTGATACGACGGTGAGGTGT
Seq_42_LinJ.13_minus,LinJ.13,,839,515,659809,,,,,569974,569136,,,minus,TGTGGGTGGGAAGCCAAAGCAGCCGTCTCCCCCCCCCTCTATCCCCCTGCCCCTGCCGAACCACTTCGGGTGGTGACGGGGGTTCCCGTGCCCACGACGCAGAGAGGCCAGAGCGACCTGCGACAGCGCACACGCTTGTGTCATCCATGTGATGGGCGAAGCCTCCGCGTGACTCGAGCGCATCCCGCCCGACGCTCACTGCCTACTGGTGTGTGTGCGCGGGGTGGGTGGATGGGGGCCCTGGGACACCCCCGAGGGGCGCAGCAGGTGGCGACCGGCAGAGAGGGTCTGCTTAGAGTGTGAGGCGGCGGCCGTGCTCAGCTGACTGAGTCGGCGCACTGCTGTGCCGGCGTGTGTCTGCTGCTGCCTCTGCGCACGGCGCGGATGTGTGGGGTGGGGGTGCAGTGTGGCGTGTGGCCGGTGCTGTATGGCCGAGAACGAATGCACACGCGTTGGCAGAAAAGGCAACCTGTGCTCGTGTGCCCATTGCCGTTACCGTTATACAACGGCCTCACTGCTTAAGAGAGCTCGGTGTTCTGGAGACTCTGTGATGATGCGTGTTGCGGTTTTCCCTTTTTTTGTCTTTTGCCCTCAGCTCTGCAGTGTGTGTGTGTGTAAGCGAGAGCCGTTTAGGTGGAGGTGGTGACACGCATGCGCAGGACTTGTCTCCTTTTCTTTCTTAGCGCGCATGCGTCTGTGTTTTACGTGTGAGTAAGTGTGTGCGCGTGCGCGTCGCCTCAAGCACGCCCCCTCTTTTGTGGTTTGTCTCGTGCGTGTTCGTGGTCGAGGTGGCTCCGCTCTCTCGGCCTCTCATGACCACCTCTCCCCTCTCCCTCTCT
Seq_43_LinJ.13_minus,LinJ.13,,518,515,659809,,,,,558350,557833,,,minus,CGCCCGACGCTCACTGCCTACTGGTGTGTGTGCGTGGGGTGGGTGGGTGGGGGCCCTGGGACACCCCCGAGGGGCGCAGCAGGTGGCGACCGGCAGAGAGGGTCTGCGTAGAGTGTGAGGCGGCGGCCGTGCTCAGCTGACTGAGTCGGCGCACTGCTGTGCTGGCGTGTGTCTGCTGCTGCCTCTGCGCACGGCGCGGATGTGTGGGGTGGGGGTGCAGTGTTGCGTGTGGCCGGTGCTGTATGGCCGAGAACGAATGCACGCGCGTTGGCGCTCCAACGCGTCCGCTCCACCCACGAACGTGCCAACCAATAGACGCATACACACAACCACAGCTCACCTGCCTCTGCTGCACTGCGGCTGAATCTCCTGGCCGCCCAGGACGAGCCGTCTGCCGCCAAATCGAGGTCATGTGCCTCGCGGGCACGCCTCGATCCGAGTGGGCCGCCTTCAGGGCCCTGCTCCGGGGGGGCGGAAGCGGTGGCGTCTGTCGCGCGGGCAATAGCGGGTGGTCCGGG
Seq_44_LinJ.13_minus,LinJ.13,,679,734,659809,,,,,145029,144351,,,minus,TGGTTGCGGCGCCGCGCGCCAAGGCGGGTGCACATCCTTTTTTGGGGGGCACCCAGAGCCCCACTAAGCGCCCCGCCCCCAGAGGGCGTATGGCAGCGCGGCCGGCGCGACGCCCTTGTCTGCGGAGGGCGCGGGGGCGCGAGCGTATCAGCTAAGAAGGCGTGGCGCAGCCCGGGTGCACTGTTCCCCCACCCCCCGCACCCAGCGAGCCCGCCATAGAGGTGGGGGGAAGAGGGCCCTGGGCAGACCCCTGTGGAGCAACGCATGCAAGCCCGGGCCTCTTCTGGAAGCGGCCGCGGGCGCAACCACCGTCTGAGAGCCCGTTGGCTCAGCGGGCGCGGCGCGGGTCTACACAGTACCTCCTTAGCGCCGCAATGGTAGCGCCGCGACCTGCCGAGCCACGCGTGCAGGCATAGAGCTCACAAACGCTGCGCATGTCTTGGTGTCTGCCTGGTGCCGGGCTGCTTTGTGGAGGGGCAAGCCCGGGGAGACCTACGGTGGAGCGGTGGGGACGGAAGCCGTGGCGGTGTGGTTGCAGTCTGTCTGCAACATGGCCGCCAAGCCGTCGCAGGATCATGTGCCCAAGCAGCTTGCGGATATCGGTGGCCAGCGCCACAGGGCGGCAGGACGTGGGACTATCATCGGGTCTTTGCGGCTTCGGAAAGGGATCCGTGGGCTC
Seq_45_LinJ.13_minus,LinJ.13,,647,636,659809,,,,,199308,198662,,,minus,ACGGCGGACCCCCCCGCCCTCTACTACTCCTTAACTTTTTTGTCTTGCTTTGCTGCCGAAGCCGGCAAGCGAGTGCGCGCCCGTCCCTGCGGGGCACACGGTCACTGGCTTCATTGTATCCATCCTCGCACACCGTTCTCGGGGCATGACGGTGGGCGACGCGGTGAGTGGATGATCACGTCTCCCTCTTTCTTCTTTGGGCAGTCCGCCGCAGGCGAGATCCTCCTTCAGCCCATCAGCGCTGCTTCTCGTAGTGATAGTCTGTGAGAAGCCCCCCCCCCACTAACCTCATGGTCCCTTCTCTCTCTCGCTACGTTCACTGCCCGCGTCTCCAGAGGAAGTCCCCCCGCCCATCCAACCCCCCCTTCCGCCTCTCCACCCGGTGAAGCAGGAAGCTGAAAGGGCATGCAGCTCCGCACTCTCGTCAGGACGCACAAGCACAGGCGGTATACGCGTATGTATGCTCTCGCATGGAAAAGACGCACTCTGCTCCTGTCGGCATTTGGCCCCCGTGTGTAAAAGCGGCACGACCGCACCGCACACACACACACACACACACCGCCTCCAGAAGTCAGATCGACGGAGACGAATGTGCAGACTCGCTTAATGGCCTCGATGCGACTCCATCCCTCGCGCACACACACGCG
Seq_46_LinJ.13_minus,LinJ.13,,644,636,659809,,,,,247438,246795,,,minus,ACGGCGGACCCCCCCCGCCCTCTACTCCTCCTTAACTTTTTTGTCTTGCTTTGCTGCCGAAGCCGGCAAGCGAGTGCGCGCCCGTCCCTGCGGGGCACACGGTCACTGGCTTCATTGTATCCATCCTCGCACACCGTTCTCGGGGCATGACGGTGGGCGACGCGGTGAGTGGATGATCGCGTCTCCCTCTTTCTTCTTTGGGCAGTCCGCCGCAGGCGAGATCCTCCTTCAGCCCATCAGCGCTGCTTCTCGTAGTGATAGTCTGTGAGAAGCCCCCCCCCCACTAACCTCATGGTCCCTTCTCTCTCTCGCTACGTTCACTGCCCGCGTCTCCAGAGGAAGTCCCCCCGCCCATCCAACCCCCCCCTTCCGCCTCTCCACCCGGTGAAGCAGGAAGCTGAAAGGGCATGCAGCTCCGCACTCTCGTCAGGACGCACAAGCACAGGCGGTATACGCGTATGTATGCTCTCGCATGGAAAAGATGCACTCTGCTCCTGTCGGCATTTGGCCCCCGTGTGTAAAAGCGGCACGACCGCACCGCACACACACACACACACCGCCTCCAGAAGTCAGATCGACGGAGACGAATGTGCAGACTCGCTTAATGGCCTCGATGCGACTCCCTCCCTCGCACATACACACGC
Seq_47_LinJ.13_plus,LinJ.13,,680,734,659809,,,,,83709,84388,,,plus,TGGTTGCGGCGCCGCGCGCCAAGGCGGGTGCACATCCTTTTTTGGGGGGCACCCAGAGCCCCACTAAGCGCCCCGCCCCCAGAGGGCGTATGGCAGCGCGGCCGGCGCGACGCCCTTGTCCGCGGAGGGCGCGGGGGCGCGAGCGTATCAGCTAAGAAGGCGTGGCGCAGCCCGGGTGCACTGTTCCCCCACCCCCCGCACCCAGCGAGCCCGCCATAGAGGTGGGGGGAAGAGGGCCCTGGGCAGACCCCTGTGGAGCAACGCATGCAAGCCCGGGCCTCTTCTGGAAGCGGCCGCGGGCGCAACCACCGTCTGAGAGCCCGTTGGCTCAGCGGGCGCGGCGCGGGTCTACACAGTACCTCCTTAGCGCCGCAATGGTAGCGCCGCGACCTGCCGAGCCACGCGTGCAGGCATAGAGCTCACAAACGCTGCGCATGTCTTGGTGTCTGCCTGGTGCCGGGCTGCTTTGTGGAGGGGCAAGCCCGGGGAGACCTACGGTGGAGCGGTGGGGACGGAAGCCGTGGCGGTGTGGTTGCAGTCTGTCTGCAACATGGCCGCCAAGCCGTCGCAGGATCATGTGCCCAAGCAGCTTGCGGATATCGGTGGCCAGCGCCACAGGGCGGCAGGACGTGGGACTATCATCGGGTCTTTGCGGCTTCGGAAAGGGACCAGTGAGCTCC
Seq_48_LinJ.13_plus,LinJ.13,,917,582,659809,,,,,82244,83160,,,plus,CACCCGCGAACAATCCAGCAAACGGATACGCATGCACAACCACACAGCCACCAATCGCCTGCCGCCGCGGCACTGCCGCTAACGCCTGGCCGTCATGGGACAAGCCGTCCTGCCACCGAATCGGGTCATGCGCCTATCAAGCTCTTCCTGCCCTTCCTTGCCCCCTCATCGGGTACGCGCTGCGCGGCGAACTCCACACGGACCTGGCTGCACTGCATGTCTTGATCCCAGCGGGCCGCGTCCAGGGTCCTGCGCTCGAGGGCGGAGGCGGCAGGCGTCTGCCGTGCGGATGAAGGGGGATGTCGGCCTGGCATCTGCGACCGGAGACCAGGCCCGCGATCCGTGCAGCTGGCGTCGGCGCCTCTGGCGTTGCCGATTTTGCAAGCTCGTCAGCTTCGCCACGGTGCTCTCATCCTCAACGGCCAAAGGCAAACGGAAATGAGAGGTGCACGCGACGGGCTAGCAGCGCCGGCATCTGCACCCCAACACGCCGCAACACCTCACCCCCGCCGTTTTAGGGCCCGCGCCGAGCGCCATGGGGAGAAAGACCGAGTCCGGAGCAGCAACGGCCATTAGCTTTTCGCGCCTGAGCTCATCGAGCTGTCGCCGTTGCAGCTCAAGCTCCAGACCCACTGCTTGACACTCAGTGCGACAACTGCGAGCAAGCTGGCCGCGGCCTGCCGCTGCCGCGCCTGCGGGCATACTGTTGCAATAAGGCGTCGCGGCCGCTCCTGGCAGGATGCCTGTCTGTACCGCGCCATCCTCCCACAGCGAGCATGGGCGCTTCGCGAGGCGAGAGGGTCGCTGCCTGCATGCCGCTGCTTTATCCTCGACGGGAGTGTCCGCACACAGCCCGCGAGGGAGAGAGATGCGAGACCACACGCGAACGCTGCGCATGGGCGATGCGTGTGCGTGCG
Seq_49_LinJ.13_plus,LinJ.13,,494,547,659809,,,,,578357,578850,,,plus,TTTCAACGCGTGTGCATTCGTTCTCGGCCATACAGCACCGGCCACACGCCACACTGCACCCCCACCCCACACATCCGCGCCGTGCGCAGAGGCAGCAGCAGACACACGCCGGCACAGCAGTGCGCCGACTCAGTCAGCTGAGCACGGCCGCCGCCTCACACTCTACGCAGACCCTCTCTGCCGGTCGCCACCTGCTGCGCCCCTCGGGGGTGTCCCAGGGCCCCCACCCACCCACCCCACGCACACACACCAGTAGGCAGTGAGCGTCGGGCGGGATGCGCTCGAGTCACGCGGAGGCTTCGCCCATCACATGGATGACACAAGCGTGTGCGCTGTCGCAGGTCGCTCTGGCCTCTCTGCGTCGTGGGCACGGGAACCCCCGTCACCACCAGAAGTGGCCCGGCAGGGGCAGGGGGATAGAGGGGGGGGGGAGACGGCTGCTTTGGCTTCCCACCCACACACACACACAAAGAGTGGGTGGTGTGCGTGTGCAG
Seq_50_LinJ.13_plus,LinJ.13,,706,505,659809,,,,,507970,508675,,,plus,ACGAACGTGCCAACCAATAGACGCATACACACAACCACAGCTCACCTGCCTCTGCTGCACTGCGGCTGAATCTCCTGGCCGCCCAGGACGAGCCGTCTGCCGCCAAATCGAGGTCATGTGCCTCGCGGGCACGCCTCGATCCGAGTGGGCCGCCTTCAGGGCCCTGCTCCAGGGGGAGGGGGCGGAAGCGGTGGCGTCTGTCGCGCGGGCAATAGCGGGTGGTCCGGGCGCATGCCGGATGAGCTCAAGGGGGAAGCTGGCCAGGCGCCGGTAAGGGCCCTCTGAGCCCCTGTGCCCTGCCTGCATGCCACGCCTCCGCCCTCAGTCGCCCCAAGCCGCGGCACCCCATAATATGGCGCGGCGGCTCGCCACACGGGAATCTGGAGGACTCGCTGGCGCCATTCGGCATGCTCTCGTCACGCTTCCGGCGCCTGTGCCTCATCAGCCCACCCGGTCGGACGTGGGAGATGCCGCGTATTTCGCGCGCATGCACCTTTGGGCTGATTGGTGTGGATCTCTTCGCGTCTTTTCCGTCCATCATTCGTGCTCCTCTCACCTCTCGATGCCTTGTCTGGGCGTGAGGCACCATGCAAGCTGTGCTTGGCAGCGCGCGCGCGGTGCTCGCATTTTGCGCCTCACGCGGCCAGCTTCAGGACGGCGCTGTTGTCTGGGGGTGCGGAGGACGCTGTCTCCATCTTCCACGTCC
Seq_51_LinJ.13_plus,LinJ.13,,497,912,659809,,,,,485628,486124,,,plus,TTTCAACGCGTGCGCATTCGTTTTCGGCCATACAGCACCGGCCACACGCCACACTGCACCCCCGCCCCACACATCCGCGCCGTGCGCAGAGGCAGCAGCAGACACACGCCAGCACAGCAGTGCGCCGACTCAGTCAGCTGAGCACGGCCGCCGCCTCACACTCTACGCAGACCCTCTCTGCCGGTCGCCACCTGCTGCGTCCCTCGGGGGTGTCCCAGGTCCCCACCCACCCACCCCACACACACACACCAGTAGGCAGTGAGCGTCGGGCGGGATGCGTTCGAGTCACGCGGAGGCTTCGCCCATCACATGGATGGCGCAAGCGTGTGCGCTGTCGCAGGTCGCTCTGGCCTCTCTGCGTCGTGGGCACGGGAACCCCCGCCACCACCCGAAGTGGTTCGGCATGGGCAGGGCTGGAAAAAAAACGAGGAGGGGGAGGGCTGCTTTGGCTTCCCACCCACACCCACACACACAGAATGGGAGGTGTGCGTGTGCAG
Seq_52_LinJ.13_plus,LinJ.13,,446,555,659809,,,,,413908,414353,,,plus,AGCCCCCCACCCCCCGACTGCGTGGTGCGAAGCAGCAGCAGCAGCAGCAGCCGAAGCACACGCCGGTAGAGCAGTGCGCCGACTCCGTCATCGGAGCACGGCCCCAGCCCCAAACGCTGCCCACCCGCCCCCTGAGCGGGTCGCCTCACAGCCGCTCCCATTGTGCCGGCCGCCACGCGGTGCACCCGCCCCATCGGGGGGGGGCACTCGGGCCTCCCCACACCAGCGGTGGGCACGATGAGGGCCGGGGGTGGGACACGCTCGAGTCGTGATGACATCTCGCCCATCATGTGGATGGCACAGACGTGTTCACGGTCGCAGGTTGCTCCGACGCCACGCCATCCACGGGCCTCACCGCCACCACGCGCAGCGATGTATCGTGCAGACCTCCTTTGCGTCGCAGGCACTGGACCCTGTCACTGCCAGAAGTGGATCGGCACGGGCAT
Seq_53_LinJ.13_plus,LinJ.13,,451,727,659809,,,,,362926,363376,,,plus,AGCCCCCCACCCCCCGACTGCGTGGTGCGAAGCAGCAGCAGCAGCAGCAGCAGCAGCCGAAGCACACGCCGGTAGAGCAGTGCGCCGACTCCGTCATCGGAGCACGGCCCCAGCCCCAAACGCTGCCCACCCGCCCGCTGAGCGGGTCGCCTCACAGCCGCTCCCATTGTGCCGGCCGCCACGCGGTGCACCCGCCCCATCGGGGGGGGGCACTCGGGCCTCCCCACACCAGCGGTGGGCACGATGAGGGCCGGGGGTGGGACACGCTCGAGTCGTGATGACATCTCGCCCATCATGTGGATGGCACAGACGTGTTCACGGTCGCAGGTTGCTCCGACGCCACGCCATCCACGGGCCTCACCGCCACCACGCGCAGCGATGTATCGTGCAGACCTCCTTTGCGTCGCAGGCACTGGACCCTGTCACTGCCAGAAGTGGATCGGCATGGGCA
Seq_54_LinJ.13_plus,LinJ.13,,262,325,659809,,,,,234717,234978,,,plus,CGCAGGTCGCGACGGCGCCACGCTCTCCAAGGGGCCCCACCGCCGCCATCAGCAGCGGATACATCGCTCTGACCTCCCCATATCGTGGGCGCTTGACCCCGTCACACCACCCGAAGTCGCTCGGCATTTGCCAGGGCTGGAGGGGTGCTGCTTGGCCTCCCTCCCACACACAGAGAGAGATGGGAGGGGGAGGGGAGGGGGTGCGCTGGGCCCTGAGATACGACGCACGGAAAGGTGTGTCCTCTCCCTGCCATCAGGGATG
Seq_55_LinJ.13_plus,LinJ.13,,334,431,659809,,,,,216176,216509,,,plus,GACCACCCCGCTGTTACACTCACGGCAGACGCCTGCCGCCTCCGCCCTCGAGCGCAGGACCCTGGACGCGTCCCGCTGGGATCAAGACATGCAGTCTAGCCAGGTCCGTGTGGAGTTCGCCGCGCAGCGCGTACCCAACGAGGAGGCGAGGAAGGGCAGGAAGAGCTTGATAGGCGCATGACCCGATTCGGTGGCAGGACGGCTTGTCCCATGACGGCCAGGCGTTAGCGGCAGTGCCGCGGCGGCAGGCGATCGGTGGCTGTGTGGTTGTGCATGCGTATCCGTTTGCTGGCTTGCTCGCGGGTGGAATACGGGCGCGTTGGACCGCTGAAAA
Seq_58_LinJ.13_minus,LinJ.13,,910,1001,659809,,,,,83153,82244,,,minus,ACACGCATCGCCCATGCGCAGCGTTCGCGTGTGGTCTCGCATCTCTCTCCCTCGCGGGCTGTGTGCGGACACTCCCGTCGAGGATAAAGCAGCGGCATGCAGGCAGCGACCCTCTCGCCTCGCGAAGCGCCCATGCTCGCTGTGGGAGGATGGCGCGGTACAGACAGGCATCCTGCCAGGAGCGGCCGCGACGCCTTATTGCAACAGTATGCCCGCAGGCGCGGCAGCGGCAGGCCGCGGCCAGCTTGCTCGCAGTTGTCGCACTGAGTGTCAAGCAGTGGGTCTGGAGCTTGAGCTGCAACGGCGACAGCTCGATGAGCTCAGGCGCGAAAAGCTAATGGCCGTTGCTGCTCCGGACTCGGTCTTTCTCCCCATGGCGCTCGGCGCGGGCCCTAAAACGGCGGGGGTGAGGTGTTGCGGCGTGTTGGGGTGCAGATGCCGGCGCTGCTAGCCCGTCGCGTGCACCTCTCATTTCCGTTTGCCTTTGGCCGTTGAGGATGAGAGCACCGTGGCGAAGCTGACGAGCTTGCAAAATCGGCAACGCCAGAGGCGCCGACGCCAGCTGCACGGATCGCGGGCCTGGTCTCCGGTCGCAGATGCCAGGCCGACATCCCCCTTCATCCGCACGGCAGACGCCTGCCGCCTCCGCCCTCGAGCGCAGGACCCTGGACGCGGCCCGCTGGGATCAAGACATGCAGTGCAGCCAGGTCCGTGTGGAGTTCGCCGCGCAGCGCGTACCCGATGAGGGGGCAAGGAAGGGCAGGAAGAGCTTGATAGGCGCATGACCCGATTCGGTGGCAGGACGGCTTGTCCCATGACGGCCAGGCGTTAGCGGCAGTGCCGCGGCGGCAGGCGATTGGTGGCTGTGTGGTTGTGCATGCGTATCCGTTTGCTGGATTGTTCGCGGGTG
Seq_59_LinJ.13_minus,LinJ.13,,334,816,659809,,,,,262228,261895,,,minus,GACCACCCCGCTGTTACACTCACGGCAGACGCCTGCCGCCTCCGCCCTCGAGCGCAGGACCCTGGGCGCGGCCCGCTGGGATCAAGACATGCAGTCTAGCCAGGTCCGTGTGGAGTCTGCCGCGCAGCGCGTACCCGACGAGGGGTCAAGGAAGGGCAGGAAGAGCTCGATAGGCGCATGGCCCGATTCGGTGGCAGGACGGCTTGTCCCATGACGGCCAGGCGTTAGCGGCAGTGCCGCGGCGGCAGGTGATCGGTGGCTGTGTGGTTGTGCATGCGTATCCGTTTGCTGGCTTGTTCGCGGGTGGAATACGGACGCGTTGGACCGCTGAAAC
Seq_60_LinJ.13_minus,LinJ.13,,263,491,659809,,,,,258542,258280,,,minus,CGCAGGTCGCGACGGCGCCAAGCTCTCCAAGGGGCCCCACCGCCGCCATCAGCAGCGGATACATCGCTCTGACCTCCCCATATCGTGGGCGCTTGACCCCGTCACACCACCCGAAGTCGCTCGGCATTTGCCAGGGCTGGAGGGGTGCTGCTTGGCCTCCCTCCCACACACAGAGAGAGATGGGAGGGGGAGGGGAGGGGGTGCGCTGGGCCCTGAGATACGACGCACGGAAAGGTGTGTCCTCTCCCTGCCATCAGAGATGG
Seq_61_LinJ.13_minus,LinJ.13,,263,589,659809,,,,,234978,234716,,,minus,CATCCCTGATGGCAGGGAGAGGACACACCTTTCCGTGCGTCGTATCTCAGGGCCCAGCGCACCCCCTCCCCTCCCCCTCCCATCTCTCTCTGTGTGTGGGAGGGAGGCCAAGCAGCACCCCTCCAGCCCTGGCAAATGCCGAGCGACTTCGGGTGGTGTGACGGGGTCAAGCGCCCACGATATGGGGAGGTCAGAGCGATGTATCCGCTGCTGATGGCGGCGGTGGGGCCCCTTGGAGAGCGTGGCGCCGTCGCGACCTGCGA
Seq_62_LinJ.13_minus,LinJ.13,,313,462,659809,,,,,216508,216196,,,minus,TTTCAGCGGTCCAACGCGCCCGTATTCCACCCGCGAGCAAGCCAGCAAACGGATACGCATGCACAACCACACAGCCACCGATCGCCTGCCGCCGCGGCACTGCCGCTAACGCCTGGCCGTCATGGGACAAGCCGTCCTGCCACCGAATCGGGTCATGCGCCTATCAAGCTCTTCCTGCCCTTCCTCGCCTCCTCGTTGGGTACGCGCTGCGCGGCGAACTCCACACGGACCTGGCTAGACTGCATGTCTTGATCCCAGCGGGACGCGTCCAGGGTCCTGCGCTCGAGGGCGGAGGCGGCAGGCGTCTGCCGTG
Seq_64_LinJ.13_minus,LinJ.13,,918,300,659809,,,,,146484,145567,,,minus,CACACGCGAACAAGCCAGCAAACGGATACGCATGCACAACCACACAGCCACCGATCGCCTGCCGCCGCGGCACTGCCGCTAACGCCTGGCCGTCATGGGACAAGCCGTCCTGCCACCGAATCGGGTCATGCGCCTATCAAGCTCTTCCTGCCCTTCCTCGCCTCCTCGTCGGGTACGCGCTGCGCGGCGGACTCCGCACGGACCTGGCTGCACTGCATGTCTTGATCCCAGCGGGCCGCGTCCAGGGTCCTGCGCTCGAGGGCGGAGGCGGCAGGCGTCTGCCGTGCGGATGAAGGGGGATGTCGGCCTGGCATCTGCGACCGGAGACCAGGCCCGCGATCCGTGCAGCTGGCGTCGGCGCCTCTGGCGTTGCCGATTTTGCAAGCTCGTCAGCTTCGCCACGGTGCTCTCATCCTCAACGGCCAAAGGCAAACGGAAATGAGAGGTGCACGCGACGGGCTAGCAGCGCCGGCATCTGCACCCCAACACGCCGCAACACCTCACCCCCGCCGTTTTAGGGCCCGCGCCGAGCGCCATGGGGAGAAAGACCGAGTCCGGAGCAGCAACGGCCATTAGCTTTTCGCGCCTGAGCTCATCGAGCTGTCGCCGTTGCAGCTCAAGCTCCAGACCCACTGCTTGACACTCAGTGCGACAACTGCGAGCAAGCTGGCCGCGGCCTGCCGCTGCCGCGCCTGCGGGCATACTGTTGCAATAAGGCGTCGCGGCCGCTCCTGGCAGGATGCCTGTCTGTACCGCGCCATCCTCCCACAGCGAGCATGGGCGCTTCGCGAGGCGAGAGGGTCGCTGCCTGCATGCCGCTGCTTTATCCTCGACGGGAGTGTCCGCACACAGCCCGCGAGGGAGAGAGATGCGAGACCACACGCGAACGCTGCGCATGGGCGATGCGTGTGCGTGCGG
