Seq_1_LinJ.27_plus,LinJ.27,,351,1000,1175405,,,,,589407,589757,,,plus,GGGGACCCCCCAGAGTCGCATCACAAGGTCCAGTACCCCTACTCTGTGCGGGGAAGCCAAGCAGCCCCCACCCTATCCCCCTGCCAATGCCGAACCACTTCTAGTGGTGACAGGGTTCAAGCATCTACGGCGTGCGGGGAGTCAGAGCGTCGTATCGCTACTGATGCCGGCCGTCAAGCCCTAGATGGCGTTACGTTGGAGTAGCCTGCGACCGTGAATACGATTGTATCATACAATAGGCGAAGTGCGGGTGTGACTCGGACGTATCCTATCCGGCCCTCACTTCCCACTTGTGGGGAGCCTGCGCCGCCGCGGGAGGGAGGCACTAGGTGGCGAGCGGCACCTTGGGAG
Seq_2_LinJ.27_plus,LinJ.27,,559,560,1175405,,,,,77959,78517,,,plus,GTATCCCACCCTGTGGGGAGGCCAAGTAGGCCCCTCTCCCCCCTCCTATCCCCTGCCAGCGCCGGAGCCCCACTTCTCGTGGCGACAAGGGCCGAGAGTGCCTACGACGTGGCAGGGGGGGGGTCTGTGCGATGCATGGCCACACTGATGTGTCGGCGGTGGGGCCCTGGGTGGCGTTGCGTCGGGGTGGCCCGCGACAGCGAACACGCTTGTGCCGTCCATGTGGTAGGCAGGGTGTCGGCGTGGCTGGAACGCATTGCACCCGGCCCCGACTGCCGTTGCTGGTGCGGGGGGAGGGGGGGGCTGTGTGCCACCCCTACGGGGATGCACAGCAGGTGGGCGCCGGCGTGACGGGTGCGGGTGTGAGGCGACCTGCAGAGCGCGGCGGTGGTGTGGAGTATGAGGCAGGGGCCGTGCTCGGATGGCTGAGCCGGCGCGTTGCTGTAGGGCGTGTGTGTGCAGGGCTGCTTGGCACCACGCGATGTGCCCGTGACAGGGCCCGGCATAGCGTGGAGTGCAGCTAAGCTCCGATGCACCGTGACAACGAAGGAGCGTGTTG
Seq_3_LinJ.27_plus,LinJ.27,,601,602,1175405,,,,,107839,108439,,,plus,TGCGTAGTATCTCAGCGCCCAGCACACCGCACGCCGTATGCGGTGTATGCTCAGGCAGCCCCCTCTCCCCCCCTCCTATCCCCTGCCAGCGCCGGAGCCCCACTTCTCGTGGTAACAAGGGTCGAGAGTGCCTACGGCGTGGCAGGGGGGGGGGTCTGTGCGATGCATGGCCACACTGATGTGTCGGCGGTGGGGCCCTGGGTGGCGTTGCGTCGGGGTGGCCCGCGACAGCGAACACGCTTGTGCCGTCCATGTGGTAGGCAGGGTGTCGGCGTGGCTGGAACGCATTGCACCCGGCCCCGACTGCCGTTGCTGGTGCGGGGGGAGGGGGGGGCCTGTGTGCCACCCCTACGGGGATGCACAGCAGGTGGGCGCCGGCGTGACGGGCGCGGGTGTGAGGCGACCTGCAGAGCGCGGCGGTGGTGTGGAGTATGAGGCAGGGGCCGTGCTCGGATGGCTGAGCCGGCGCGTTGCTGTAGGGCGTGTGTGTGCAGGGCTGCTTGGCACCACGCGATGTGCCCGTGACAGGGCCCGGCATAGCGTGGAGTGCAGCTAAGCTCCGATGCACCGTGACAGAGAATGGACGGCCTGAAAAGCAAAT
Seq_5_LinJ.27_plus,LinJ.27,,403,404,1175405,,,,,950506,950908,,,plus,TTCCCTTCAGCGCGGTCATTCGCCGCCATGGAGCACGAGCCCAGCCACCCCCACCACCACCACTCTGGCCCCCGGCCCGGCCGCACAGGACCGTCATCGCGCGGCGCGAAGCAGCGGGACACACACGCCTCCCGGCAATGCGCCGCCACAGTCGCCGGGGCGCGGCCTCCGCCTCAACGTCGGCACACCACCCGCGCCCCGCAGGCCGCCTCGCAGCCGCGCCCATTGTGCCCCCCACCCACCCGCCCGCCGCCACCGGGTGCACCCCCTCGGGGTCGCATAAAGGCTCCCCGCCAGCAGGCAGCGAGCACCGGGTGGCGTACGCGCGAGTCGCGCTGACGCTCGGCCCATCGCGCGGACGGCACAAGCGCCTTCACAGTCGCCGGCCGCTCCAGCAACAGCC
Seq_6_LinJ.27_plus,LinJ.27,,548,424,1175405,,,,,945456,946003,,,plus,TCAGCGCGGCCATTTGCCGCCATGGAGCATGAGCCCAGCCACCCCCACCACCACTCTGGCCCCCGGCCCGGCCGCACAGGACCGTCATCGCGCGGCGCGAAGCAGCGGGACACACACGCCTCCCAGCAATGCGCCGCCACAGTCGCCGGGGCGCGGCCTCCGCCTCAACGTCGGCACACCACCCGCGCCCCGCCCGCCGCCACCGGGTGCACCCCCTCGGGGTCGCATAAAGGCTCCCCGCCAGCAGGCAGCGAGCACCGGGTGGCGTGCGCGCGAGTCGCGCTGACGCTCGGCCCATCGCGCGGACGGCACAAGCGCCTTCACAGTCGCCGGCCGCTCCAGCAACACGCCGTCCAGGGCCTGACTGCGGACAGGAGTCGCGCTGGCCTCCCCTGTGGGGTAGGCACCTGACCCTGTCACCACCGGAAGCGGCTCGGCACTGGCAGGGGTAGGGGTGGGGGGCTGCCTGACTTTCGCCACAGAGTGGGGGAGGGGGAGGTACGGGACCGTGAGACGCCACGCACGGAGGTGTCTGGCATCACCAGGGA
Seq_7_LinJ.27_plus,LinJ.27,,600,601,1175405,,,,,960419,961018,,,plus,TTCAACGCGGTCATTCGCCGCCATGGAGCACGAGCCCAGCCACCCCCACCACCACCACCACTCTGGCCCCCGGCCCGGCCACACAGAACCGTCATCGCGCGGCGCGAAGCAGCGGGACACACACGCCTCCCGGCAATGCGCCGCCACAGTCGCCGGGGCGCGGCCTCCGCCTCAACGTCGGCACACCACCCGCGCCCCGCAGGCCGCCTCGCAGCCGCGCCCATTGTGCCCCCCACCCACCCACCCGCCCGCCGCCACCGGGTGCACCCCCTCGGGGTCGCATAAAGGCTCCCCGCCAGCAGGCAGCGAGCACCGGGTGGCGTGCGCGCGAGCCGCGCTGACGCTCGGCCCATCGCGCGGACGGCACAAGCGCCTTCACAGTCGCCGGCCGCTCCAGCAGCACGCCGTCCAGGGCCTGGCTGCGGACAGGAGTCGCGCTGGCCTCCCCTGTGGGGTAGGCACCTGACCCTGTCACCACCGGAAGCGGCTCGGCACTGGCAGGGGTAGGGGTGGGGGGCTGCCTGACTTTCGCCACAGAGTGGGGGAGGGGGAGGTACAGGACCGTGAGACGCCACGCACGGAGGTGTGTGCCCCCCCGCC
Seq_8_LinJ.27_plus,LinJ.27,,556,601,1175405,,,,,963447,964002,,,plus,ATGTCCTTTTCTGCTTCAACGCGGCCATTCGCCGCCATGGAGCATCAGCCCAGCCACCCCCACCACCACTCTGGCCCCCGGCCCGGCCGCACAGGACCGTCATCGCGCGGCGCGAAGCAGCGGGACACACACGCCTCCCAGCAATGCGCCGCCACAGTCGCCGGGGCGCGGCCTCCGCCTCAACGTCGGCACACCACCCGCGCCCCGCCCGCCGCCACCGGGTGCACCCCCTCGGGGTCGCATAAAGGCTCCCCGCCAGCAGGCAGCGAGCACCGGGTGGCGTGCGCGCGAGCCGCGCTGACGCTCGGCCCATCGCGCGGACGGCACAAGCGCCTTCACAGTCGCCGGCCGCTCCAGCAGCACGCCGTCCAGGGCCTGGCTGCGGACAGGAGTCGCGCTGGCCTCCCCTGTGGGGTAGGCACCTGACCCTGTCACCACCGGAAGCGGCTCGGCACTGGCAGGGGTAGGGGTGGGGGGCTGCCTGACTTTCGCCACAGAGTGGGGGAGGGGGAGGTACAGGACCGTGAGACGCCACGCACGGAGGTGTGTGCCCCCC
Seq_9_LinJ.27_plus,LinJ.27,,559,484,1175405,,,,,974502,975060,,,plus,ATGTCCTTTTCTGCTTCAACGCGGTCATTCGCCGCCATGGAGCATCAGCCCAGCCACCCCCACCACCACCACTCTGGCCCCCGGCCCGGCCACACAGGACCGTCATCGCGCGGCGCGAAGCAGCGGGACACACACGCCTCCCAGCAATGCGCCGCCACAGTCGCCGGGGCGCGGCCTCCGCCTCAACGTCGGCACACCACCCGCGCCCCGCCCGCCGCCACCGGGTGCACCCCCTCGGGGTCGCATAAAGGCTCCCCGCCAGCAGGCAGCGAGCACCGGGTGGCGTGCGCGCGAGCCGCGCTGACGCTCGGCCCATCGCGCGGACGGCACAAGCGCCTTCACAGTCGCCGGCCGCTCCAGCAACACGCCGTCCAGGGCCTGGCTGCGGACAGGAGTCGCGCTGGCCTCCCCTGTGGGGTAGGCACCTGACCCTGTCACCACCGGAAGCGGCTCGGCACTGGCAGGGGTAGGGGTGGGGGGCTGCCTGACTTTCGCCACAGAGTGGGGGAGGGGGAGGTACGGGACCGTGAGACGCCACGCACGGAGGTGTGTGCCCCCA
Seq_10_LinJ.27_plus,LinJ.27,,588,561,1175405,,,,,30339,30926,,,plus,TTCCTGCTGGTCCATTCTCTGTCACGGTGCATTGAGCTCAATTCCGCCCCGGCCCTGTCACGGGCACATCGCGTGGTGCCAAGCAGCCCTGCACACACACGCCCTACAGCAACGCGCCGGCTCAGCCATCCGAGCACGGCCCCTGCCTCATACTCCACACCACCGCCGCGCTCTGCAGGTCGCCTCACACCCGCACCCGTCACGCCGGCGCCCACCTGCTGTGCATCCTCGTAGGGGTGGCACACAGGCCCCCCCCTCCCCCCGCACCAGCAACGGCAGTCGGGGCCGGGTGCAATGCGTTCCAGCCACGCCGACACCCTGCCTACCACATGGACGGCACAAGCGTGTTCGCTGTCGCGGGCCACCCCGACGCAACGCCACCCAGGGCCCCACCGCCGACACATCAGTGTGGCCATGCATCGCACAGACCCCCCCCCCCTGCCACGCCGTAGGCACTCTCGACCCTTGTCACCACGAGAAGTGGGGCTCCGGCGCTGGCAGGGGATAGGAGGGGGGAGAGGGAGCCGCCTGGGCATACACCGCATACGGCGTGCGGTGTGCTGGGCGCTGAGATACTACGCAGAGTGA
Seq_11_LinJ.27_plus,LinJ.27,,618,618,1175405,,,,,130524,131141,,,plus,TCCATTCTCTGTCACGGTGCATCGGAGCTTAGCTGCACTCCACGCTATGCCGGGCCCTGTCACGGGCACATCGCGTGGTGCCAAGCAGCCCTGCACACACACGCCCTACAGCAACGCGCCGGCTCAGCCATCCGAGCACGGCCCCTGCCTCATACTCCACACCACCGCCGCGCTCTGCAGGTCGCCTCACACCCGCACCCGTCACGCCGGCGCCCACCTGCTGTGCATCCCCGTAGGGGTGGCACACAGGCCCCCTCCCCCCGCACCAGCAACGGCAGTCGGGGCCGGGTGCAATGCGTTCCAGCCACGCCGACACCCTGCCTACCACATGGACGGCACAAGCGTGTTCGCTGTCGCGGGCCACCCCGACGCAACGCCACCCAGGGCCCCACCGCCGACACATCAGTGTGGCCATGCATCGCACAGACCCCCCCCTTGCCACGTCGTAGGCACTCTCGGCCCTTGTCACCACGAGAAGTGGGGCTCCGGCGCTGGCAGGGGATAGGAGGGGGCGGGGGAGAGAGGGAGCTGCCTGAGCATACACCGCATACGGTGTGCGGTGTGCTGGGCGCTGAGGTACCACGCAGAGTGAGGGGTGTCCCTCTGGTCAGCAGGGCA
Seq_18_LinJ.27_plus,LinJ.27,,287,288,1175405,,,,,761012,761298,,,plus,ACCACGACTATGCCAAGCAGCAGGGCCGACCAACACCGCTTGGCGCCGCTCAGCCCACCGCAATGCCACTGCGTACACCGCAGGCTAAGCCCAGAACGACGCTCGACATCACTGCAACGCCGCGAATGCCGAAAAACAGCAGGCGGGTGTGTACACCTGTTGAAATGGTCGACACGATGCGTAGTGAGCCGGCACAAGCGTGATCACCATGGTCACACGTCTCTTCGGCACGGCGCCAGCAACGACCTGTCCGCCGACGCCACGAGTCCGCCAGTCCGTACCCCCGA
Seq_19_LinJ.27_plus,LinJ.27,,599,600,1175405,,,,,319730,320328,,,plus,CGAGGACAACTGCATGAATTGCGAACCTGGCCACCGGTTTCCGATGCCACGCCGACGTCTCGCGAGAACCGCGCTGCACGATGCGACACGCTGGCACACGGGGGCTCCTTGACGGCAGCGGTTCCACACCAGAAGAACGAGGACGCTGAGCTCACCAGACGGCCGGAGACCGTGCTCGCCCAGCTCCGCACGGGCGCCTGTCCGCACTTCGGATTCCGCCAACGGTGGGTGGCCGGCAGTGACAGCATGGAGCTCACATGGTGTGGTGCCTTCTACTCCGCTAGAATTGCGGTACCTCCGCCCCTGCCAGGGCCCTCGTCCTCGCCCTCGAGCGGGTCCGCGGACACGGGTCGCGAGGATCAAGACATGCAGCCCACCCGAGCCCGTCTGTCGCCGGTCGTGCAGCACGCGTCCGAAGAAGGGACGAGAAAGCACAGTAGCGAGCCCGTTCGACGCGCAGCCCTTGATTGGACGGCAGGACGCTTCGTCCTACACGACGGAGGTTGAGCCGTGGCGCAGCAGGGGTAGGTGAGCTGTGGCTGCACGCGCATATCAGTCGACTTGCTCGTGGGCGAATCGCCACGCGTTGAGAACGAGAA
Seq_20_LinJ.27_plus,LinJ.27,,549,864,1175405,,,,,88127,88675,,,plus,CTCCGTGAGCTGTACCGCAGCGCCTAGCACACCCCACACCGTATGCGGTGTATGCCCAGGCAGCCCCCTCTCCCCCCTCCTATCCCCTGCCAGCGCCGGAGCCCCACTTCTCGTGGTGACAAGGGCCGAGAGTGCCTACGGCGTGGCAGGGGGGGGGGTCTGTGCGATGCATGGCCACACTGATGTGTCGGCGGTGGGGCCCTGGGTGGCGTTGCGTCGGGGTGGCCCGCGACAGCGAACACGCTTGTGCCGTCCATGTGGTAGGCAGGGTGTCGGCGTGGCTGGAACGCATTGCACCCGGCCCCGACTGCCGTTGCTGGTGCGGGGGGAGGGGGGGGCCTGTGTGCCACCCCTACGGGGATGCACAGCAGGTGGGCGCCGGCGTGACGGGTGCGGGTGTGCGGCGACCTGCAGAGCGCGGCGGTGGTGTGGAGTATGAGGCAGGGGCCGTGCTCGGATGGCTGAGCCGGCGCGTTGCTGTAGGGCGTGTGTGTGCAGGGCTGCTTGGCACCACGCGATGTGCCTGTGACAGGGCCGGGGCAGCGTGGG
Seq_21_LinJ.27_plus,LinJ.27,,546,547,1175405,,,,,82991,83536,,,plus,GTATCCCACCCTGTGGGGAGGCCAAGTAGGCCCCTCTCCCCCCTCCTATCCCCTGCCAGCGCCGGAGCCCCACTTCTCGTGGTGACAAGGGTCGAGAGTGCCTACGACGTGGCAGGGGGGGGGTCTGTGCGATGCATGGCCACACTGATGTGTCGGCGGTGGGGCCCTGGGTGGCGTTGCGTCGGGGTGGCCCGCGACAGCGAACACGCTTGTGCCGTCCATGTGGTAGGCAGGGTGTCGGCGTGGCTGGAACGCATTGCACCCGGCCCCGACTGCCGTTGCTGGTGCGGGGGGAGGGGGCCTGTGTGCCACCCCTACGGGGATGCACAGCAGGTGGGCGCCGGCGTGACGGGTGCGGGTGTGCGGCGACCTGCAGAGCGCGGCGGTGGTGTGGAGTATGAGGCAGGGGCCGTGCTCGGATGGCTGAGCCGGCGCGTTGCTGTAGGGCGTGTGTGTGCAGGGCTGCTTGGCACCACGCGATGTGCCCGTGACAGGGGCGGGGCGGAGTTCAGCTCCGATGCACCGTGACAGAGAAGGAGCGTGTTG
Seq_22_LinJ.27_plus,LinJ.27,,535,704,1175405,,,,,695928,696462,,,plus,CCCCCCTTGATGAGGAAGCCAGGCAGCCTCCCTCTCTCTCCATCCCCCCATTTCCCCATCCCCTGCCAAATGCCGAACCTCTTCTGGTGGTGACAGGGTCAGGCACCCGCGACGTAGGGAGGTGAGAGCGACTCACTGCTACGGATGTCGGCGGCCAGGCCCTGGATGGCGTGGCGTGGGAGCGACCTGCGACAGCGAACACGCTTGTGCCATCCATGTGCTAGGCAGAGCGTCATGGTGACTCGAACGCATCCCATCCGGCCCTCGCACTGGCCACTGGTGGTAGGCAGCCTGCGTGCCGCCCCGAGGCGGGATGCACCAAGGGTGGCGACCGGCACGGTGGGGGAGCGGCTGTGCGGCTGCCTGCGACGCGTGTGCTGAGGGCAGAGGTTTGGGGCAGAGGCCGTGCTCAGATGGCTGAGTCGGGTGCACTGCTGCAACGCGCGTGTCTACGTCTGCTCCGCACCACGCGGATGGGGCCCATGGTCGGGCCGGGGGCCGAGTGCCGCTTCGCTCATGTCACTTGGCAGAGAGT
Seq_23_LinJ.27_plus,LinJ.27,,773,731,1175405,,,,,670508,671280,,,plus,CCCACTACCACCACCACACACCCCTCACGACCTCTGCTGCGTCGTCTCCTCCTTTTTGGTTTCGCCTGTTTCATTCGGCATTATCCTTACGGCGGTTGTTGTGGATGGGCTTCTCTTTTTGTCGCTGCCGCTCCTTCCATCTCACTGGCAAAAGCTCGCCCCGGATGATTGGGTGGGCACCGCAGTGCGCGGTATCCAGTGCCCAGTACTCCCCGTGCTCTCCCCCCTTGATGAGGAAGCCAGGCAGCCTCCCTCTCTCTCCATCCCCCCATTTCCCCATCCCCTGCCAAATGCCGAACCTCTTCTGGTGGTGACAGGGTCAGGCACCCGCGACGTAGGGAGGTGAGAGCGACTCACTGCTACGGATGTCGGCGGCCAGGCCCTGGATGGCGTGGCGTGGGAGCGACCTGCGACAGCGAACACGCTTGTGCCATCCATGTGCTAGGCAGAGCGTCATGGTGACTCGAACGCATCCCATCCGGCCCTCGCACTGGCCACTGGTGGTAGGCAGCCTGCGTGCCGCCCCGAGGCGGGATGCACCAAGGGTGGCGACCGGCACGGTGGGGGAGCGGCTGTGCGGCTGCCTGCGACGCGTGTGCTGAGGGCAGAGGTTTGGGGCAGAGGCCGTGCTCAGATGGCTGAGTCGGGTGCACTGCTGCAACGCGCGTGTCTACGTCTGCTCCGCACCACGCGGATGGGGCCCATGGTCGGGCCGGGGGCCGAGTGCCGCTTCGCTCAGGTCACATGGCAGAGAGTCGGCACACGTTGGTACG
Seq_24_LinJ.27_plus,LinJ.27,,997,1000,1175405,,,,,663291,664287,,,plus,TACCACCACCACACACCCCTCACGACCTCTGCTGCGTCGTCTCCTCCTTTTTGGTTTCGCCTGTTTCATTCGGCATTATCCTTACGGCGGTTGTTGTGGATGGGCTTCTCTTTTTGTCGCTGCCGCTCCTTCCATCTCACTGGCAAAAGCTCGCCCCGGATGATTGGGTGGGCACCGCAGTGCGCGGTATCCAGTGCCCAGTACTCCCCGTGCTCTCCCCCCTTGATGAGGAAGCCAGGCAGCCTCCCTCTCTCTCCATCCCCCCATTTCCCCATCCCCTGCCAAATGCCGAACCTCTTCTGGTGGTGACAGGGTCAGGCACCCGCGACGTAGGGAGGTGAGAGCGACTCACTGCTACGGATGTCGGCGGCCAGGCCCTGGATGGCGTGGCGTGGGAGCGACCTGCGACAGCGAACACGCTTGTGCCATCCATGTGCTAGGCAGAGCGTCATGGTGACTCGAACGCATCCCATCCGGCCCTCGCACTGGCCACTGGTGGTAGGCAGCCTGCGTGCCGCCCCGAGGCGGGATGCACCAAGGGTGGCGACCGGCACGGTGGGGGAGCGGCTGTGCGGCTGCCTGCGACGCGTGTGCTGAGGGCAGAGGTTTGGGGCAGAGGCCGTGCTCAGATGGCTGAGTCGGGTGCACTGCTGCAACGCGCGTGTCTACGTCTGCTCCGCACCACGCGGATGGGGCCCATGGTCGGGCCGGGGGCCGAGTGCCGCTTCGCTCAGGTCACATGCAGAGAGTCGGCACACGTTGGTACAAGCACATTGTTTTTTTAATGTTCAAGGCACCAAGCAAGCCAGAGCACCGATTTCTTCTGCTGCTCAGTGCTCCTTATCCCCCCATCTCGTGTACTCTCTGTGCGGTCTCTCGCGCCGTCTCCTTGCGTGCCTCGCGGGGCTAGTTGTACGGTGAAGAAGATGTGCTTGTGTGTATGTGGGAGGAAGGAGGGACTGGGCGCTGCAGGAACACGTGTGCGCAGGGTGGATCG
Seq_25_LinJ.27_plus,LinJ.27,,997,731,1175405,,,,,656070,657066,,,plus,TACCACCACCACACACCCCTCACGACCTCTGCTGCGTCGTCTCCTCCTTTTTGGTTTCGCCTGTTTCATTCGGCATTATCCTTACGGCGGTTGTTGTGGATGGGCTTCTCTTTTTGTCGCTGCCGCTCCTTCCATCTCACTGGCAAAAGCTCGCCCCGGATGATTGGGTGGGCACCGCAGTGCGCGGTATCCAGTGCCCAGTACTCCCCGTGCTCTCCCCCCTTGATGAGGAAGCCAGGCAGCCTCCCTCTCTCTCCATCCCCCCATTTCCCCATCCCCTGCCAAATGCCGAACCTCTTCTGGTGGTGACAGGGTCAGGCACCCGCGACGTAGGGAGGTGAGAGCGACTCACTGCTACGGATGTCGGCGGCCAGGCCCTGGATGGCGTGGCGTGGGAGCGACCTGCGACAGCGAACACGCTTGTGCCATCCATGTGCTAGGCAGAGCGTCATGGTGACTCGAACGCATCCCATCCGGCCCTCGCACTGGCCACTGGTGGTAGGCAGCCTGCGTGCCGCCCCGAGGCGGGATGCACCAAGGGTGGCGACCGGCACGGTGGGGGAGCGGCTGTGCGGCTGCCTGCGACGCGTGTGCTGAGGGCAGAGGTTTGGGGCAGAGGCCGTGCTCAGATGGCTGAGTCGGGTGCACTGCTGCAACGCGCGTGTCTACGTCTGCTCCGCACCACGCGGATGGGGCCCATGGTCGGGCCGGGGGCCGAGTGCCGCTTCGCTCAGGTCACATGGCAGAGAGTCGGCACACGTTGGTACAAGCACATTGTTTTTTTAATGTTCAAGGCACCAAGCAAGCCAGAGCACCGATTTCTTCTGCTGCTCAGTGCTCCTTATCCCCCATCTCGTGTACTCTCTGTGCGGTCTCTCGCGCCGTCTCCTTGCGTGCCTCGCGGGGCTAGTTGTACGGTGAAGAAGATGTGCTTGTGTGTATGTGGGAGGAAGGAGGGACTGGGCGCTGCAGGAACACGTGTGCGCAGGGTGGATCG
Seq_26_LinJ.27_plus,LinJ.27,,519,519,1175405,,,,,484855,485373,,,plus,AGAACCCCTCAGTGCGTCGTGTCGCAGGGCCCAGCACACACACCACTCTGTGTGTGTGTGTGTGTGTGTGGCTGTGGGGAAGCGAGCCAGCCCCCCAACCCCTAAACCCCTGCCAAGTGCCCCAGCCACCTCGGGTGGTGGCGGGGCCCAGCACCGACGACGTAGGGGAGGTCAGAGCGATGTATCGCTGCTGATGTCGCTGGTGAGGTTGTGGAGGGCGTGGCATCGGAGCGGCCAGCGTGGCTCGAACACATCTCCCCCCTCTCCCTCCCCCTCCGGGCCCCTCACTCTGCCCAGCGGTGCAGGGAGCCTGCACCACTCTCAAGGAGGGTGCGGCTGTGTAGCGCTTGGGACGGAGGCCGTACCCAGATGGCTGTGTCGGCGCAGTGCTGTACCGCTTATGCCTACCGCTGCCTCGCGCCAGGCCATGTGGGCCGGTGTGACGGGGCCGGCTGGAGGGGAGTGGAGTGGCGTGCAGCTCGCGTTGCATGGACAGAGCAAGGGGCACACGCGGAAACG
Seq_27_LinJ.27_plus,LinJ.27,,888,889,1175405,,,,,473359,474246,,,plus,CCCCTGATGACGCCCACCACCTCGCCGGTGGTATCTCACGGCCCAGCACCCACTGTGTGGGAAAGCCAAAGACCCTGCAGCCTGCCCTCGGGTACCGCTGGCGGGCTCCTCGGTATCGGCGGACAGGTATGGGCTATCGCTGTGCCGAGGAGGCTTGCCGTCGTGATGATCACCTTTGCAGCAGCGCACTACGAATCGTGCCGACGATCCGACACATGTCGGAGGACGAGATCCATACCTATCACCCGCCCCCACACACACAGGCGCACCGAAAAAAAAAAGAACGTGCATGCTCGGGAAACATGCGGCATCTCCTGCATGCGACCGTGTGGGCCGATGCGGCGCAGATGCGGGAAGCGCGATGAGAGCACCCTCGAGTTGCACCACCGAGTCCTCCAGACTCCCATGTAAAGTGGCACCACACTGTATGACGGCATGCCGCGGCTTGAAGCGGCCGAGGGCGAAACACGGCGCACAGGCAGGGCAGAGGGTCGCAGAGGGCCCTGACCTGCGGCTGGCCCACTTCCTCTCTGAGCTCCTCCTCCATTCACTTATATCCGCCCCCTAGTGCCCGCACGACAGACGCCACTGCCTCCGCCCTCGAGCAGAGCCCTGGACGCGGCCCGGGTGGATCAAGGCATGCAGTCCCGCCAGGTCCGCCTGGCGCCGATCGCGCAACACGCACCCGGGGAAGGGACGAGGAAGAAGAGGAAGAGCCGGTTAGACGCGCGGCCCGATCCGACGGCAGGCCGCTCGTCCTGGACGACCAGGCCTTAGCCGTGGCGCAACAGTCGCAGGCGAGCTGTGGCTGTGTGCGTGTAGGCTTGCTGACTTGTCCGTGGAAGTGGAATGGACATGTCGAGGGAAAAGTATATACCAAAGAGGGAA
Seq_28_LinJ.27_plus,LinJ.27,,895,896,1175405,,,,,463983,464877,,,plus,CCCCATTTCTCCTTTTTGGTATATACTTTTCCCTCGACATGTCCATTCCACTTCCACGGACAAGTCAGCAAGCCTACACGCACACAGCCACAGCTCGCCTGCGACTGTTGCGCCACGGCTAAGGCCTGGTCGTCCAGGACGAGCGGCCTGCCGTCGGATCGGGCCGCGCGTCTAACCGGCTCTTCCTCTTCTTCCTCGTCCCTTCCCCGGGTGCGTGTTGCGCGATCGGCGCCAGGCGGACCTGGCGGGACTGCATGCCTTGATCCACCCGGGCCGCGTCCAGGGCTCTGCTCGAGGGCGGAGGCAGTGGCGTCTGTCGTGCGGGCACTAGGGGGCGGATATAAGTGAATGGAGGAGGAGCTCAGAGAGGAAGTGGGCCAGCCGCAGGTCAGGGCCCTCTGCGACCCTCTGCCCTGCCTGTGCGCCGTGTTTCGCCCTCGGCCGCTTCAAGCCGCGGCATGCCGTCATACAGTGTGGTGCCACTTTACATGGGAGTCTGGAGGACTCGGTGGTGCAACTCGAGGGTGCTCTCATCGCGCTTCCCGCATCTGCGCCGCATCGGCCCACACGGTCGCATGCAGGAGATGCCGCATGTTTCCCGAGCATGCACGTTCTTTTTTTTTTCGGTGCGCCTGTGTGTGTGGGGGCGGGTGATAGGTATGGATCTCGTCCTCCGACATGTGTCGGATCGTCGGCACGATTCGTAGTGCGCTGCTGCAAAGGTGATCATCACGACGGCAAGCCTCCTCGGCACAGCGATAGCCCATACCTGTCCGCCGATACCGAGGAGCCCGCCAGCGGTACCCGAGGGCAGGCTGCAGGGTCTTTGGCTTTCCCACACAGTGGGTGCTGGGCCGTGAGATACCACCGGCGAGGTGGTGGGCGTCATCAGGGG
Seq_29_LinJ.27_plus,LinJ.27,,863,864,1175405,,,,,439946,440808,,,plus,TGCCCATTCCACTTCCACGAACAAGTCAGCAAGCCTACACGCGCACAGCCACAGCTCGCCTGCGACTGTTGCGCCACGGCTAAGGCCTGGTCGTCCAGGACGAGCGGCCTGCCGTCGGATCGGGCCGCGCGTCTAACCGGCTCTTCCTCTTCTTCCTCGTCCCTTCCCCGGGTGCGTGTTGCGCGATCGGCGCCAGGCGGACCTGGCGGGACTGCATGCCTTGATCCACCCGGGCCGCGTCCAGGGCTCTGCTCGAGGGCGGAGGCAGTGGCGTCTGTCGTGCGGGCACTAGGGGGCGGATATAAGTGAATGGAGGAGGAGCTCAGAGAGGAAGTGGGCCAGCCGCAGGTCAGGGCCCTCTGCGACCCTCTGCCCTGCCTGTGCGCCGTGTTTCGCCCTCGGCCGCTTCAAGCCGCGGCATGCCGTCATACAGTGTGGTGCCACTTTACATGGGAGTCTGGAGGACTCGGTGGTGCAACTCGAGGGTGCTCTCATCGCGCTTCCCGCATCTGCGCCGCATCGGCCCACACGGTCGCATGCAGGAGATGCCGCATGTTTCCCGAGCATGCACGTTCTTTTTTTTTTTCGGTGCGCCTGTGTGTGTGGGGGCGGGTGATAGGTATGGATCTCGTCCTCCGACATGTGTCGGATCGTCGGCACGATTCGTAGTGCGCTGCTGCAAAGGTGATCATCACGACGGCAAGCCTCCTCGGCACAGCGATAGCCCATACCTGTCCGCCGATACCGAGGAGCCCGCCAGCGGTACCCGAGGGCAGGCTGCAGGGTCTTTGGCTTTCCCACACAGTGGGTGCTGGGCCGTGAGATACCACCGGCGAGGTGGTGGGCGTCATCAGGGGCCGCTT
Seq_30_LinJ.27_plus,LinJ.27,,566,541,1175405,,,,,383194,383759,,,plus,TTTTGTTTGCTTGCATTTTGCACTCCCGGACGACGAGGGGGGTGGAGGGTGCACCCCTCAGTGCGTCGTGTCGCAGGGCCCAGCACGCACCCCACTCTGTGTGTGTGTGTGTGTGTGTGTGGCTGTGGGGAAGCGAGCCAGCCCCCCAACCCCTAAACCCCTGCCAAGTGCCCCAGCCACCTCGGGTGGTGGCGGGGCCCAGCACCGACGACGTAGGGGAGGTCAGAGCGATGTATCGCTGCTGATGTCGCTGCCGAGGTTGTGGAGGGCGTGGCGCCGGAGCGGCCAGCGTGGCTCGAACACATCTCCCCCCTCTCCCTCCCCCTCCGGGGCCCTCACTCTGCCCAGCGGTGCAGGGAGCCTGCGCCACTCTCAAGGAGGGTGAGGCTGTGTAGCGCTTGGGACGGAGGCCGTACCCAGGTGACTGTGTTGGCGCAGTGCTGTACCGCGTATGCCTACCGCTGCCTCGCGCCAGGCCATGTGGGCCGGTGTGAAGGGGCCGGCTGGAGGGGAGTGGAGTGGAGTGCAGGTCGCGTTGCACGGGCAGAGCAAGGGGCACACGCTGA
Seq_31_LinJ.27_plus,LinJ.27,,615,601,1175405,,,,,142415,143029,,,plus,TGCCCTGCTGACCAGAGGGACACCCCTCACTCTGCGTGGTACCTCAGCGCCCAGCACACCCCACACCGTATGCGGTGTATGCCCAGGCGGCTCCCTCTTCCCCCCCCCTCCTATCCCCTGCCAGCGCCGGAGCCCCACTTCTCGTGGTGACAAGGGCCGAGAGTGCCTACGACGTGGCAGGGGGGGGTCTGTGCGATGCATGGCCACACTGATGTGTCGGCGGTGGGGCCCTGGGTGGCGTTGCGTCGGGGTGGCCCGCGACAGCGAACACGCTTGTGCCGTCCATGTGGTAGGCAGGGTGTCGGCGTGGCTGGAACGCATTGCACCCGGCCCCGACTGCCGTTTCTGGTGCGGGGGGAGGGGGCCTGTGTGCCACCCCTACGGGGATGCACAGCAGGTGGGCGCCGGCGTGACGGGTGCGGGTGTGCGGCGACCTGCAGAGCGCGGCGGTGGTGTGGAGTATGAGGCAGGGGCCGTGCTCGGATGGCTGAGCCGGCGCGTTGCTGTAGGGCGTGTGTGTGCAGGGCTGCTTGGCACCACGCGATGTGCCCGTGACAGGGCCCGGCATAGCGTGGAGTGCAGCTAAGCTCCGATGCACCGTGACAGAGAACGGAG
Seq_33_LinJ.27_plus,LinJ.27,,601,563,1175405,,,,,988509,989109,,,plus,TTCAACGCGGTCATTCGCCGCCATGGAGCACGAGCCCAGCCACCCCCACCACCACCACCACTCTGGCCCCCGGCCCGGCCACACAGAACCGTCATCGCGCGGCGCGAAGCAGCGGGACACACACGCCTCCCGGCAATGCGCCGCCACAGTCGCCGGGGCGCGGCCTCCGCCTCAACGTCGGCACACCACCCGCGCCCCGCAGGCCGCCTCGCAGCCGCGCCCATTGTGCCCCCCACCCACCCACCCGCCCGCCGCCACCGGGTGCACCCCCTCGGGGTCGCATAAAGGCTCCCCGCCAGCAGGCAGCGAGCACCGGGTGGCGTGCGCGCGAGCCGCGCTGACGCTTGGCCCATCGCGCGGACGGCACAAGCGCCTTCACAGTCGCCGGCCGCTCCAGCAACACGCCGTCCAGGGCCTGGCTGCGGACAGGAGTCGCGCTGGCCTCCCCTGTGGGGTAGGCACCTGACCCTGTCACCACCGGAAGCGGCTCGGCACTGGCAGGGGTAGGGGTGGGGGGCTGCCTGACTTTCGCCACAGAGTGGGGGAGGGGGAGGTACGGGACCGTGAGACGCCACGCACGGAGGTGTGTGCCCACTCGCCG
Seq_34_LinJ.27_plus,LinJ.27,,495,575,1175405,,,,,836111,836605,,,plus,GCAGCTCCTCCTGCTGCTGCTGCTTCTGTTGTCGCTTGTGTCTAACGTGTGCCCCCTCCCCTCCCCTTCTCCTGCCATACAAGATCAGTCACACTCTGCACACACACACACAGCTGGCCCCCTGTCACAAAGCCCTCATCGCGTGGTGCCGCCCCCTTGGGGGAGGGGGGGAGGGGGGCGCAGGCTCCCCCACCAGTTGGCAGTGTGAGGGCCGGGGTGAGATACACGCTCGAGTCACGCGAACACGTTGTCCATCATGTGGATGGCACAAGCGTGTTCACTGTTGCAGGTCGCTCCGACGCAACATCATTCAGGGCCTGCCCGCCGACATCCGCAGCAATGTATCGCTCTGACCTCCCCACGTCGCGGGTGCTTGACCTTGTCATCACCAGAAGTGGAGCGGCGCTGGCAGAGGTAAGAGGGAGAGGCTCTGCTCAGCCTCCCCACAGAATCGGGGTGTACTGGGCCCTGAGGATGCCACGCACTGGGGTGTTA
Seq_35_LinJ.27_plus,LinJ.27,,495,555,1175405,,,,,811015,811509,,,plus,GCAGCTCCTCCTGCTGCTGCTGCTTCTGTTGTCGCTTGTGTCTAACGTGTGCCCCCTCCCCTCCCCTTCTCCTGCCATACAAGATCAGTCACACTCTGCACACACACACACAGCTGGCCCCCTGTCACAAAGCCCTCATCGCGTGGTGCCGCCCCCTTGGGGGAGGGGGGGAGGGGGGCGCAGGCTCCCCCACCAGTTGGCAGTGTGAGGGCCGGGGTGAGATACACGCTCGAGTCACGCGAACACGTTGTCCATCATGTGGATGGCACAAGCGTGTTCACTGTTGCAGGTCGCTCCGACGCAACATCATTCAGGGCCTGCCCGCCGACATCCGCAGCAATGTATCGCTCTGACCTCCCCACGTCGCGGGTGCTTGACCTTGTCATCACCAGAAGTGGAGCGGCGCTGACAGGGGTAAGAGGGAGAGGCTCTGCTCAGCCTCCCCACAGAATCGGGGTGTACTGGGCCCTGAGGATACCACGCACTGGGGTGTTC
Seq_36_LinJ.27_plus,LinJ.27,,482,603,1175405,,,,,741656,742137,,,plus,CTGCCAAATGCCGAACCTCTTCTGGTGGTGACAGGGTCAGGCACCCGCGACGTAGGGAGGTGAGAGCGACTCACTGCTACGGATGTCGGCGGCCAGGCCCTGGATGGCGTGGCGTGGGAGCGACCTGCGACAGCGAACACGCTTGTGCCATCCATGTGCTAGGCAGAGCGTCATGGTGACTCGAGCGCATCCCATCTGGCCCTCGCACTGGCCACTGGTGGTAGGCAGCCTGCGTGCCGCCCCGAGGCGGGATGCACCAAGGGTGGCGACCGGCACGGTGGGGGAGCGGCTGTGCGGCTGCCTGCGACGCGTGTGCTGAGGGCAGAGGTTTGGGGCAGAGGCCGTGCTCAGATGGCTGAGTCGGGTGCACTGCTGCAACGCGCGTGTCTACGTCTGCTCCGCACCACGCGGATGGGGCCCATGGTCGGGCCGGGGGCCGAGTGCCGCTTCGCTCATGTCACATGGCAGAGAGTGGACACGTC
Seq_38_LinJ.27_plus,LinJ.27,,837,838,1175405,,,,,649014,649850,,,plus,GGGTGGGCACCGCAGTGCGCGGTATCCAGTGCCCAGTACTCCCCGTGCTCTCCCCCCTTGATGAGGAAGCCAGGCAGCCTCCCTCTCTCTCCATCCCCCCATTTCCCCGTCCCCTGCCAAATGCCGAACCTCTTCTGGTGGTGACAGGGTCAGGCACCCGCGACGTAGGGAGGTGAGAGCGACTCACTGCTACGGATGTCGGCGGCCAGGCCCTGGATGGCGTGGCGTGGGAGCGACCTGCGACAGCGAACACGCTTGTGCCATCCATGTGCTAGGCAGAGCGTCATGGTGACTCGAACGCATCCCATCTGGCCCTCGCACTGGCCACTGGTGGTAGGCAGCCTGCGTGCCGCCCCGAGGCGGGATGCACCAAGGGTGGCGACCGGCACGGTGGGGGAGCGGCTGTGCGGCTGCCTGCGACGCGTGTGCTGAGGGCAGAGGTTTGGGGCAGAGGCCGTGCTCAGATGGCTGAGTCGGGTGCACTGCTGCAACGCGCGTGTCTACGTCTGCTCCGCACCACGCGGATGGGGCCCATGGTCGGGCCGGGGGCCGAGTGCCGCTTCGCTCAGGTCACATGGCAGAGAGTCGGCACACGTTGGTACAAGCACATTGTTTTTTTAATGTTCAAGGCACCAAGCAAGCCAGAGCACCGATTTCTTCTGCTGCTCAGTGCTCCTTATCCCCCCATCTCGTGTACTCTCTGTGCGGTCTCTCGCGCCGTCTCCTTGCGTGCCTCGCGGGGCTAGTTGTACGGTGAAGAAGATGTGCTTGTGTGTATGTGGGAGGAAGGAGGGACTGGGCGCTGCAGGAACACGTGTGCGCAGGGTGGATCGGTGT
Seq_39_LinJ.27_plus,LinJ.27,,351,555,1175405,,,,,580349,580699,,,plus,CTCCCAAGGTGCCGCTCGCCACCTAGTGCCTCCCTCTCGCGGCGGCGCAGGCTCCCCACAAGTGGGAAGTGAGGGCCGGATAGGATACGTCCGAGTCACACCCGCACTTCGCCTATTGTATGATACAATCGTATTCACGGTCGCAGACTACTCCAACGTAACGCCATCTAGGGCTTGACGGCCGGCATCAGTAGCGATACGACGCTCTGACTCCCCGCACGCCGTAGATGCTTGAACCCTGTCACCACTAGAAGTGGTTCGGCATTGGCAGGGGGATAGGGTGGGGGCTGCTTGGCTTCCCCGCACAGAGTGGGGGTACTGGACCCTGTCATGCGACTCTGGGGGGTCCCC
Seq_40_LinJ.27_plus,LinJ.27,,523,524,1175405,,,,,550809,551331,,,plus,TCTGTTTTGTTTCACCGTGTGCCCCTTGCTCTGCCCGTGCAACGCGAGCTGCACGCCACTCCACTCCCCTCCAGCCGGCCCCGTCACACCGGCCCACATGGCCTGGCGCGAGGCAGCGGTAGGCATACGCGGTACAGCACTGCGCCAACACAGTCACCTGGGTACGGCCTCCGTCCCAAGCGCTACACAGCCGCACCCTCCTTGAGAGTGGTGCAGGCTCCCTGCACCGCTGGGCAGAGTGAGGGGCCCGGAGGGGGAGGGAGAGGGGGGAGATGTGTTCGAGCCACGCTGGCCGCTCCGACGCCACGCCCTCCGCAACCTCACCAGCGACATCAGCAGCGATACATCGCTCTGACCTCCCCTACGTTGTCGGTGCTGGGCCCCGCCACCACCCGAGGTGGCTGGGGCACTTGGCAGGGGTTTAGGGGTTGGGGGGCTGGCTCGCTTCCCCACAGCCACACACACACACACACACAGAGTGGGGTGCGTGCTGGGCCCTGCGACACGACGCGCTGAGGGGTGC
Seq_41_LinJ.27_plus,LinJ.27,,777,598,1175405,,,,,51569,52345,,,plus,TTCTCTGTCACGGTGCATCGGAGCTTAGCTGCACTCCACGCTATGCCGGGCCCTGTCACGGGCACATCGCGTGGTGCCAAGCAGCCCTGCACACACACGCCCTACAGCAACGCGCCGGCTCAGCCATCCGAGCACGGCCCCCGCCTCATACTCCACACCACCGCCGCGCTCTGCAGGTCGCCTCACACCCGCACCCGTCACGCCGGCGCCCACCTGCTGTGCATCCCCGTAGGGGTGGCACACAGGCCCCCTCCCCCCGCACCAGCAACGGCAGTCGGGGCCGAGTGCAATGCGTTCCAGCCACGCCGACACCCTGCCTACCACATGGACGGCACAAGCGTGTTCGCTGTCGCGGGCCACCCCGACGCAACGCCACCCAGGGCCCCACCGCCGACACATCAGTGTGGCCATGCATCGCACAGACCCCCCCCCCTGCCACGCCGTAGGCACTCTCGACCCTTGTCACCACGAGAAGTGGGGCTCCGGCGCTGGCAGGGTATAGGAGGGGGAGAGGGAGCCGCCTGGGCATACACCGCATACGGCGTGCGGTGTGCTGGGCGCTGAGGTACTACGCACGGAGACATCCTTCAGCCATGAGGGCAAGTATTAGGTGCGCAAGAGTACGAAATGAGGTCTTTACGAGGTTGCGTAAGTGCCAGTGGGATGTAGCGGAGGGCGAATTGACGTGTGACGCGTGGCGTGCTCGCCTGTTCGCTTCTTGTTCGTTTTCGGTATGAAGGGTGTGGTGAGTAAACATGGAGGGTCGAGAGGCAACGG
Seq_42_LinJ.27_plus,LinJ.27,,600,571,1175405,,,,,459756,460355,,,plus,CTCGCAGCACAGCGAGGGCCGTGGCAGTCGGCATCGCCACAATACGACAAAGGAGGCAGGGAAGGGTCTTGGTTTGTGTCAGCGTGTGCCCCTTGCTCTGCCCGTGCAACGCGAGCTGCACGCCACTCCACGCCCCTCCAGCCGGCCCCGTCACACCGGCCCACATGGCCTGGCGCGAGGCAGCGGTAGGCATACGCGGTACAGCACTGCGCCAACACAGTCACCTGGGTACGGCCTCCGTCCCAAGCGCTACACAGCCGCACCCTCCTTGAGAGTGGCGCAGGCTCCCTGCACCGCTGGGCAGAGTGAGGGCCCCGGAGGGGGAGGGAGAGGGGGGAGATGTGTTCGAGCCACGCTGGCCGCTCCGGCGCCACGCCCTCCACAACCTCGGCAGCGACATCAGCAGCGATACATCGCTCTGACCTCCCCTACGTCGTCGGTGCTGGGCCCCGCCACCACCCGAGGTGGCTGGGGCACTTGGCAGGGGTTTAGGGGTTGGGGGGCTGGCTCGCTTCCCCACAGCCACACACACACACACAGAGTGGGGTGCGTGCTGGGCCCTGCGACATGACGCACTGAGGGATGCCCACCGCCCACCCC
Seq_43_LinJ.27_plus,LinJ.27,,601,572,1175405,,,,,448338,448938,,,plus,CTCGCAGCACAGCGAGGGCCGTGGCAGTCGGCATCGCCACAATACGACAAAAGAGGCAAGGAAGGGTCTTGGTTTGTGTCAGCGTGTGCCCCTTGCTCTGCCCGTGCAACGCGAGCTGCACGCCACTCCACGCCCCTCCAGCCGGCCCCGTCACACCGGCCCACATGGCCTGGCGCGAGGCAGCGGTAGGCATACGCGGTACAGCACTGCGCCAACACAGTCACCTGGGTACGGCCTCCGTCCCAAGCGCTACACAGCCGCACCCTCCTTGAGAGTGGCGCAGGCTCCCTGCACCGCTGGGCAGAGTGAGGGGCCCGGAGGGGGAGGGAGAGGGGGGAGATGTGTTCGAGCCACGCTGGCCGCTCCGGCGCCACGCCCTCCACAACCTCGGCAGCGACATCAGCAGCGATACATCGCTCTGACCTCCCCTACGTCGTCGGTGCTGGGCCCCGCCACCACCCGAGGTGGCTGGGGCACTTGGCAGGGGTATAGGGGTTGGGGGGCTGGCTCGCTTCCCCACAGCCACACACACACACACACAGAGTGGGGTGCGTGCTGGGCCCTGCGACACGACGCACTGAGGGGTGCACCCTCCACCCCA
Seq_44_LinJ.27_plus,LinJ.27,,571,571,1175405,,,,,442747,443317,,,plus,CGTGTGCCCCTTGCTCTGCCCGTGCAACGCGAGCTGCACGCCACTCCACGCCCCTCCAGCCGGCCCCGTCACACCGGCCCACATGGCCTGGCGCGAGGCAGCGGTAGGCATACGCGGTACAGCACTGCGCCAACACAGTCACCTGGGTACGGCCTCCGTCCCAAGCGCTACACAGCCGCACCCTCCTTGAGAGTGGCGCAGGCTCCCTGCACCGCTGGGCAGAGTGAGGGGCCCGGAGGGGGAGGGAGAGGGGGGAGATGTGTTCGAGCCACGCTGGCCGCTCCGGCGCCACGCCCTCCACAACCTCGGCAGCGACATCAGCAGCGATACATCGCTCTGACCTCCCCTACGTCGTCGGTGCTGGGCCCCGCCACCACCCGAGGTGGCTGGGGCACTTGGCAGGGGTATAGGGGTTGGGGGGCTGGCTCGCTTCCCCACAGCCACACACACACACACACACAGAGTGGGGTGCGTGCTGGGCCCTGCGACACGACGCACTGAGGGGTGCACCCTCCACCCCACCCCTCGTCGTCCTAGACGGGGAGGAGGAAGGGGCGGGCAGAAGAAAAAG
Seq_45_LinJ.27_plus,LinJ.27,,561,561,1175405,,,,,42275,42835,,,plus,CTGTCACGGGCACATCGCGTGGTGCCAAGCAGCCCTGCACACACACGCCCTACAGCAACGCGCCGGCTCAGCCATCCGAGCACGGCCCCCGCCTCATACTCCACACCACCGCCGCGCTCTGCAGGTCGCCTCACACCCGCACCCGTCACGTCGGCGCCCACCTGCTGTGCATCCCCGTAGGGGTGGCACACAGGCCCCCCCCCCTCCCCCCGCACCAGCAACGGCAGTCGGGGCCGGGTGCAATGCGTTCCAGCCACGCCGACACCCTGCCTACCACATGGACGGCACAAGCGTGTTCGCTGTCGCGGGCCACCCCGACGCAACGCCACCCAGGGCCCCACCGCCGACACATCAGTGTGGCCATGCATCGCACAGACCCCCCCTGCCACGCCGTAGGCACTCTCGACCCTTGTCACCACGAGAAGTGGGGCTCCGGCGCTGGCAGGGGATAGGAGAGGGGGGGGGAGAGGGAGCCGTCTGAGCATACACCGCATACGGCGTGCGGTGTGCTGGGCGCTGAGGTACCACGCAGAGTGAGAGGTGTCGCTCTTGTCAGCAGGT
Seq_46_LinJ.27_plus,LinJ.27,,537,537,1175405,,,,,397438,397974,,,plus,CCCGTGTTCTGCCCGTGCAACGCGAGCTGCACGCCACTCCACTCCCCTCCAGCCGGCCCCGTCACACCGGCCCACATGGCCTGGCGCGAGGCAGCGGTAGGCATACGCGGTACAGCACTGCGCCAACACAGTCACCTGGGTACGGCCTCCGTCCCAAGCGCTACACAGCCGCACCCTCCTTGAGAGTGGCGCAGGCTCCCTGCACCGCTGGGCAGAGTGAGGGGCCCGGAGGGGGAGGGAGAGGGGGGAGATGTGTTCGAGCCACGCTGGCCGCTCCGGCGCCACGCCCTCCACAACCTCGGCAGCGACATCAGCAGCGATACATCGCTCTGACCTCCCCTACGTCGTCGGTGCTGGGCCCCGCCACCACCCGAGGTGGCTGGGGCACTTGGCAGGGGTTTAGGGGTTGGGGGGCTGGCTCGCTTCCCCACAGCCACACACACACACACACACAGAGTGGGGTGCGTGCTGGGCCCTGCGACACGACGCACTGAGGGGTGCAACCTCCACCCCACCCCTCGTCGTCCGGGAGTGCAG
Seq_47_LinJ.27_plus,LinJ.27,,541,555,1175405,,,,,377391,377931,,,plus,CTTCTTTTGTTTCAGCGTGTGCCCCTTGCTCTGCCCGTGCAACGCGAGCTGCACTCCACTCCCCTCCAGCCGGCCCCGTCACACCGGCCCACATGGCCTGGCACGAGGCAGCGGTAGGCATACGCGGTACAGCACTGCGCCAACACAGTCACCTGGGTACGGCCTCCGTCCCAAGCGCTACACAGCCTCACCCTCCTTGAGAGTGGCGCAGGCTCCCTGCACCGCTGGGCAGAGTGAGGGCCCCGGAGGGGGAGGGAGAGGGGGGAGATGTGTTCGAGCCACGCTGGCCGCTCCGGCGCCACGCCCTCCACAACCTCGGCAGCGACATCAGCAGCGATACATCGCTCTGACCTCCCCTACGTCGTCGGTGCTGGGCCCCGCCACCACCCGAGGTGGCTGGGGCACTTGGCAGGGGTTTAGGGGTTGGGGGGCTGGCTCGCTTCCCCACAGCCACACACACACACACACACACACACAGAGTGGGGTGCGTGCTGGGCCCTGCGACACGACGCACTGAGGGGTGCAACCTCCACCCCACCCC
Seq_49_LinJ.27_plus,LinJ.27,,134,624,1175405,,,,,64752,64885,,,plus,GGGGTCTACAGCGGAGGGGGTGAGGACGGGAGCCGTATTGGTGAGGTTGGGGCCAGCCTCACAGAATGGTTGCGCTGTAGTCGCGAGGCGATTCGCTGGAGGGGCTTTTGCGCCGGGTGCTGGTCGACGTCACA
Seq_50_LinJ.27_plus,LinJ.27,,777,607,1175405,,,,,55830,56606,,,plus,TTTTCTGCCATGGTGCATCGGAGCTTAGCTGCACTCCACGCTATGCCGGGCCCTGTCACGGGCACATCGCGTGGTGCCAAGCAGCCCTGCACACACACGCCCTACAGCAACGCGCCGGCTCAGCCATCCGAGCACGGCCCCTGCCTCATACTCCACACCACCGCCGCGCTCTGCAGGTCGCCGCACACCCGCACCCGTCACGCCGGCGCCCACCTGCTGTGCATCCCCGTAGGGGTGGCACACAGGCCCCCTCCCCCCGCACCAGCAACGGCAGTCGGGGCCGGGTGCAATGCGTTCCAGCCACGCCGACACCCTGCCTACCACATGGACGGCACAAGCGTGTTCGCTGTCGCGGGCCACCCCGACGCAACGCCACCCAGGGCCCCACCGCCGACACATCAGTGTGGCCATGCATCGCACAGACCCCCCCCCTGCCACGCCGTAGGCACTCTCGACCCTTGTCACCACGAGAAGTGGGGCTCCGGCGCTGGCAGGGTATAGGAGGGGGGAGAGGGAGCCGCCTGGGCATACACCGCATACGGCGTGCGGTGTGCTGGGCGCTGAGGTACTACGCACGGAGACATCCTTCAGCCATGAGGGCAAGTATTAGGTGCGCAAGAGTACGAAATGAGGTCTTTACGAGGTTGCGTAAGTGCCAGTGGGATGTAGCGGAGGGCGAATTGACGTGTGACGCGTGGCGTGCTCGCCTGTTCGCTTCTTGTTCGTTTTCGGTATGAAGGGTGTGGTGAGTAAACATGGAGGGTCGAGAGGCAACGG
Seq_51_LinJ.27_minus,LinJ.27,,351,1000,1175405,,,,,580699,580349,,,minus,GGGGACCCCCCAGAGTCGCATGACAGGGTCCAGTACCCCCACTCTGTGCGGGGAAGCCAAGCAGCCCCCACCCTATCCCCCTGCCAATGCCGAACCACTTCTAGTGGTGACAGGGTTCAAGCATCTACGGCGTGCGGGGAGTCAGAGCGTCGTATCGCTACTGATGCCGGCCGTCAAGCCCTAGATGGCGTTACGTTGGAGTAGTCTGCGACCGTGAATACGATTGTATCATACAATAGGCGAAGTGCGGGTGTGACTCGGACGTATCCTATCCGGCCCTCACTTCCCACTTGTGGGGAGCCTGCGCCGCCGCGAGAGGGAGGCACTAGGTGGCGAGCGGCACCTTGGGAG
Seq_52_LinJ.27_minus,LinJ.27,,494,1000,1175405,,,,,811508,811015,,,minus,AACACCCCAGTGCGTGGTATCCTCAGGGCCCAGTACACCCCGATTCTGTGGGGAGGCTGAGCAGAGCCTCTCCCTCTTACCCCTGTCAGCGCCGCTCCACTTCTGGTGATGACAAGGTCAAGCACCCGCGACGTGGGGAGGTCAGAGCGATACATTGCTGCGGATGTCGGCGGGCAGGCCCTGAATGATGTTGCGTCGGAGCGACCTGCAACAGTGAACACGCTTGTGCCATCCACATGATGGACAACGTGTTCGCGTGACTCGAGCGTGTATCTCACCCCGGCCCTCACACTGCCAACTGGTGGGGGAGCCTGCGCCCCCCTCCCCCCCTCCCCCAAGGGGGCGGCACCACGCGATGAGGGCTTTGTGACAGGGGGCCAGCTGTGTGTGTGTGTGCAGAGTGTGACTGATCTTGTATGGCAGGAGAAGGGGAGGGGAGGGGGCACACGTTAGACACAAGCGACAACAGAAGCAGCAGCAGCAGGAGGAGCTGC
Seq_53_LinJ.27_minus,LinJ.27,,494,1000,1175405,,,,,836604,836111,,,minus,AACACCCCAGTGCGTGGCATCCTCAGGGCCCAGTACACCCCGATTCTGTGGGGAGGCTGAGCAGAGCCTCTCCCTCTTACCTCTGCCAGCGCCGCTCCACTTCTGGTGATGACAAGGTCAAGCACCCGCGACGTGGGGAGGTCAGAGCGATACATTGCTGCGGATGTCGGCGGGCAGGCCCTGAATGATGTTGCGTCGGAGCGACCTGCAACAGTGAACACGCTTGTGCCATCCACATGATGGACAACGTGTTCGCGTGACTCGAGCGTGTATCTCACCCCGGCCCTCACACTGCCAACTGGTGGGGGAGCCTGCGCCCCCCTCCCCCCCTCCCCCAAGGGGGCGGCACCACGCGATGAGGGCTTTGTGACAGGGGGCCAGCTGTGTGTGTGTGTGCAGAGTGTGACTGATCTTGTATGGCAGGAGAAGGGGAGGGGAGGGGGCACACGTTAGACACAAGCGACAACAGAAGCAGCAGCAGCAGGAGGAGCTGC
Seq_54_LinJ.27_minus,LinJ.27,,162,1000,1175405,,,,,950908,950747,,,minus,GGCTGTTGCTGGAGCGGCCGGCGACTGTGAAGGCGCTTGTGCCGTCCGCGCGATGGGCCGAGCGTCAGCGCGACTCGCGCGTACGCCACCCGGTGCTCGCTGCCTGCTGGCGGGGAGCCTTTATGCGACCCCGAGGGGGTGCACCCGGTGGCGGCGGGCGGG
Seq_55_LinJ.27_minus,LinJ.27,,802,828,1175405,,,,,671279,670478,,,minus,GTACCAACGTGTGCCGACTCTCTGCCATGTGACCTGAGCGAAGCGGCACTCGGCCCCCGGCCCGACCATGGGCCCCATCCGCGTGGTGCGGAGCAGACGTAGACACGCGCGTTGCAGCAGTGCACCCGACTCAGCCATCTGAGCACGGCCTCTGCCCCAAACCTCTGCCCTCAGCACACGCGTCGCAGGCAGCCGCACAGCCGCTCCCCCACCGTGCCGGTCGCCACCCTTGGTGCATCCCGCCTCGGGGCGGCACGCAGGCTGCCTACCACCAGTGGCCAGTGCGAGGGCCGGATGGGATGCGTTCGAGTCACCATGACGCTCTGCCTAGCACATGGATGGCACAAGCGTGTTCGCTGTCGCAGGTCGCTCCCACGCCACGCCATCCAGGGCCTGGCCGCCGACATCCGTAGCAGTGAGTCGCTCTCACCTCCCTACGTCGCGGGTGCCTGACCCTGTCACCACCAGAAGAGGTTCGGCATTTGGCAGGGGATGGGGAAATGGGGGGATGGAGAGAGAGGGAGGCTGCCTGGCTTCCTCATCAAGGGGGGAGAGCACGGGGAGTACTGGGCACTGGATACCGCGCACTGCGGTGCCCACCCAATCATCCGGGGCGAGCTTTTGCCAGTGAGATGGAAGGAGCGGCAGCGACAAAAAGAGAAGCCCATCCACAACAACCGCCGTAAGGATAATGCCGAATGAAACAGGCGAAACCAAAAAGGAGGAGACGACGCAGCAGAGGTCGTGAGGGGTGTGTGGTGGTGGTAGTGGGGGGTGGGGGTAGGGCGAGGGTGAGGAGAGC
Seq_56_LinJ.27_minus,LinJ.27,,538,538,1175405,,,,,696465,695928,,,minus,CCCACTCTCTGCCAAGTGACATGAGCGAAGCGGCACTCGGCCCCCGGCCCGACCATGGGCCCCATCCGCGTGGTGCGGAGCAGACGTAGACACGCGCGTTGCAGCAGTGCACCCGACTCAGCCATCTGAGCACGGCCTCTGCCCCAAACCTCTGCCCTCAGCACACGCGTCGCAGGCAGCCGCACAGCCGCTCCCCCACCGTGCCGGTCGCCACCCTTGGTGCATCCCGCCTCGGGGCGGCACGCAGGCTGCCTACCACCAGTGGCCAGTGCGAGGGCCGGATGGGATGCGTTCGAGTCACCATGACGCTCTGCCTAGCACATGGATGGCACAAGCGTGTTCGCTGTCGCAGGTCGCTCCCACGCCACGCCATCCAGGGCCTGGCCGCCGACATCCGTAGCAGTGAGTCGCTCTCACCTCCCTACGTCGCGGGTGCCTGACCCTGTCACCACCAGAAGAGGTTCGGCATTTGGCAGGGGATGGGGAAATGGGGGGATGGAGAGAGAGGGAGGCTGCCTGGCTTCCTCATCAAGGGGGG
Seq_57_LinJ.27_minus,LinJ.27,,802,802,1175405,,,,,649815,649014,,,minus,CGCCCAGTCCCTCCTTCCTCCCACATACACACAAGCACATCTTCTTCACCGTACAACTAGCCCCGCGAGGCACGCAAGGAGACGGCGCGAGAGACCGCACAGAGAGTACACGAGATGGGGGGATAAGGAGCACTGAGCAGCAGAAGAAATCGGTGCTCTGGCTTGCTTGGTGCCTTGAACATTAAAAAAACAATGTGCTTGTACCAACGTGTGCCGACTCTCTGCCATGTGACCTGAGCGAAGCGGCACTCGGCCCCCGGCCCGACCATGGGCCCCATCCGCGTGGTGCGGAGCAGACGTAGACACGCGCGTTGCAGCAGTGCACCCGACTCAGCCATCTGAGCACGGCCTCTGCCCCAAACCTCTGCCCTCAGCACACGCGTCGCAGGCAGCCGCACAGCCGCTCCCCCACCGTGCCGGTCGCCACCCTTGGTGCATCCCGCCTCGGGGCGGCACGCAGGCTGCCTACCACCAGTGGCCAGTGCGAGGGCCAGATGGGATGCGTTCGAGTCACCATGACGCTCTGCCTAGCACATGGATGGCACAAGCGTGTTCGCTGTCGCAGGTCGCTCCCACGCCACGCCATCCAGGGCCTGGCCGCCGACATCCGTAGCAGTGAGTCGCTCTCACCTCCCTACGTCGCGGGTGCCTGACCCTGTCACCACCAGAAGAGGTTCGGCATTTGGCAGGGGACGGGGAAATGGGGGGATGGAGAGAGAGGGAGGCTGCCTGGCTTCCTCATCAAGGGGGGAGAGCACGGGGAGTACTGGGCACTGGATACCGCGCACTGCGGTGCCCACCC
Seq_59_LinJ.27_minus,LinJ.27,,614,601,1175405,,,,,143028,142415,,,minus,TCCGTTCTCTGTCACGGTGCATCGGAGCTTAGCTGCACTCCACGCTATGCCGGGCCCTGTCACGGGCACATCGCGTGGTGCCAAGCAGCCCTGCACACACACGCCCTACAGCAACGCGCCGGCTCAGCCATCCGAGCACGGCCCCTGCCTCATACTCCACACCACCGCCGCGCTCTGCAGGTCGCCGCACACCCGCACCCGTCACGCCGGCGCCCACCTGCTGTGCATCCCCGTAGGGGTGGCACACAGGCCCCCTCCCCCCGCACCAGAAACGGCAGTCGGGGCCGGGTGCAATGCGTTCCAGCCACGCCGACACCCTGCCTACCACATGGACGGCACAAGCGTGTTCGCTGTCGCGGGCCACCCCGACGCAACGCCACCCAGGGCCCCACCGCCGACACATCAGTGTGGCCATGCATCGCACAGACCCCCCCCTGCCACGTCGTAGGCACTCTCGGCCCTTGTCACCACGAGAAGTGGGGCTCCGGCGCTGGCAGGGGATAGGAGGGGGGGGGAAGAGGGAGCCGCCTGGGCATACACCGCATACGGTGTGGGGTGTGCTGGGCGCTGAGGTACCACGCAGAGTGAGGGGTGTCCCTCTGGTCAGCAGGGCA
Seq_60_LinJ.27_minus,LinJ.27,,559,560,1175405,,,,,78517,77959,,,minus,CAACACGCTCCTTCGTTGTCACGGTGCATCGGAGCTTAGCTGCACTCCACGCTATGCCGGGCCCTGTCACGGGCACATCGCGTGGTGCCAAGCAGCCCTGCACACACACGCCCTACAGCAACGCGCCGGCTCAGCCATCCGAGCACGGCCCCTGCCTCATACTCCACACCACCGCCGCGCTCTGCAGGTCGCCTCACACCCGCACCCGTCACGCCGGCGCCCACCTGCTGTGCATCCCCGTAGGGGTGGCACACAGCCCCCCCCTCCCCCCGCACCAGCAACGGCAGTCGGGGCCGGGTGCAATGCGTTCCAGCCACGCCGACACCCTGCCTACCACATGGACGGCACAAGCGTGTTCGCTGTCGCGGGCCACCCCGACGCAACGCCACCCAGGGCCCCACCGCCGACACATCAGTGTGGCCATGCATCGCACAGACCCCCCCCCTGCCACGTCGTAGGCACTCTCGGCCCTTGTCGCCACGAGAAGTGGGGCTCCGGCGCTGGCAGGGGATAGGAGGGGGGAGAGGGGCCTACTTGGCCTCCCCACAGGGTGGGATAC
Seq_61_LinJ.27_minus,LinJ.27,,546,559,1175405,,,,,83536,82991,,,minus,CAACACGCTCCTTCTCTGTCACGGTGCATCGGAGCTGAACTCCGCCCCGCCCCTGTCACGGGCACATCGCGTGGTGCCAAGCAGCCCTGCACACACACGCCCTACAGCAACGCGCCGGCTCAGCCATCCGAGCACGGCCCCTGCCTCATACTCCACACCACCGCCGCGCTCTGCAGGTCGCCGCACACCCGCACCCGTCACGCCGGCGCCCACCTGCTGTGCATCCCCGTAGGGGTGGCACACAGGCCCCCTCCCCCCGCACCAGCAACGGCAGTCGGGGCCGGGTGCAATGCGTTCCAGCCACGCCGACACCCTGCCTACCACATGGACGGCACAAGCGTGTTCGCTGTCGCGGGCCACCCCGACGCAACGCCACCCAGGGCCCCACCGCCGACACATCAGTGTGGCCATGCATCGCACAGACCCCCCCCCTGCCACGTCGTAGGCACTCTCGACCCTTGTCACCACGAGAAGTGGGGCTCCGGCGCTGGCAGGGGATAGGAGGGGGGAGAGGGGCCTACTTGGCCTCCCCACAGGGTGGGATAC
Seq_62_LinJ.27_minus,LinJ.27,,606,597,1175405,,,,,108438,107833,,,minus,TTTGCTTTTCAGGCCGTCCATTCTCTGTCACGGTGCATCGGAGCTTAGCTGCACTCCACGCTATGCCGGGCCCTGTCACGGGCACATCGCGTGGTGCCAAGCAGCCCTGCACACACACGCCCTACAGCAACGCGCCGGCTCAGCCATCCGAGCACGGCCCCTGCCTCATACTCCACACCACCGCCGCGCTCTGCAGGTCGCCTCACACCCGCGCCCGTCACGCCGGCGCCCACCTGCTGTGCATCCCCGTAGGGGTGGCACACAGGCCCCCCCCTCCCCCCGCACCAGCAACGGCAGTCGGGGCCGGGTGCAATGCGTTCCAGCCACGCCGACACCCTGCCTACCACATGGACGGCACAAGCGTGTTCGCTGTCGCGGGCCACCCCGACGCAACGCCACCCAGGGCCCCACCGCCGACACATCAGTGTGGCCATGCATCGCACAGACCCCCCCCCCTGCCACGCCGTAGGCACTCTCGACCCTTGTTACCACGAGAAGTGGGGCTCCGGCGCTGGCAGGGGATAGGAGGGGGGGAGAGGGGGCTGCCTGAGCATACACCGCATACGGCGTGCGGTGTGCTGGGCGCTGAGATACTACGCAGCGTGA
Seq_63_LinJ.27_minus,LinJ.27,,425,426,1175405,,,,,538462,538038,,,minus,GCCGGCCACCTCTCACCCCTGCCATCAGCGCCTGGCAACTCACCCTGTGTGGGGCAGGCCAAGCAGCCTGCAGCCTGCCCTCGAGTGCGGTTGCGGACTCTCGGTGCGGGCGGACAGGTCTGGGCTGGCGCTGCGCCGAAGAGGCGTTATGGCCGTGACCACGTTTGCACCAGCTCAGTGCGAGCTGTGCCGATGATTGAACAAACATACACACCCACTTCCTGTTTTTCTGCTTTAGCTGCGTTGCGGTAGTGCTGAGCATTGGTCTGGGCCTAGCCTGCGCTGTAGGCAGTGGAGTTGCCGTGGGCTGGACGACGCCGAGCGGCATTGCTTGGTGTGGCTTCTTGACATGGCTGTGGTGCAACGGAGGCAGATGAGGGGCGGCCGTATGTGCATCTTCGCTGACTCGGCTTGATGCTGCGCTG
Seq_66_LinJ.27_minus,LinJ.27,,287,288,1175405,,,,,761298,761012,,,minus,TCGGGGGTACGGACTGGCGGACTCGTGGCGTCGGCGGACAGGTCGTTGCTGGCGCCGTGCCGAAGAGACGTGTGACCATGGTGATCACGCTTGTGCCGGCTCACTACGCATCGTGTCGACCATTTCAACAGGTGTACACACCCGCCTGCTGTTTTTCGGCATTCGCGGCGTTGCAGTGATGTCGAGCGTCGTTCTGGGCTTAGCCTGCGGTGTACGCAGTGGCATTGCGGTGGGCTGAGCGGCGCCAAGCGGTGTTGGTCGGCCCTGCTGCTTGGCATAGTCGTGGT
Seq_67_LinJ.27_minus,LinJ.27,,386,1000,1175405,,,,,944725,944340,,,minus,CAGACACCTCCGTGCGTGGCGTCTCACGGTCCCGTACCTCCCCCTCCCCCACTCTGTGGCGAAAGTCAGGCAGCCCCCCACCCCTACCCCTGCCAGTGCCGAGCCGCTTCCGGTGGTGACAGGGTCAGGTGCCTACCCCACAGGGGAGGCCAGCGCGACTCCTGTCCGCAGTCAGGCCCTGGACGGCGTGTTGCTGGAGCGGCCGGCGACTGTGAAGGCGCTTGTGCCGTCCGCGCGATGGGCCGAGCGTCAGCGCGACTCGCGCGCACGCCACCCGGTGCTCGCTGCCTGCTGGCGGGGAGCCTTTATGCGACCCCGAGGGGGTGCACCCGGTGGCGGCCTGCGGGGCGCGGGTGGCGTGCCGACGTTGAGGCGGAGGCCGCGCT
Seq_68_LinJ.27_minus,LinJ.27,,287,428,1175405,,,,,814756,814470,,,minus,TCGGGGGTACGGACTGGCGGACTCGTGGCGTCGGCGGACAGGTCGTTGCTGGCGCCGTGCCGAAGAGACGTGTGACCATGGTGATCACGCTTGTGCCGGCTCACTACGCATCGTGTCGACCATTTCAACAGGTGTACACACCCGCCTGCTGTTTTTCGGCATTCGCGGCGTTGCAGTGATGTCGAGCGTCGTTCTGGGCTTAGCCTGCGGTGTACGCAGTGGCATTGCGGTGGGCTGAGCGGCGCCAAGCGGTGTTGGTCGGCCCTGCTGCTTGGCATAGCCGTGGT
Seq_69_LinJ.27_minus,LinJ.27,,780,749,1175405,,,,,56611,55832,,,minus,CGTTACCGTTGCCTCTCGACCCTCCATGTTTACTCACCACACCCTTCATACCGAAAACGAACAAGAAGCGAACAGGCGAGCACGCCACGCGTCACACGTCAATTCGCCCTCCGCTACATCCCACTGGCACTTACGCAACCTCGTAAAGACCTCATTTCGTACTCTTGCGCACCTAATACTTGCCCTCATGGCTGAAGGATGTCTCCGTGCGTAGTACCTCAGCGCCCAGCACACCGCACGCCGTATGCGGTGTATGCCCAGGCGGCTCCCTCTCCCCCCTCCTATACCCTGCCAGCGCCGGAGCCCCACTTCTCGTGGTGACAAGGGTCGAGAGTGCCTACGGCGTGGCAGGGGGGGGGTCTGTGCGATGCATGGCCACACTGATGTGTCGGCGGTGGGGCCCTGGGTGGCGTTGCGTCGGGGTGGCCCGCGACAGCGAACACGCTTGTGCCGTCCATGTGGTAGGCAGGGTGTCGGCGTGGCTGGAACGCATTGCACCCGGCCCCGACTGCCGTTGCTGGTGCGGGGGGAGGGGGCCTGTGTGCCACCCCTACGGGGATGCACAGCAGGTGGGCGCCGGCGTGACGGGTGCGGGTGTGCGGCGACCTGCAGAGCGCGGCGGTGGTGTGGAGTATGAGGCAGGGGCCGTGCTCGGATGGCTGAGCCGGCGCGTTGCTGTAGGGCGTGTGTGTGCAGGGCTGCTTGGCACCACGCGATGTGCCCGTGACAGGGCCCGGCATAGCGTGGAGTGCAGCTAAGCTCCGATGCACCATGGCAGAA
Seq_70_LinJ.27_minus,LinJ.27,,523,524,1175405,,,,,551331,550809,,,minus,GCACCCCTCAGCGCGTCGTGTCGCAGGGCCCAGCACGCACCCCACTCTGTGTGTGTGTGTGTGTGTGGCTGTGGGGAAGCGAGCCAGCCCCCCAACCCCTAAACCCCTGCCAAGTGCCCCAGCCACCTCGGGTGGTGGCGGGGCCCAGCACCGACAACGTAGGGGAGGTCAGAGCGATGTATCGCTGCTGATGTCGCTGGTGAGGTTGCGGAGGGCGTGGCGTCGGAGCGGCCAGCGTGGCTCGAACACATCTCCCCCCTCTCCCTCCCCCTCCGGGCCCCTCACTCTGCCCAGCGGTGCAGGGAGCCTGCACCACTCTCAAGGAGGGTGCGGCTGTGTAGCGCTTGGGACGGAGGCCGTACCCAGGTGACTGTGTTGGCGCAGTGCTGTACCGCGTATGCCTACCGCTGCCTCGCGCCAGGCCATGTGGGCCGGTGTGACGGGGCCGGCTGGAGGGGAGTGGAGTGGCGTGCAGCTCGCGTTGCACGGGCAGAGCAAGGGGCACACGGTGAAACAAAACAGA
Seq_71_LinJ.27_minus,LinJ.27,,779,749,1175405,,,,,52350,51572,,,minus,CGTTACCGTTGCCTCTCGACCCTCCATGTTTACTCACCACACCCTTCATACCGAAAACGAACAAGAAGCGAACAGGCGAGCACGCCACGCGTCACACGTCAATTCGCCCTCCGCTACATCCCACTGGCACTTACGCAACCTCGTAAAGACCTCATTTCGTACTCTTGCGCACCTAATACTTGCCCTCATGGCTGAAGGATGTCTCCGTGCGTAGTACCTCAGCGCCCAGCACACCGCACGCCGTATGCGGTGTATGCCCAGGCGGCTCCCTCTCCCCCTCCTATACCCTGCCAGCGCCGGAGCCCCACTTCTCGTGGTGACAAGGGTCGAGAGTGCCTACGGCGTGGCAGGGGGGGGGGTCTGTGCGATGCATGGCCACACTGATGTGTCGGCGGTGGGGCCCTGGGTGGCGTTGCGTCGGGGTGGCCCGCGACAGCGAACACGCTTGTGCCGTCCATGTGGTAGGCAGGGTGTCGGCGTGGCTGGAACGCATTGCACTCGGCCCCGACTGCCGTTGCTGGTGCGGGGGGAGGGGGCCTGTGTGCCACCCCTACGGGGATGCACAGCAGGTGGGCGCCGGCGTGACGGGTGCGGGTGTGAGGCGACCTGCAGAGCGCGGCGGTGGTGTGGAGTATGAGGCGGGGGCCGTGCTCGGATGGCTGAGCCGGCGCGTTGCTGTAGGGCGTGTGTGTGCAGGGCTGCTTGGCACCACGCGATGTGCCCGTGACAGGGCCCGGCATAGCGTGGAGTGCAGCTAAGCTCCGATGCACCGTGACAGA
Seq_72_LinJ.27_minus,LinJ.27,,895,894,1175405,,,,,474252,473358,,,minus,CCGCAATTCCCTCTTTGGTATATACTTTTCCCTCGACATGTCCATTCCACTTCCACGGACAAGTCAGCAAGCCTACACGCACACAGCCACAGCTCGCCTGCGACTGTTGCGCCACGGCTAAGGCCTGGTCGTCCAGGACGAGCGGCCTGCCGTCGGATCGGGCCGCGCGTCTAACCGGCTCTTCCTCTTCTTCCTCGTCCCTTCCCCGGGTGCGTGTTGCGCGATCGGCGCCAGGCGGACCTGGCGGGACTGCATGCCTTGATCCACCCGGGCCGCGTCCAGGGCTCTGCTCGAGGGCGGAGGCAGTGGCGTCTGTCGTGCGGGCACTAGGGGGCGGATATAAGTGAATGGAGGAGGAGCTCAGAGAGGAAGTGGGCCAGCCGCAGGTCAGGGCCCTCTGCGACCCTCTGCCCTGCCTGTGCGCCGTGTTTCGCCCTCGGCCGCTTCAAGCCGCGGCATGCCGTCATACAGTGTGGTGCCACTTTACATGGGAGTCTGGAGGACTCGGTGGTGCAACTCGAGGGTGCTCTCATCGCGCTTCCCGCATCTGCGCCGCATCGGCCCACACGGTCGCATGCAGGAGATGCCGCATGTTTCCCGAGCATGCACGTTCTTTTTTTTTTCGGTGCGCCTGTGTGTGTGGGGGCGGGTGATAGGTATGGATCTCGTCCTCCGACATGTGTCGGATCGTCGGCACGATTCGTAGTGCGCTGCTGCAAAGGTGATCATCACGACGGCAAGCCTCCTCGGCACAGCGATAGCCCATACCTGTCCGCCGATACCGAGGAGCCCGCCAGCGGTACCCGAGGGCAGGCTGCAGGGTCTTTGGCTTTCCCACACAGTGGGTGCTGGGCCGTGAGATACCACCGGCGAGGTGGTGGGCGTCATCAGGGGC
Seq_73_LinJ.27_minus,LinJ.27,,1000,890,1175405,,,,,464932,463933,,,minus,AATCTTGCGCTCACTTGCGTGCATGTTCGCCATGTCTGTTTTCGTGACGACCGTACCCCTGATGACGCCCACCACCTCGCCGGTGGTATCTCACGGCCCAGCACCCACTGTGTGGGAAAGCCAAAGACCCTGCAGCCTGCCCTCGGGTACCGCTGGCGGGCTCCTCGGTATCGGCGGACAGGTATGGGCTATCGCTGTGCCGAGGAGGCTTGCCGTCGTGATGATCACCTTTGCAGCAGCGCACTACGAATCGTGCCGACGATCCGACACATGTCGGAGGACGAGATCCATACCTATCACCCGCCCCCACACACACAGGCGCACCGAAAAAAAAAAGAACGTGCATGCTCGGGAAACATGCGGCATCTCCTGCATGCGACCGTGTGGGCCGATGCGGCGCAGATGCGGGAAGCGCGATGAGAGCACCCTCGAGTTGCACCACCGAGTCCTCCAGACTCCCATGTAAAGTGGCACCACACTGTATGACGGCATGCCGCGGCTTGAAGCGGCCGAGGGCGAAACACGGCGCACAGGCAGGGCAGAGGGTCGCAGAGGGCCCTGACCTGCGGCTGGCCCACTTCCTCTCTGAGCTCCTCCTCCATTCACTTATATCCGCCCCCTAGTGCCCGCACGACAGACGCCACTGCCTCCGCCCTCGAGCAGAGCCCTGGACGCGGCCCGGGTGGATCAAGGCATGCAGTCCCGCCAGGTCCGCCTGGCGCCGATCGCGCAACACGCACCCGGGGAAGGGACGAGGAAGAAGAGGAAGAGCCGGTTAGACGCGCGGCCCGATCCGACGGCAGGCCGCTCGTCCTGGACGACCAGGCCTTAGCCGTGGCGCAACAGTCGCAGGCGAGCTGTGGCTGTGTGCGTGTAGGCTTGCTGACTTGTCCGTGGAAGTGGAATGGACATGTCGAGGGAAAAGTATATACCAAAAAGGAGAAATGGGGAGAGGACGGAAAAGGTGAAGCGACGCCCTCCCGAGCGCCGAGGAGACTGA
Seq_74_LinJ.27_minus,LinJ.27,,1001,888,1175405,,,,,464932,463932,,,minus,AATCTTGCGCTCACTTGCGTGCATGTTCGCCATGTCTGTTTTCGTGACGACCGTACCCCTGATGACGCCCACCACCTCGCCGGTGGTATCTCACGGCCCAGCACCCACTGTGTGGGAAAGCCAAAGACCCTGCAGCCTGCCCTCGGGTACCGCTGGCGGGCTCCTCGGTATCGGCGGACAGGTATGGGCTATCGCTGTGCCGAGGAGGCTTGCCGTCGTGATGATCACCTTTGCAGCAGCGCACTACGAATCGTGCCGACGATCCGACACATGTCGGAGGACGAGATCCATACCTATCACCCGCCCCCACACACACAGGCGCACCGAAAAAAAAAAGAACGTGCATGCTCGGGAAACATGCGGCATCTCCTGCATGCGACCGTGTGGGCCGATGCGGCGCAGATGCGGGAAGCGCGATGAGAGCACCCTCGAGTTGCACCACCGAGTCCTCCAGACTCCCATGTAAAGTGGCACCACACTGTATGACGGCATGCCGCGGCTTGAAGCGGCCGAGGGCGAAACACGGCGCACAGGCAGGGCAGAGGGTCGCAGAGGGCCCTGACCTGCGGCTGGCCCACTTCCTCTCTGAGCTCCTCCTCCATTCACTTATATCCGCCCCCTAGTGCCCGCACGACAGACGCCACTGCCTCCGCCCTCGAGCAGAGCCCTGGACGCGGCCCGGGTGGATCAAGGCATGCAGTCCCGCCAGGTCCGCCTGGCGCCGATCGCGCAACACGCACCCGGGGAAGGGACGAGGAAGAAGAGGAAGAGCCGGTTAGACGCGCGGCCCGATCCGACGGCAGGCCGCTCGTCCTGGACGACCAGGCCTTAGCCGTGGCGCAACAGTCGCAGGCGAGCTGTGGCTGTGTGCGTGTAGGCTTGCTGACTTGTCCGTGGAAGTGGAATGGACATGTCGAGGGAAAAGTATATACCAAAAAGGAGAAATGGGGAGAGGACGGAAAAGGTGAAGCGACGCCCTCCCGAGCGCCGAGGAGACTGAA
Seq_75_LinJ.27_minus,LinJ.27,,610,1000,1175405,,,,,460364,459755,,,minus,ACGACGGAGGGGGTGGGCGGTGGGCATCCCTCAGTGCGTCATGTCGCAGGGCCCAGCACGCACCCCACTCTGTGTGTGTGTGTGTGGCTGTGGGGAAGCGAGCCAGCCCCCCAACCCCTAAACCCCTGCCAAGTGCCCCAGCCACCTCGGGTGGTGGCGGGGCCCAGCACCGACGACGTAGGGGAGGTCAGAGCGATGTATCGCTGCTGATGTCGCTGCCGAGGTTGTGGAGGGCGTGGCGCCGGAGCGGCCAGCGTGGCTCGAACACATCTCCCCCCTCTCCCTCCCCCTCCGGGGCCCTCACTCTGCCCAGCGGTGCAGGGAGCCTGCGCCACTCTCAAGGAGGGTGCGGCTGTGTAGCGCTTGGGACGGAGGCCGTACCCAGGTGACTGTGTTGGCGCAGTGCTGTACCGCGTATGCCTACCGCTGCCTCGCGCCAGGCCATGTGGGCCGGTGTGACGGGGCCGGCTGGAGGGGCGTGGAGTGGCGTGCAGCTCGCGTTGCACGGGCAGAGCAAGGGGCACACGCTGACACAAACCAAGACCCTTCCCTGCCTCCTTTGTCGTATTGTGGCGATGCCGACTGCCACGGCCCTCGCTGTGCTGCGAGC
Seq_76_LinJ.27_minus,LinJ.27,,610,1000,1175405,,,,,448946,448337,,,minus,ACGAGGGGTGGGGTGGAGGGTGCACCCCTCAGTGCGTCGTGTCGCAGGGCCCAGCACGCACCCCACTCTGTGTGTGTGTGTGTGTGGCTGTGGGGAAGCGAGCCAGCCCCCCAACCCCTATACCCCTGCCAAGTGCCCCAGCCACCTCGGGTGGTGGCGGGGCCCAGCACCGACGACGTAGGGGAGGTCAGAGCGATGTATCGCTGCTGATGTCGCTGCCGAGGTTGTGGAGGGCGTGGCGCCGGAGCGGCCAGCGTGGCTCGAACACATCTCCCCCCTCTCCCTCCCCCTCCGGGCCCCTCACTCTGCCCAGCGGTGCAGGGAGCCTGCGCCACTCTCAAGGAGGGTGCGGCTGTGTAGCGCTTGGGACGGAGGCCGTACCCAGGTGACTGTGTTGGCGCAGTGCTGTACCGCGTATGCCTACCGCTGCCTCGCGCCAGGCCATGTGGGCCGGTGTGACGGGGCCGGCTGGAGGGGCGTGGAGTGGCGTGCAGCTCGCGTTGCACGGGCAGAGCAAGGGGCACACGCTGACACAAACCAAGACCCTTCCTTGCCTCTTTTGTCGTATTGTGGCGATGCCGACTGCCACGGCCCTCGCTGTGCTGCGAGG
Seq_77_LinJ.27_minus,LinJ.27,,571,1001,1175405,,,,,443317,442747,,,minus,CTTTTTCTTCTGCCCGCCCCTTCCTCCTCCCCGTCTAGGACGACGAGGGGTGGGGTGGAGGGTGCACCCCTCAGTGCGTCGTGTCGCAGGGCCCAGCACGCACCCCACTCTGTGTGTGTGTGTGTGTGTGGCTGTGGGGAAGCGAGCCAGCCCCCCAACCCCTATACCCCTGCCAAGTGCCCCAGCCACCTCGGGTGGTGGCGGGGCCCAGCACCGACGACGTAGGGGAGGTCAGAGCGATGTATCGCTGCTGATGTCGCTGCCGAGGTTGTGGAGGGCGTGGCGCCGGAGCGGCCAGCGTGGCTCGAACACATCTCCCCCCTCTCCCTCCCCCTCCGGGCCCCTCACTCTGCCCAGCGGTGCAGGGAGCCTGCGCCACTCTCAAGGAGGGTGCGGCTGTGTAGCGCTTGGGACGGAGGCCGTACCCAGGTGACTGTGTTGGCGCAGTGCTGTACCGCGTATGCCTACCGCTGCCTCGCGCCAGGCCATGTGGGCCGGTGTGACGGGGCCGGCTGGAGGGGCGTGGAGTGGCGTGCAGCTCGCGTTGCACGGGCAGAGCAAGGGGCACACG
Seq_78_LinJ.27_minus,LinJ.27,,861,888,1175405,,,,,440808,439948,,,minus,AAGCGGCCCCTGATGACGCCCACCACCTCGCCGGTGGTATCTCACGGCCCAGCACCCACTGTGTGGGAAAGCCAAAGACCCTGCAGCCTGCCCTCGGGTACCGCTGGCGGGCTCCTCGGTATCGGCGGACAGGTATGGGCTATCGCTGTGCCGAGGAGGCTTGCCGTCGTGATGATCACCTTTGCAGCAGCGCACTACGAATCGTGCCGACGATCCGACACATGTCGGAGGACGAGATCCATACCTATCACCCGCCCCCACACACACAGGCGCACCGAAAAAAAAAAAGAACGTGCATGCTCGGGAAACATGCGGCATCTCCTGCATGCGACCGTGTGGGCCGATGCGGCGCAGATGCGGGAAGCGCGATGAGAGCACCCTCGAGTTGCACCACCGAGTCCTCCAGACTCCCATGTAAAGTGGCACCACACTGTATGACGGCATGCCGCGGCTTGAAGCGGCCGAGGGCGAAACACGGCGCACAGGCAGGGCAGAGGGTCGCAGAGGGCCCTGACCTGCGGCTGGCCCACTTCCTCTCTGAGCTCCTCCTCCATTCACTTATATCCGCCCCCTAGTGCCCGCACGACAGACGCCACTGCCTCCGCCCTCGAGCAGAGCCCTGGACGCGGCCCGGGTGGATCAAGGCATGCAGTCCCGCCAGGTCCGCCTGGCGCCGATCGCGCAACACGCACCCGGGGAAGGGACGAGGAAGAAGAGGAAGAGCCGGTTAGACGCGCGGCCCGATCCGACGGCAGGCCGCTCGTCCTGGACGACCAGGCCTTAGCCGTGGCGCAACAGTCGCAGGCGAGCTGTGGCTGTGCGCGTGTAGGCTTGCTGACTTGTTCGTGGAAGTGGAATGGG
Seq_79_LinJ.27_minus,LinJ.27,,537,537,1175405,,,,,397973,397437,,,minus,TGCACTCCCGGACGACGAGGGGTGGGGTGGAGGTTGCACCCCTCAGTGCGTCGTGTCGCAGGGCCCAGCACGCACCCCACTCTGTGTGTGTGTGTGTGTGTGGCTGTGGGGAAGCGAGCCAGCCCCCCAACCCCTAAACCCCTGCCAAGTGCCCCAGCCACCTCGGGTGGTGGCGGGGCCCAGCACCGACGACGTAGGGGAGGTCAGAGCGATGTATCGCTGCTGATGTCGCTGCCGAGGTTGTGGAGGGCGTGGCGCCGGAGCGGCCAGCGTGGCTCGAACACATCTCCCCCCTCTCCCTCCCCCTCCGGGCCCCTCACTCTGCCCAGCGGTGCAGGGAGCCTGCGCCACTCTCAAGGAGGGTGCGGCTGTGTAGCGCTTGGGACGGAGGCCGTACCCAGGTGACTGTGTTGGCGCAGTGCTGTACCGCGTATGCCTACCGCTGCCTCGCGCCAGGCCATGTGGGCCGGTGTGACGGGGCCGGCTGGAGGGGAGTGGAGTGGCGTGCAGCTCGCGTTGCACGGGCAGAACACGGGA
Seq_80_LinJ.27_minus,LinJ.27,,541,555,1175405,,,,,377931,377391,,,minus,GGGGTGGGGTGGAGGTTGCACCCCTCAGTGCGTCGTGTCGCAGGGCCCAGCACGCACCCCACTCTGTGTGTGTGTGTGTGTGTGTGTGTGGCTGTGGGGAAGCGAGCCAGCCCCCCAACCCCTAAACCCCTGCCAAGTGCCCCAGCCACCTCGGGTGGTGGCGGGGCCCAGCACCGACGACGTAGGGGAGGTCAGAGCGATGTATCGCTGCTGATGTCGCTGCCGAGGTTGTGGAGGGCGTGGCGCCGGAGCGGCCAGCGTGGCTCGAACACATCTCCCCCCTCTCCCTCCCCCTCCGGGGCCCTCACTCTGCCCAGCGGTGCAGGGAGCCTGCGCCACTCTCAAGGAGGGTGAGGCTGTGTAGCGCTTGGGACGGAGGCCGTACCCAGGTGACTGTGTTGGCGCAGTGCTGTACCGCGTATGCCTACCGCTGCCTCGTGCCAGGCCATGTGGGCCGGTGTGACGGGGCCGGCTGGAGGGGAGTGGAGTGCAGCTCGCGTTGCACGGGCAGAGCAAGGGGCACACGCTGAAACAAAAGAAG
Seq_81_LinJ.27_minus,LinJ.27,,588,561,1175405,,,,,30926,30339,,,minus,TCACTCTGCGTAGTATCTCAGCGCCCAGCACACCGCACGCCGTATGCGGTGTATGCCCAGGCGGCTCCCTCTCCCCCCTCCTATCCCCTGCCAGCGCCGGAGCCCCACTTCTCGTGGTGACAAGGGTCGAGAGTGCCTACGGCGTGGCAGGGGGGGGGGGTCTGTGCGATGCATGGCCACACTGATGTGTCGGCGGTGGGGCCCTGGGTGGCGTTGCGTCGGGGTGGCCCGCGACAGCGAACACGCTTGTGCCGTCCATGTGGTAGGCAGGGTGTCGGCGTGGCTGGAACGCATTGCACCCGGCCCCGACTGCCGTTGCTGGTGCGGGGGGAGGGGGGGGCCTGTGTGCCACCCCTACGAGGATGCACAGCAGGTGGGCGCCGGCGTGACGGGTGCGGGTGTGAGGCGACCTGCAGAGCGCGGCGGTGGTGTGGAGTATGAGGCAGGGGCCGTGCTCGGATGGCTGAGCCGGCGCGTTGCTGTAGGGCGTGTGTGTGCAGGGCTGCTTGGCACCACGCGATGTGCCCGTGACAGGGCCGGGGCGGAATTGAGCTCAATGCACCGTGACAGAGAATGGACCAGCAGGAA
Seq_82_LinJ.27_minus,LinJ.27,,383,564,1175405,,,,,1044018,1043636,,,minus,CACACACCTCCGTGCGTGGCGTCTCACGGTCCCGTACCTCCCCCTCCCCCACTCTGTGGCGAAAGTCAGGCAGCCCCCCACCCCTACCCCTGCCAGTGCCGAGCCGCTTCCGGTGGTGACAGGGTCAGGTGCCTACCCCACAGGGGAGGCCAGCGCGACTCCTGTCCGCAGCCAGGCCCTGGACGGCGTGCTGCTGGAGCGGCCGGCGACTGAAGGCGCTTGTGCCGTCCGCGCGATGGGCCGAGCGTCAGCGCGACTCGCGCGTACGCCACCCGGTGCTCGCTGCCTGCTGGCGGGGAGCCTTTATGCGACCCCGAGGGGGTGCACCCGGTGGCGGCGGGCGGGGCGCGGGTGGTGTGCCGACGTTGAGGCGGAGGCCGCGC
Seq_83_LinJ.27_minus,LinJ.27,,250,250,1175405,,,,,829182,828933,,,minus,CTGGAAGGGCGAGTTTCTCCGCACTCTCCTCCGTACACACAAGCACAGGCATATACGCGTATTGGCGCTCCTGCATGAGGAGACGCGCTCTGTGCCTCTCGGTACGGCGTTGGTGTCAGCGGCAGGGTCGCACACACACTGCCCCTAGAAGTCAGATCGACTGTGACGAATATGCGGACTTGCTCAAGAGGCCTCCATGGAACTCTCGCCTTCTCCCTTCCCTCACCCATCTCACGTGCTCACGCTGGCG
Seq_84_LinJ.27_minus,LinJ.27,,288,435,1175405,,,,,750260,749973,,,minus,ACCACGGCTATGCCAAGCAGCAGGGCCGACCAACACCGCTTGGCGCCGCTCAGCCCACCGCAATGCCACTGCGTACACCGCAGGCTAAGCCCAGAACGACGCTCGACATCACTGCAACGCCGCGAATGCCGAAAAACAGCAGGCGGGTGTGTACACCTGTTGAAATGGTCGACACGATGCGTAGTGAGCCGGCACAAGCGTGATCACCATGGTCACACGTCTCTTCGGCACGGCGCCAGCAACGACCTGTCCGCCGACGTCACGAGTCCGCCAGTCCGTACCCCCGAG
Seq_85_LinJ.27_minus,LinJ.27,,482,586,1175405,,,,,742136,741655,,,minus,ACGTGTCCACTCTCTGCCATGTGACATGAGCGAAGCGGCACTCGGCCCCCGGCCCGACCATGGGCCCCATCCGCGTGGTGCGGAGCAGACGTAGACACGCGCGTTGCAGCAGTGCACCCGACTCAGCCATCTGAGCACGGCCTCTGCCCCAAACCTCTGCCCTCAGCACACGCGTCGCAGGCAGCCGCACAGCCGCTCCCCCACCGTGCCGGTCGCCACCCTTGGTGCATCCCGCCTCGGGGCGGCACGCAGGCTGCCTACCACCAGTGGCCAGTGCGAGGGCCAGATGGGATGCGCTCGAGTCACCATGACGCTCTGCCTAGCACATGGATGGCACAAGCGTGTTCGCTGTCGCAGGTCGCTCCCACGCCACGCCATCCAGGGCCTGGCCGCCGACATCCGTAGCAGTGAGTCGCTCTCACCTCCCTACGTCGCGGGTGCCTGACCCTGTCACCACCAGAAGAGGTTCGGCATTTGGCAGA
Seq_86_LinJ.27_minus,LinJ.27,,801,602,1175405,,,,,656836,656036,,,minus,GTACCAACGTGTGCCGACTCTCTGCCATGTGACCTGAGCGAAGCGGCACTCGGCCCCCGGCCCGACCATGGGCCCCATCCGCGTGGTGCGGAGCAGACGTAGACACGCGCGTTGCAGCAGTGCACCCGACTCAGCCATCTGAGCACGGCCTCTGCCCCAAACCTCTGCCCTCAGCACACGCGTCGCAGGCAGCCGCACAGCCGCTCCCCCACCGTGCCGGTCGCCACCCTTGGTGCATCCCGCCTCGGGGCGGCACGCAGGCTGCCTACCACCAGTGGCCAGTGCGAGGGCCGGATGGGATGCGTTCGAGTCACCATGACGCTCTGCCTAGCACATGGATGGCACAAGCGTGTTCGCTGTCGCAGGTCGCTCCCACGCCACGCCATCCAGGGCCTGGCCGCCGACATCCGTAGCAGTGAGTCGCTCTCACCTCCCTACGTCGCGGGTGCCTGACCCTGTCACCACCAGAAGAGGTTCGGCATTTGGCAGGGGATGGGGAAATGGGGGGATGGAGAGAGAGGGAGGCTGCCTGGCTTCCTCATCAAGGGGGGAGAGCACGGGGAGTACTGGGCACTGGATACCGCGCACTGCGGTGCCCACCCAATCATCCGGGGCGAGCTTTTGCCAGTGAGATGGAAGGAGCGGCAGCGACAAAAAGAGAAGCCCATCCACAACAACCGCCGTAAGGATAATGCCGAATGAAACAGGCGAAACCAAAAAGGAGGAGACGACGCAGCAGAGGTCGTGAGGGGTGTGTGGTGGTGGTAGTGGGGGGTGGGGGTAGGGCGAGGGTGAGGAGAG
Seq_87_LinJ.27_minus,LinJ.27,,802,602,1175405,,,,,664056,663255,,,minus,GTACCAACGTGTGCCGACTCTCTGCATGTGACCTGAGCGAAGCGGCACTCGGCCCCCGGCCCGACCATGGGCCCCATCCGCGTGGTGCGGAGCAGACGTAGACACGCGCGTTGCAGCAGTGCACCCGACTCAGCCATCTGAGCACGGCCTCTGCCCCAAACCTCTGCCCTCAGCACACGCGTCGCAGGCAGCCGCACAGCCGCTCCCCCACCGTGCCGGTCGCCACCCTTGGTGCATCCCGCCTCGGGGCGGCACGCAGGCTGCCTACCACCAGTGGCCAGTGCGAGGGCCGGATGGGATGCGTTCGAGTCACCATGACGCTCTGCCTAGCACATGGATGGCACAAGCGTGTTCGCTGTCGCAGGTCGCTCCCACGCCACGCCATCCAGGGCCTGGCCGCCGACATCCGTAGCAGTGAGTCGCTCTCACCTCCCTACGTCGCGGGTGCCTGACCCTGTCACCACCAGAAGAGGTTCGGCATTTGGCAGGGGATGGGGAAATGGGGGGATGGAGAGAGAGGGAGGCTGCCTGGCTTCCTCATCAAGGGGGGAGAGCACGGGGAGTACTGGGCACTGGATACCGCGCACTGCGGTGCCCACCCAATCATCCGGGGCGAGCTTTTGCCAGTGAGATGGAAGGAGCGGCAGCGACAAAAAGAGAAGCCCATCCACAACAACCGCCGTAAGGATAATGCCGAATGAAACAGGCGAAACCAAAAAGGAGGAGACGACGCAGCAGAGGTCGTGAGGGGTGTGTGGTGGTGGTAGTGGGGGGTGGGGGTAGGGCGAGGGTGAGGAGAGCG
Seq_88_LinJ.27_minus,LinJ.27,,515,524,1175405,,,,,485372,484858,,,minus,GTTTCCGCGTGTGCCCCTTGCTCTGTCCATGCAACGCGAGCTGCACGCCACTCCACTCCCCTCCAGCCGGCCCCGTCACACCGGCCCACATGGCCTGGCGCGAGGCAGCGGTAGGCATAAGCGGTACAGCACTGCGCCGACACAGCCATCTGGGTACGGCCTCCGTCCCAAGCGCTACACAGCCGCACCCTCCTTGAGAGTGGTGCAGGCTCCCTGCACCGCTGGGCAGAGTGAGGGGCCCGGAGGGGGAGGGAGAGGGGGGAGATGTGTTCGAGCCACGCTGGCCGCTCCGATGCCACGCCCTCCACAACCTCACCAGCGACATCAGCAGCGATACATCGCTCTGACCTCCCCTACGTCGTCGGTGCTGGGCCCCGCCACCACCCGAGGTGGCTGGGGCACTTGGCAGGGGTTTAGGGGTTGGGGGGCTGGCTCGCTTCCCCACAGCCACACACACACACACACACACAGAGTGGTGTGTGTGCTGGGCCCTGCGACACGACGCACTGAGGGGT
Seq_89_LinJ.27_minus,LinJ.27,,572,541,1175405,,,,,383765,383194,,,minus,TTTGCCTCAGCGTGTGCCCCTTGCTCTGCCCGTGCAACGCGACCTGCACTCCACTCCACTCCCCTCCAGCCGGCCCCTTCACACCGGCCCACATGGCCTGGCGCGAGGCAGCGGTAGGCATACGCGGTACAGCACTGCGCCAACACAGTCACCTGGGTACGGCCTCCGTCCCAAGCGCTACACAGCCTCACCCTCCTTGAGAGTGGCGCAGGCTCCCTGCACCGCTGGGCAGAGTGAGGGCCCCGGAGGGGGAGGGAGAGGGGGGAGATGTGTTCGAGCCACGCTGGCCGCTCCGGCGCCACGCCCTCCACAACCTCGGCAGCGACATCAGCAGCGATACATCGCTCTGACCTCCCCTACGTCGTCGGTGCTGGGCCCCGCCACCACCCGAGGTGGCTGGGGCACTTGGCAGGGGTTTAGGGGTTGGGGGGCTGGCTCGCTTCCCCACAGCCACACACACACACACACACACACAGAGTGGGGTGCGTGCTGGGCCCTGCGACACGACGCACTGAGGGGTGCACCCTCCACCCCCCTCGTCGTCCGGGAGTGCAAAATGCAAGCAAACAAAA
Seq_92_LinJ.27_minus,LinJ.27,,617,618,1175405,,,,,18511,17895,,,minus,TTTTTATTATTTAGCATGTCCATTCTCTGTCACGGTGCATCGGAGCTTAGCTGCACTCCACGCTATGCCGGGCCCTGTCACGGGCACATCGCGTGGTGCCAAGCAGCCCTGCACACACACGCCCTACAGCAACGCGCCGGCTCAGCCATCCGAGCACGGCCCCTGCCTCATACTCCACACCACCGCCGCGCTCTGCAGGTCGCCTCACACCCGCACCCGTCACGCCGGCGCCCACCTGCTGTGCATCCCCGTAGGGGTGGCACACAGGCCCCCCCCTCCCCCCGCACCAGCAACGGCAGTCGGGGCCGGGTGCAATGCGTTCCAGCCACGCCGACACCCTGCCTACCACATGGACGGCACAAGCGTGTTCGCTGTCGCGGGCCACCCCGACGCAACGCCACCCAGGGCCCCACCGCCGACACATCAGTGTGGCCATGCATCGCACAGACCCCCCCTGCCACGTCGTAGGCACTCTCGACCCTTGTCACCACGAGAAGTGGGGCTCCGGCGCTGGCAGGGGATAGGAGGGGGGAGAGGGAGCCGTCTGAGCATACACCGCATACGGCGTGCGGTGTGCTGGGCGCTGAGATACTACGCAGAGTGAGAGGTGTCCCTCT
Seq_93_LinJ.27_minus,LinJ.27,,619,614,1175405,,,,,131141,130523,,,minus,TGCCCTGCTGACCAGAGGGACACCCCTCACTCTGCGTGGTACCTCAGCGCCCAGCACACCGCACACCGTATGCGGTGTATGCTCAGGCAGCTCCCTCTCTCCCCCGCCCCCTCCTATCCCCTGCCAGCGCCGGAGCCCCACTTCTCGTGGTGACAAGGGCCGAGAGTGCCTACGACGTGGCAAGGGGGGGGTCTGTGCGATGCATGGCCACACTGATGTGTCGGCGGTGGGGCCCTGGGTGGCGTTGCGTCGGGGTGGCCCGCGACAGCGAACACGCTTGTGCCGTCCATGTGGTAGGCAGGGTGTCGGCGTGGCTGGAACGCATTGCACCCGGCCCCGACTGCCGTTGCTGGTGCGGGGGGAGGGGGCCTGTGTGCCACCCCTACGGGGATGCACAGCAGGTGGGCGCCGGCGTGACGGGTGCGGGTGTGAGGCGACCTGCAGAGCGCGGCGGTGGTGTGGAGTATGAGGCAGGGGCCGTGCTCGGATGGCTGAGCCGGCGCGTTGCTGTAGGGCGTGTGTGTGCAGGGCTGCTTGGCACCACGCGATGTGCCCGTGACAGGGCCCGGCATAGCGTGGAGTGCAGCTAAGCTCCGATGCACCGTGACAGAGAATGGAC
Seq_94_LinJ.27_minus,LinJ.27,,761,723,1175405,,,,,60669,59909,,,minus,TGCGTGGTACCTCAGCGCCCAGCACACCGCACGCCGTATGCGGTGTATGCTCAGACGGCTCCCTCTCCCCCCCCTCTCCTATCCCCTGCCAGCGCCGGAGCCCCACTTCTCGTGGTGACAAGGGCCGAGAGTGCCTACGACGTGGCAAGGGGGGGGTCTGTGCGATGCATGGCCACACTGATGTGTCGGCGGTGGGGCCCTGGGTGGCGTTGCGTCGGGGTGGCCCGCGACAGCGAACACGCTTGTGCCGTCCATGTGGTAGGCAGGGTGTCGGCGTGGCTGGAACGCATTGCACCCGGCCCCGACTGCCGTTGCTGGTGCGGGGGGAGGGGGCCTGTGTGCCACCCCTACGGGGATGCACAGCAGGTGGGCGCCGGCGTGACGGGTGCGGGTGTGCGGCGACCTGCAGAGCGCGGCGGTGGTGTGGAGTATGAGGCAGGGGCCGTGCTCGGATGGCTGAGCCGGCGCGTTGCTGTAGGGCGTGTGTGTGCAGGGCTGCTTGGCACCACGCGATGTGCCCGTGACAGGGCCCGGCATAGCGTGGAGTGCAGCTAAGCTCCGATGCACCATGGCAGAAAAGACGGGTATACAAATCGCATTAGAGGGTACAGCAACATTGATGCTGCAGGGTAGTGGGCACAGAAACATGTGCTGGCGTGCAGGCGCGTTGGTGTTCTGTTGCACGCGGCACCGGCCGTAGTAGCAGAGAGTTCGCTGCTTTGTTATCTTTTTGGGTGTAAACGGGCTTCTCTCAACATCCT
Seq_95_LinJ.27_minus,LinJ.27,,477,630,1175405,,,,,301298,300822,,,minus,TTCACAACGGTCATCGACAAGCCGAAATGAGAGGGGCGCGCGGCCGCTGTGCATGATGGAGGCGCGTACGTGCGGCGCTCCGAGGGGTGTAGATGCCTGCACGCCGGCGTGAGAGCTGCGGAGACGATACTTTGACGGACCGCATTCGTGCGGGCAGACCCCCCTGCGCTCGGCAGGCCGAGCCGTGGATGCTTTCATGACCGCTGCAGCGTGTGGGCCGATGCGGCGCCGTGATGTAGGGGGTCCAGCGTGCCGGCGTAGGGTCGGCAAACGCCGCGGCTGCCTTTGTGCCTTGCTGGCGCGGCACTGGCTTGTTGGGGGTGGGGGGGTGGGGAAGCCCAGGGGGCCTACAGCGGAGCGGGGTGAGGACGGAGGCCGTACGGGTGCGGTTGGAGCCTGTCTTACAGAAGGATCGCGCAGTCGTCGCGAGGCGATTCGCTGGAGGGACTTTGGCGCCGGGCGCTGGTCGACGTCACA
Seq_96_LinJ.27_minus,LinJ.27,,218,992,1175405,,,,,65403,65186,,,minus,GCCCACCTTGAGTAGGGGTAGGGCTCGACGCCACAAGTGATAACTGGAGCCCAAACATGTTCCTTCCAAAAAGCGATATGGAAACTGTACCGCTACGTGGTTGCCAAATCGATCCGCAAACACCGTACCCTTCACAGCGATACAGAAGCAAACACGCGCGCACTTCAGAGGGCTGCGCTGACCCTGACCAACACGACAAGCTGAAAGGGCACCAGAGA
Seq_97_LinJ.27_plus,LinJ.27,,424,425,1175405,,,,,944341,944764,,,plus,GCGCGGCCTCCGCCTCAACGTCGGCACGCCACCCGCGCCCCGCAGGCCGCCACCGGGTGCACCCCCTCGGGGTCGCATAAAGGCTCCCCGCCAGCAGGCAGCGAGCACCGGGTGGCGTGCGCGCGAGTCGCGCTGACGCTCGGCCCATCGCGCGGACGGCACAAGCGCCTTCACAGTCGCCGGCCGCTCCAGCAACACGCCGTCCAGGGCCTGACTGCGGACAGGAGTCGCGCTGGCCTCCCCTGTGGGGTAGGCACCTGACCCTGTCACCACCGGAAGCGGCTCGGCACTGGCAGGGGTAGGGGTGGGGGGCTGCCTGACTTTCGCCACAGAGTGGGGGAGGGGGAGGTACGGGACCGTGAGACGCCACGCACGGAGGTGTCTGGCATCACCAGGGACGCTATCCAGGATTACGAAGAAAACA
Seq_100_LinJ.27_plus,LinJ.27,,599,968,1175405,,,,,301354,301952,,,plus,CGACGCCAACTGAACATGTTACGGACGTGGCCACCGGTTTCCGATGCCACGCCGACGTCTCGCGAGAACCGCGCTGCACGATGCGGCACGCTGGCACACGGGGGCTCCTTGACGGCAGCGGTTCCACACCAGAAGAACGAGGACGCTGAGCTCACCAGACGGCCGGAGACCGTGCTCGCCCAGCTCCGCACGGGCGCCTGTCCGCACTTCGGATTCCGCCAACGGTGGGTGGCTGGCAGTGACAGCATGGAGCTCACATGGTGTGGTGCCTTCTACTCCGCTAGAATTGCGGTACCTCCGCCCCTGCCAGGGCCCTCTTCCTCGCCCTCGAGCGGGTCCGCGGACACGGGTCGCGAGGATCAAGACATGCAGCCCACCCGAGCCCGTCTGTCGCCGGTCGTGCAGCACGCGTCCGAAGAAGGGACGAGAAAGCACAGTAGCGAGCCCGTTCGACGCGCAGCCCTTGATTGGACGGCAGGACGCTTCGTCCTACACGACGGAGGTTGAGCCGTGGCGCAGCAGGGGTAGGTGAGCTGTGGCTGCACGCGCATATCAGTCGACTTGCTCGTGGGCGAATCGCCACGCGTTGAGAACGAGAA
Seq_102_LinJ.27_minus,LinJ.27,,250,544,1175405,,,,,824313,824064,,,minus,CTGGAAGGGCGAGTTTCTCCGCACTCTCCTCCGTACACACAAGCACAGGCATATACGCGTATTGGCGCTCCTGCATGAGGAGACGCGCTCTGTGCCTCTCGGTACGGCGTTGGTGTCAGCGGCAGGGTCGCACACACACTGCCCCTAGAAGTCAGATCGACTGTGACGAATATGCGGACTTGCTCAAGAGGCCTCCATGGAACTCTCGCCCTCTCCCTTCCCTCACCCATCTCACGTGCTCACGCTGGCG
Seq_103_LinJ.27_minus,LinJ.27,,728,462,1175405,,,,,740880,740153,,,minus,TCCACTGTGCCCATTATATGCCACCCGCGAGCAAGTCAGCAAACATACGCACGCACAGCCACGGCTCCACCTTGCCTCTGCTGCACCACGGCAGCACACTCTGGTCGCCAAGGACGCACTGCCTGCCGTGGGCATCGGGGTCATGCGTCGTACCGGCTCTCCTTGCCATTCCTCGTCCCTTCCTCTGCTACGTGCTGCGCGATGGGCGCCACACAGGCCTGGGTGGCATGCATGCCTGGATCCAATGCGGGCCGTGCCCAGAGTCATGCTCGAGGGCGGAAGCAGTGGCGGCGTCTGCCTTGCGGGCGGTAGAGGGGTGGCCCAGGCGCACGCCGGATGAGCTCAGGAAGGGGGTTGGCCACCTTCAGGTCAGAACCCTCCGAGACCCTGCGCACTCTGCCTGTGTGCCCCATGCGTTGCCCTCTCAGCTGCTTCCAGTCGCGACATCCTGCAATGCGGTGTGGGGGCTCGCAACATGGGAACATGGAGGGCTCGGTGGTGAGCGTCGGGGTGCTCTCTCCATGCTTCCCGCATCTGTGCCTCATCGGTGCAGACGCGGTCGGACGTGGGGGACGCCGCATATCTCGCACGCATGCGCTTCTGGGTTGATTCGTATGGCCCTCTTCGCGCCTCCTTTCGTCAGCCACTCTCGCCCTTCCGATGTCTGGATGCCTTTGTCTGGATGGCACACACATCACGCCAGCTGTGCTTCACAGCACCGGCGCACA
Seq_104_LinJ.27_minus,LinJ.27,,119,768,1175405,,,,,740221,740103,,,minus,GATGTCTGGATGCCTTTGTCTGGATGGCACACACATCACGCCAGCTGTGCTTCACAGCACCGGCGCACAAAGAGCTCACAGCCTGCCGTTCTGCAAGGGGCACAGTGGGTGTGAGGTGA
Seq_105_LinJ.27_minus,LinJ.27,,728,462,1175405,,,,,714472,713745,,,minus,TCCACTGTGCCCATTATATGCCACCCGCGAGCAAGTCAGCAAACATACGCACGCACAGCCACGGCTCCACCTTGCCTCTGCTGCACCACGGCAGCACACTCTGGTCGCCAAGGACGCACTGCCTGCCGTGGGCATCGGGGTCATGCGTCGTACCGGCTCTCCTTGCCATTCCTCGTCCCTTCCTCTGCTACGTGCTGCGCGATGGGCGCCACACAGGCCTGGGTGGCATGCATGCCTGGATCCAATGCGGGCCGTGCCCAGAGTCATGCTCGAGGGCGGAAGCAGTGGCGGCGTCTGCCTTGCGGGCGGTAGAGGGGTGGCCCAGGCGCACGCCGGATGAGCTCAGGAAGGGGGTTGGCCACCTTCAGGTCAGAACCCTCCGAGACCCTGCGCACTCTGCCTGTGTGCCCCATGCGTTGCCCTCTCAGCTGCTTCCAGTCGCGACATCCTGCAATGCGGTGTGGGGGCTCGCAACATGGGAACATGGAGGGCTCGGTGGTGAGCGTCGGGGTGCTCTCTCCATGCTTCCCGCATCTGTGCCTCATCGGTGCAGACGCGGTCGGACGTGGGGGACGCCGCATATCTCGCACGCATGCGCTTCTGGGTTGATTCGTATGGCCCTCTTCGCGCCTCCTTTCGTCAGCCACTCTCGCCCTTCCGATGTCTGGATGCCTTTGTCTGGATGGCACACACATCACGCCAGCTGTGCTTCACAGCACCGGCGCACA
Seq_106_LinJ.27_minus,LinJ.27,,217,948,1175405,,,,,65403,65187,,,minus,GCCCACCTTGAGTAGGGGTAGGGCTCGACGCCACAAGTGATAACTGGAGCCCAAACATGTTCCTTCCAAAAAGCGATATGGAAACTGTACCGCTACGTGGTTGCCAAATCGATCCGCAAACACCGTACCCTTCACAGCGATACAGAAGCAAACACGCGCGCACTTCAGAGGGCTGCGCTGACCCTGACCAACACGACAAGCTGAAAGGGCACCAGAG
Seq_107_LinJ.27_minus,LinJ.27,,351,551,1175405,,,,,589757,589407,,,minus,CTCCCAAGGTGCCGCTCGCCACCTAGTGCCTCCCTCCCGCGGCGGCGCAGGCTCCCCACAAGTGGGAAGTGAGGGCCGGATAGGATACGTCCGAGTCACACCCGCACTTCGCCTATTGTATGATACAATCGTATTCACGGTCGCAGGCTACTCCAACGTAACGCCATCTAGGGCTTGACGGCCGGCATCAGTAGCGATACGACGCTCTGACTCCCCGCACGCCGTAGATGCTTGAACCCTGTCACCACTAGAAGTGGTTCGGCATTGGCAGGGGGATAGGGTGGGGGCTGCTTGGCTTCCCCGCACAGAGTAGGGGTACTGGACCTTGTGATGCGACTCTGGGGGGTCCCC
Seq_108_LinJ.27_minus,LinJ.27,,425,1000,1175405,,,,,559001,558577,,,minus,GCCGGCCACCTCTCACCCCTGCCATCAGCGCCTGGCAACTCACCCTGTGTGGGGCAGGCCAAGCAGCCTGCAGCCTGCCCTCGAGTGCGGTTGCGGACTCTCGGTGCGGGCGGACAGGTCTGGGCTGGCGCTGCGCCGAAGAGGCGTTATGGCCGTGACCACGTTTGCACCAGCTCAGTGCGAGCTGTGCCGATGATTGAACAAACATACACACCCACTTCCTGTTTTTCTGCTTTAGCTGCGTTGCGGTAGTGCTGAGCATTGGTCTGGGCCTAGCCTGCGCTGTAGGCAGTGGAGTTGCCGTGGGCTGGACGACGCCGAGCGGCATTGCTTGGTGTGGCTTCTTGACATGGCTGTGGTGCAACGGAGGCAGATGAGGGGCGGCCGTATGCGCATCTTCGCTGACTCGGTTTGATGCTGCCCTG
Seq_109_LinJ.27_minus,LinJ.27,,556,571,1175405,,,,,509634,509079,,,minus,CTTCTGCTCCCCCCTTCCTCCTCCTCTAGGACGGAGGGGGTGGGGGGTGGGTGGGCACCCCTCAGTGCGTCGTGTCGCAGGGCCCAGCACACACACCACTCTGTGTGTGCGTGTGTGGCTGTGGGGAAGCGAGCCAGCCCCCCAACCCCTAAACCCCTGCCAAGTGCCCCAGCCACCTCGGGTGGTGGCGGGGCCCAGCACCGACGACGTAGGGGAGGTCAGAGCGATGTATCGCTGCTGATGTCGCTGGTGAGGTTGTGGAGGGCGTGGCGTCGGAGCGGCCAGCGTGGCTCGAACACATCTCCCCCCTCTCCCTCCCCCTCCGGGGCCCTCACTCTGCCCAGCGGTGCAGGGAGCCTGCGCCACTCTCAAGGAGGGTGCGGCTGTGTAGCGCTTGGGACGGAGGCCGTACCCAGGTGACTGTGTCGGCGCAGTGCTGTACCGCGTATGCCTACCGCTGCCTCGCGCCAGGCCATGTGGGCCGCTGTGACGGGGCCGGCTGGAGGGGAGTGGAGTGGCGTGCAGCTCGCGTTGCACGGGCAGAGCAAGGGGCACC
Seq_110_LinJ.27_minus,LinJ.27,,560,615,1175405,,,,,42834,42275,,,minus,CCTGCTGACAAGAGCGACACCTCTCACTCTGCGTGGTACCTCAGCGCCCAGCACACCGCACGCCGTATGCGGTGTATGCTCAGACGGCTCCCTCTCCCCCCCCCTCTCCTATCCCCTGCCAGCGCCGGAGCCCCACTTCTCGTGGTGACAAGGGTCGAGAGTGCCTACGGCGTGGCAGGGGGGGTCTGTGCGATGCATGGCCACACTGATGTGTCGGCGGTGGGGCCCTGGGTGGCGTTGCGTCGGGGTGGCCCGCGACAGCGAACACGCTTGTGCCGTCCATGTGGTAGGCAGGGTGTCGGCGTGGCTGGAACGCATTGCACCCGGCCCCGACTGCCGTTGCTGGTGCGGGGGGAGGGGGGGGGGCCTGTGTGCCACCCCTACGGGGATGCACAGCAGGTGGGCGCCGACGTGACGGGTGCGGGTGTGAGGCGACCTGCAGAGCGCGGCGGTGGTGTGGAGTATGAGGCGGGGGCCGTGCTCGGATGGCTGAGCCGGCGCGTTGCTGTAGGGCGTGTGTGTGCAGGGCTGCTTGGCACCACGCGATGTGCCCGTGACAG
Seq_111_LinJ.27_minus,LinJ.27,,444,206,1175405,,,,,320200,319757,,,minus,CCAATCAAGGGCTGCGCGTCGAACGGGCTCGCTACTGTGCTTTCTCGTCCCTTCTTCGGACGCGTGCTGCACGACCGGCGACAGACGGGCTCGGGTGGGCTGCATGTCTTGATCCTCGCGACCCGTGTCCGCGGACCCGCTCGAGGGCGAGGACGAGGGCCCTGGCAGGGGCGGAGGTACCGCAATTCTAGCGGAGTAGAAGGCACCACACCATGTGAGCTCCATGCTGTCACTGCCGGCCACCCACCGTTGGCGGAATCCGAAGTGCGGACAGGCGCCCGTGCGGAGCTGGGCGAGCACGGTCTCCGGCCGTCTGGTGAGCTCAGCGTCCTCGTTCTTCTGGTGTGGAACCGCTGCCGTCAAGGAGCCCCCGTGTGCCAGCGTGTCGCATCGTGCAGCGCGGTTCTCGCGAGACGTCGGCGTGGCATCGGAAACCGGTGGCCA
Seq_113_LinJ.27_minus,LinJ.27,,478,405,1175405,,,,,301298,300821,,,minus,TTCACAACGGTCATCGACAAGCCGAAATGAGAGGGGCGCGCGGCCGCTGTGCATGATGGAGGCGCGTACGTGCGGCGCTCCGAGGGGTGTAGATGCCTGCACGCCGGCGTGAGAGCTGCGGAGACGATACTTTGACGGACCGCATTCGTGCGGGCAGACCCCCCTGCGCTCGGCAGGCCGAGCCGTGGATGCTTTCATGACCGCTGCAGCGTGTGGGCCGATGCGGCGCCGTGATGTAGGGGGTCCAGCGTGCCGGCGTAGGGTCGGCAAACGCCGCGGCTGCCTTTGTGCCTTGCTGGCGCGGCACTGGCTTGTTGGGGGTGGGGGGGTGGGGAAGCCCAGGGGGCCTACAGCGGAGCGGGGTGAGGACGGAGGCCGTACGGGTGCGGTTGGAGCCTGTCTTACAGAAGGATCGCGCAGTCGTCGCGAGGCGATTCGCTGGAGGGACTTTGGCGCCGGGCGCTGGTCGACGTCACAG
Seq_114_LinJ.27_minus,LinJ.27,,116,380,1175405,,,,,300413,300298,,,minus,GCGTGTGGGCTGCGTGCGACATTGCGCGGTGTCTGATGGAGAGCCTCCCGTGCCGCGAGGTGACTTTTCAGTGTGCAGCCCGACGTGGTGTGTATGCGCCTAGCAGGGAGCAGCGC
Seq_116_LinJ.27_minus,LinJ.27,,619,617,1175405,,,,,137882,137264,,,minus,TTTTTGTTTTCATGCTGTCCATTCTCTGTCACGGTGCATCGGAGCTTAGCTGCACTCCACGCTATGCCGGGCCCTGTCACGGGCACATCGCGTGGTGCCAAGCAGCCCTGCACACACACGCCCTACAGCAACGCGCCGGCTCAGCCATCCGAGCACGGCCCCTGCCTCATACTCCACACCACCGCCGCGCTCTGCAGGTCGCCTCACACCCGCACCCGTCACGCCGGCGCCCACCTGCTGTGCATCCCCGTAGGGGTGGCACACAGGCCCCCTCCCCCCGCACCAGAAACGGCAGTCGGGGCCGGGTGCAATGCGTTCCAGCCACGCCGACACCCTGCCTACCACATGGACGGCACAAGCGTGTTCGCTGTCGCGGGCCACCCCGACGCAACGCCACCCAGGGCCCCACCGCCGACACATCAGTGTGGCTATGCATCGCACAGACTCCCCCCCTGCCACGTCGTAGGCACTCTCGGCCCTTGTCGCCACGAGAAGTGGGGCTCCGGCGCTGGCAGGGGATAGGAGGGGGGGGAAGAGGGAGCCGCCTGGGCATACACCGCATACGGTGTGGGGTGTGCTGGGCGCTGAGGTACCACGCAGAGTGAGGGGTGCCCCTCTC
